experiment_id,gene,missing_all,missing_labelled,missing_interior,missing_boundary,largest_connected_gap,slab_score,intensity_score
74658173,Ndufa10,0.395365,0.0571642,0.0513854,0.0936665,1081,1,0.136135
71247618,Grik2,0.38602,0.0789244,0.0687346,0.143289,2383,1,0.317041
74511936,Dmp1,0.393006,0.0396925,0.0344225,0.0729808,1145,0.279532,0.0677991
571,Hnrnpdl,0.436897,0.0456011,0.0315892,0.134108,1100,0.186103,0.167899
2719,Wdr31,0.408264,0.055687,0.040549,0.151307,1605,0.181038,0.229893
79591731,Lhx1,0.472804,0.232802,0.238014,0.199884,2740,1,0.251398
2444,Nudt9,0.35728,0.0268746,0.021084,0.0634515,882,1,0.348216
75079789,Hmgcr,0.454025,0.150511,0.146171,0.17792,1306,1,0.323366
74882764,Ptcd1,0.384124,0.0783208,0.0721382,0.117374,1409,0.976986,0.186349
74581380,Etfa,0.330844,0.0368176,0.0318284,0.0683324,882,0.87772,0.359936
77866850,Hspb8,0.420741,0.142315,0.139272,0.161534,1409,1,0.0655662
75043143,Arl3,0.392152,0.0554647,0.0476322,0.104939,1890,0.783019,0.224247
71064267,Synj2,0.425191,0.0530027,0.0453141,0.101569,1413,1,0.180002
764,Pax6,0.409004,0.0588002,0.0377341,0.191865,1245,0.111303,0.110216
324214,Ccdc136,0.472735,0.177687,0.167734,0.240558,6785,0.651292,0.150789
1960,Tmem218,0.472741,0.109611,0.0940501,0.207902,1009,0.436721,0.317663
77887882,Tdrd3,0.432516,0.134659,0.129834,0.165137,1880,1,0.252968
2717,Dcaf4,0.439752,0.0460617,0.0285904,0.156421,882,0.0518304,0.333828
972,Slc25a3,0.342323,0.0379294,0.0316996,0.0772807,1708,0.0536888,0.0871251
74047400,Zdbf2,0.420465,0.0727458,0.0675387,0.105636,2277,0.852809,0.149586
238,Cdh6,0.441152,0.0510173,0.0404754,0.117606,2120,0.0721187,0.326071
74988756,LOC381742,0.402521,0.0842771,0.0768297,0.131319,1658,0.586044,0.157017
71016692,Rap2a,0.439319,0.0842612,0.0769585,0.130389,2110,0.997776,0.190149
74641159,Gca,0.429083,0.0833082,0.0757994,0.130738,1435,0.759803,0.0851994
71920510,Stk32a,0.353558,0.0188218,0.0128601,0.0564788,626,0.0827618,0.0829709
73635771,Rgs2,0.419084,0.124192,0.112154,0.200232,3191,0.930636,0.157117
74047899,Hspa12a,0.405012,0.0459188,0.0371822,0.101104,1890,0.0873959,0.265251
70744324,Atp11b,0.392095,0.0277959,0.021268,0.0690296,1145,0.0450387,0.199446
74881937,Arap2,0.361027,0.0524309,0.0464547,0.0901801,1658,0.700761,0.200077
75077243,Gprin1,0.354751,0.0325609,0.026217,0.0726322,1425,0.0534292,0.321009
1233,N6amt1,0.452826,0.0456805,0.0287191,0.152818,1265,0.140744,0.288143
74819671,Prcp,0.359081,0.0473959,0.0427015,0.0770482,1409,0.534149,0.123715
74958587,Sned1,0.389798,0.119999,0.118483,0.129576,5030,0.673732,0.485585
74357578,Igsf21,0.359339,0.0319891,0.0259227,0.070308,1409,0.0537114,0.362641
247974,Zscan22,0.444171,0.137391,0.125014,0.215572,2004,0.664016,0.172058
72283811,Fst,0.308292,0.0312108,0.0259227,0.0646136,1409,0.0537114,0.131356
79556634,Ctgf,0.431028,0.115599,0.103175,0.194073,1617,0.969409,0.210826
74819253,LOC434368,0.398535,0.130307,0.126706,0.153051,1409,1,0.407933
2613,Slc35b2,0.429942,0.0487619,0.0330059,0.148286,1038,0.059408,0.238451
72008123,Cgnl1,0.416887,0.0795279,0.0727637,0.122255,2318,0.858201,0.143928
675,ND3,0.407322,0.0327038,0.0188395,0.120279,626,0.0586534,0.106271
1276,Rnf11,0.451282,0.0395178,0.0237701,0.138989,1145,0.0882957,0.119027
74272038,Draxin,0.404498,0.156229,0.153218,0.175247,1658,0.444776,0.375795
73635775,Kcnq4,0.468266,0.242142,0.244251,0.22882,7691,1,0.059682
2563,Sfrp1,0.349629,0.0564653,0.0426464,0.143754,1409,0.0543993,0.362614
1766,Ldlr,0.374729,0.0491907,0.0373846,0.123765,1164,0.696314,0.0710386
74641315,Atp6v1a,0.320462,0.0360076,0.0305037,0.0707728,1658,0.0498643,0.117596
79568020,Zbtb20,0.345625,0.0818787,0.0692129,0.161883,1409,0.678624,0.140284
72079959,Efnb2,0.392905,0.0277959,0.0212128,0.0693783,1145,0.0450387,0.454871
70805896,Lrrtm1,0.422762,0.0923935,0.088034,0.11993,3331,0.782417,0.168766
75084134,Serpina1e,0.382825,0.0591973,0.0545682,0.088437,1658,1,0.107902
71836891,Asb11,0.34838,0.0425356,0.0366118,0.0799535,1658,0.1304,0.194195
73521804,Pvrl3,0.387959,0.0935053,0.0875741,0.13097,1462,0.467023,0.294543
71670708,Unc5c,0.379474,0.0679807,0.0597748,0.119814,2078,0.490322,0.239216
73931633,Dusp5,0.39507,0.123509,0.109541,0.211737,1658,0.638248,0.356393
70612725,Tspan15,0.376787,0.0588796,0.051183,0.107496,2110,0.269293,0.456301
72340129,Cmklr1,0.375118,0.0603885,0.0551017,0.0937827,1340,1,0.087288
1049,Tff1,0.379662,0.0354516,0.0246348,0.103777,1173,0.11028,0.15139
655120,Arf3,0.391167,0.0590067,0.0487545,0.123765,1145,0.621724,0.216166
77332102,B4gat1,0.495042,0.241109,0.243349,0.226961,5395,1,0.16824
75081393,Col6a3,0.408923,0.141028,0.13631,0.170831,5517,0.487821,0.237309
75080643,Dscaml1,0.36554,0.0828317,0.0732789,0.143173,2565,1,0.251141
2075,Sdccag3,0.433256,0.0448228,0.0298046,0.139686,1145,0.0847799,0.354087
67855413,Gosr2,0.433256,0.119618,0.108253,0.1914,1615,0.87702,0.278584
616,Kitl,0.519507,0.251179,0.24013,0.320976,6942,0.452124,0.217307
77869842,Tgfb2,0.46221,0.271621,0.273945,0.256944,4572,1,0.0776046
1494,Etv3,0.593349,0.266316,0.244159,0.406275,4272,0.57349,0.458612
1643,1700086L19Rik,0.470545,0.111692,0.096589,0.207089,1157,0.936202,0.105424
293038,Ola1,0.438773,0.0840071,0.0741988,0.145962,1890,1,0.232536
321208,Fbln2,0.437976,0.12146,0.112614,0.177339,2383,0.497252,0.282385
74882784,Ptprr,0.361234,0.0715863,0.06695,0.100872,1316,1,0.166874
77332748,Svil,0.416919,0.136676,0.129117,0.184428,3398,0.995074,0.0817323
74743282,Psmd11,0.367121,0.0239997,0.0172388,0.0667054,882,0.063646,0.286065
74583119,Prkar2b,0.397575,0.0291142,0.0215072,0.0771644,1145,0.0444395,0.328173
67850952,Kcnk1,0.432415,0.0974603,0.0944365,0.11656,4120,0.807198,0.258959
74511791,Col15a1,0.404975,0.0903445,0.0849983,0.124114,2344,0.974409,0.146572
72129249,Ccdc109b,0.367172,0.0443463,0.036575,0.093434,1658,1,0.0728608
1878,Fam60a,0.447962,0.185343,0.155904,0.371296,6913,0.248608,0.140445
74988735,Sf3b2,0.353069,0.0494131,0.0424072,0.0936665,1658,1,0.249075
74581370,Ubash3b,0.358309,0.0444257,0.031902,0.123533,1323,0.0531469,0.345957
73817421,Matn2,0.447479,0.107038,0.0996799,0.153515,3749,0.864744,0.147498
789,Pelo,0.456718,0.0629775,0.0443206,0.180825,1924,0.047694,0.142816
70613967,Enpp2,0.387878,0.0244127,0.0169077,0.0718187,882,0.0438596,0.126623
71670719,Rasal2,0.358736,0.0492066,0.0429775,0.0885532,1409,0.978131,0.28348
71670733,Tas2r144,0.353627,0.0678854,0.0621481,0.104126,2110,1,0.128543
74272040,Hist1h1b,0.42521,0.12416,0.121077,0.143637,1658,1,0.407279
73732150,Fam81a,0.369149,0.0612144,0.0498951,0.132714,1409,0.754301,0.159741
77280557,Gm13889,0.362031,0.0515415,0.0449829,0.0929692,1409,1,0.0579899
70744516,Stk32c,0.408075,0.0342604,0.0263274,0.0843696,1409,0.0537114,0.183593
73769289,Enpep,0.392685,0.0848489,0.0777128,0.129924,1309,0.96173,0.0819596
71670696,Slc2a6,0.390351,0.0765736,0.0695441,0.120976,1890,1,0.349911
75145997,Isyna1,0.373323,0.0647882,0.0601428,0.0941313,1340,1,0.20887
77869146,Pdxdc1,0.362276,0.0848012,0.0743276,0.150959,1224,0.684993,0.204307
393,Entpd1,0.477832,0.108849,0.0919895,0.21534,3060,0.188635,0.264501
74958566,Mon1b,0.424833,0.170412,0.16674,0.193608,1361,1,0.461866
73718056,Dnttip1,0.319653,0.0407726,0.034772,0.0786752,1890,0.0483564,0.232329
71670479,Grid2ip,0.424137,0.0825458,0.0768665,0.11842,1686,1,0.105474
73817985,Ssx2ip,0.406418,0.04657,0.0402178,0.0866938,1409,1,0.186619
71924089,Asic4,0.388348,0.0739688,0.0678515,0.112609,1658,1,0.43442
80517357,Cks2,0.349736,0.0937435,0.0836369,0.157583,1657,0.640211,0.0244303
73994671,Ids,0.383415,0.0675678,0.052526,0.16258,2110,0.922293,0.243312
77869780,Cdh15,0.430727,0.224797,0.220536,0.251714,2754,1,0.309584
73992943,Ablim3,0.369833,0.0358487,0.0292895,0.0772807,1409,0.408759,0.447987
1862,Synpr,0.536366,0.218301,0.207363,0.287391,2330,0.684282,0.163839
73929868,Snx25,0.40586,0.139805,0.136421,0.161185,3924,1,0.21927
73521828,4833414E09Rik,0.325214,0.0345145,0.0296574,0.0651947,957,1,0.228953
635,Lhx6,0.407805,0.033768,0.0198145,0.121906,626,0.0511108,0.131858
74749944,Prss39,0.388116,0.0787655,0.0732421,0.113655,1272,1,0.267538
77371813,Whrn,0.440349,0.143093,0.135059,0.193841,1890,1,0.277808
112648612,Ap2b1,0.321699,0.0679966,0.065423,0.0842533,1250,1,0.191702
772,Pcp4,0.479024,0.102066,0.0803437,0.239279,2716,0.0927463,0.189314
75084453,Neto2,0.329093,0.0407884,0.0351216,0.0765834,1890,0.0515351,0.222682
654924,Rap1gds1,0.388625,0.0604044,0.0542738,0.0991284,1787,0.436702,0.255426
2101,Cmtm4,0.365364,0.0491907,0.0358023,0.133759,1633,0.118562,0.101968
73992931,Cntnap1,0.38489,0.062914,0.0582478,0.0923881,1533,0.820896,0.325061
110,Arf3,0.390282,0.041392,0.0286088,0.122138,1145,0.0511108,0.16757
77332746,Sdk2,0.382888,0.0778761,0.0676491,0.142475,1409,0.769634,0.123618
73997153,Tspan12,0.377697,0.0689655,0.0674467,0.078559,2741,0.99635,0.0896492
74272920,Igfbp3,0.353326,0.0711574,0.0662509,0.10215,1890,0.8089,0.0746179
73636009,Kctd16,0.367492,0.0425992,0.0368142,0.07914,1083,0.344766,0.171733
72472785,Dcc,0.394644,0.073254,0.0681643,0.105404,1176,0.994924,0.34426
74272042,Cdhr3,0.397274,0.0771931,0.0705928,0.118884,1409,1,0.13095
1029,Syt5,0.443142,0.0708556,0.0543474,0.175131,1409,0.748137,0.238434
70560340,Cacnb3,0.34538,0.032815,0.0259595,0.0761185,1409,0.0537114,0.390873
71836833,Ina,0.41948,0.146746,0.14148,0.180012,4434,1,0.165897
73817442,Arl4d,0.374277,0.0399784,0.0349008,0.0720511,1145,0.380952,0.358749
2347,Kdr,0.526694,0.1683,0.146355,0.306915,5716,0.185337,0.212637
255,Chd2,0.454515,0.0679807,0.0498583,0.182452,1890,0.0567529,0.185367
1044,Tcf4,0.450153,0.0581648,0.0430143,0.153864,1409,0.0546046,0.215456
200,Cck,0.419097,0.0210296,0.0117011,0.0799535,626,0.0347568,0.111716
2353,Kif5b,0.398748,0.0885656,0.0724142,0.190587,2272,0.141137,0.204359
1367,Krtap12-1,0.477562,0.0604203,0.0425728,0.173155,990,0.175414,0.146136
71016664,Ptgs2,0.436746,0.0707445,0.0560768,0.163393,1658,0.995556,0.278317
75651227,Cysltr1,0.416586,0.13639,0.135629,0.141197,2740,1,0.133128
544899,Atxn10,0.38167,0.0520021,0.0449461,0.0965718,1553,0.732216,0.131638
71670725,Gm196,0.350445,0.0212678,0.0163005,0.0526438,882,0.0427096,0.282801
73907499,Grin3a,0.36763,0.0610397,0.056684,0.0885532,1195,1,0.118267
1468,AI606473,0.408502,0.0700774,0.0520109,0.184195,2291,0.151527,0.154851
71249055,Foxo1,0.3991,0.0652647,0.0537219,0.138175,1658,0.9968,0.258412
75651179,Tacc3,0.313853,0.0446163,0.038746,0.0816967,1511,0.366952,0.338991
1261,Pfn2,0.453692,0.0589908,0.0430511,0.159675,1409,0.0543993,0.170372
73997146,Osbpl5,0.359063,0.0190759,0.0126946,0.0593841,626,0.0891089,0.441471
1341,Copb2,0.462197,0.055147,0.038746,0.158745,1658,0.0498643,0.280413
79556656,Arntl,0.386497,0.0794803,0.0748979,0.108425,1215,1,0.372418
72007936,Vwa1,0.339744,0.0367858,0.0305037,0.0764672,1658,0.0498643,0.125926
404,Eps8l3,0.511831,0.101193,0.072543,0.282162,1758,0.0832309,0.110968
72340109,Ptpro,0.358855,0.0663924,0.0603451,0.10459,1272,1,0.307376
79556599,Fgf1,0.351437,0.0527168,0.0476874,0.0844858,1409,1,0.167627
71250307,Acvr1c,0.459724,0.134008,0.120562,0.218942,2478,1,0.107499
1189,Cyp4f15,0.470212,0.0666148,0.0499503,0.171877,1542,0.0927463,0.338959
67936211,Rpgr,0.516859,0.216808,0.212441,0.244393,2842,1,0.215371
75774680,Clip4,0.360393,0.051605,0.0459212,0.0875073,1658,1,0.282503
357094,Atp6v0a2,0.475942,0.163217,0.153549,0.224288,5489,0.995556,0.153348
73592532,C2cd2l,0.340629,0.0520815,0.0404938,0.125276,1145,0.418321,0.254608
74750021,Srp14,0.401611,0.0844041,0.0748795,0.144567,2245,1,0.461886
74881159,Lancl1,0.412312,0.0647564,0.0596644,0.0969204,1089,0.754795,0.218382
79591679,Slc6a4,0.440631,0.135104,0.131214,0.159675,1409,1,0.0791656
79912574,Arfgef2,0.362966,0.0859925,0.0822019,0.109936,1754,1,0.147213
74988306,Prdx6b,0.367329,0.0404549,0.0323619,0.0915747,1409,0.274697,0.0783931
71920513,Mybpc1,0.392861,0.0555759,0.0502263,0.0893666,1379,1,0.093529
73907502,Trpm6,0.367234,0.049699,0.0433455,0.0898315,1658,1,0.110591
1185,Ctps,0.489123,0.0561953,0.0356368,0.186055,954,0.0612807,0.124596
72283803,C230071H18Rik,0.43834,0.0784796,0.0631416,0.175363,1658,0.784229,0.156926
74819692,Blnk,0.608564,0.366762,0.36667,0.367345,2646,1,0.497228
74425564,Serpinb6a,0.418337,0.143141,0.14297,0.144218,1742,0.897119,0.306303
2141,Dbr1,0.409149,0.072571,0.0573463,0.168739,1145,0.991111,0.0761794
74658244,Eps8l2,0.399395,0.0711257,0.0645399,0.112725,1658,1,0.275839
654928,Dpysl3,0.382047,0.0796709,0.074346,0.113306,1890,1,0.135557
112196711,Terf2ip,0.387501,0.128226,0.12161,0.170017,1145,0.984095,0.268074
74988529,Ccni,0.385022,0.0935847,0.0862494,0.139919,1886,1,0.261137
74511736,Car7,0.377785,0.0838165,0.0773264,0.124811,2443,0.944298,0.166219
73788044,Otof,0.390407,0.0619292,0.0539795,0.112144,1143,1,0.51332
74819250,Scd2,0.358234,0.0559729,0.04938,0.0976177,1658,0.784936,0.252501
71064288,Stk38l,0.374992,0.0277482,0.0215256,0.067054,1145,0.0450387,0.23313
70612728,Dhdds,0.38538,0.044251,0.0366486,0.0922719,918,0.75675,0.561083
76097701,Tmem179,0.326036,0.0354675,0.030099,0.0693783,1636,0.0492947,0.252647
74819248,Wdr47,0.37014,0.0528757,0.0482761,0.0819291,1409,1,0.227454
72080006,Tal1,0.393414,0.0490954,0.0435663,0.0840209,1005,1,0.070968
32583,Pim2,0.852384,0.707016,0.693638,0.791517,19843,0.519048,0.333606
75147759,Ttbk2,0.398466,0.0889944,0.0789822,0.152237,1615,1,0.226113
73771235,Necab3,0.327122,0.0431392,0.0370902,0.0813481,1978,0.0427539,0.187696
1912,Ramp1,0.432905,0.0735876,0.0577694,0.173504,1145,1,0.180928
71920509,Tmem106b,0.383334,0.0392478,0.0342017,0.0711214,1220,1,0.119278
71836799,Rassf3,0.438328,0.0848806,0.0764065,0.138408,1890,1,0.546012
70301086,Sybu,0.405125,0.0490478,0.0389116,0.113074,2110,0.040966,0.256314
356488,Bhlhe40,0.473438,0.196636,0.181164,0.294364,3092,1,0.231606
73931426,Syndig1,0.370938,0.0661224,0.0581558,0.116444,2110,0.737757,0.103546
293663,Prpsap2,0.471354,0.143713,0.132502,0.214526,2465,1,0.627467
67870468,Rin1,0.384124,0.0442828,0.036943,0.090645,1399,0.995575,0.292089
71015802,Elmo2,0.413737,0.048889,0.0338706,0.143754,1658,0.105879,0.309001
72129252,Dpf3,0.447083,0.180625,0.180502,0.181406,2741,1,0.637413
74819331,Dach2,0.462938,0.148891,0.14343,0.183382,2646,1,0.0534862
1888,Vdac2,0.318981,0.00479677,0.000662325,0.0309123,14,0.0422961,0.147024
74658240,Pex13,0.385957,0.0654235,0.0609523,0.0936665,2158,1,0.335118
73992930,Cnnm1,0.377829,0.0504614,0.0447989,0.0862289,1658,1,0.196186
75079776,Capsl,0.392083,0.0878985,0.0834529,0.115979,1361,1,0.554892
74819685,Fam96b,0.325051,0.0292413,0.0233285,0.0665892,1211,0.047283,0.170995
2245,Gabarap,0.422762,0.061405,0.0418184,0.185125,1591,0.0858787,0.109105
72472750,Fam78b,0.370341,0.0800521,0.0755786,0.108309,1462,0.870527,0.0986032
35,Hepacam,0.395215,0.0552105,0.0411009,0.144335,1483,0.145856,0.16361
2397,Mapk13,0.381212,0.0542734,0.0394267,0.148053,1559,0.0751022,0.309377
67810541,Mxd4,0.420044,0.0396925,0.0255731,0.128879,881,0.250302,0.294865
75041473,Ndst3,0.416793,0.100335,0.0920079,0.152934,1409,1,0.333541
70436747,Chrnb3,0.357205,0.0290348,0.0224638,0.0705404,1217,0.0589049,0.140984
71015815,Gpr56,0.412004,0.120952,0.11644,0.149448,1465,1,0.287776
74988539,Eif1ax,0.369889,0.0701091,0.0622953,0.119465,1772,1,0.29833
72109262,Gm1441,0.40574,0.109627,0.102752,0.153051,2679,0.739674,0.133568
74882595,Galnt6,0.38376,0.0253975,0.0182507,0.0705404,577,0.77635,0.0954275
2647,Supt5,0.41427,0.071078,0.0554697,0.169669,1606,0.104187,0.137491
77340470,Gm1088,0.309598,0.0267634,0.0221327,0.0560139,626,1,0.0904384
470,Fzd8,0.577181,0.279801,0.271204,0.334108,7984,0.778738,0.106135
71,9130024F11Rik,0.405031,0.053098,0.0376421,0.150726,1398,0.113565,0.195119
77280341,F3,0.371364,0.062501,0.054237,0.114701,1361,1,0.149701
70634119,Fbxo21,0.354581,0.0269064,0.0211944,0.0629866,1145,0.0450387,0.189289
72472804,Galnt14,0.327009,0.0466812,0.0393531,0.0929692,2133,0.045048,0.421694
75551479,Grin2d,0.368979,0.0960308,0.091916,0.122022,1890,0.616765,0.102218
79907934,Crhr2,0.366902,0.0610238,0.0501711,0.129576,1145,0.726119,0.203873
2317,Il17rb,0.448389,0.101796,0.094786,0.146078,1306,0.998507,0.145249
74511758,Prlhr,0.368119,0.0218078,0.0153991,0.0622894,648,0.617424,0.0521058
73907503,Prpf38b,0.344376,0.0500167,0.0432903,0.0925044,1658,0.568852,0.273352
1924,Trip4,0.521327,0.188583,0.17581,0.269262,8084,0.300315,0.428336
1162,Bhlhe22,0.447604,0.0469194,0.0290687,0.159675,1197,0.146976,0.15722
74512007,Cacna1i,0.376429,0.0466653,0.0363727,0.111679,1643,0.0747587,0.243742
70743903,Fhl2,0.407692,0.0379294,0.0311109,0.0809994,1658,0.0492998,0.217027
77874610,Clic5,0.440192,0.229292,0.228962,0.231377,2755,1,0.194189
72007937,Kazn,0.342662,0.0372782,0.0305405,0.0798373,1658,0.0498643,0.276414
75749773,Deptor,0.339681,0.0428533,0.0386724,0.0692621,1220,1,0.136019
75042244,Fam196a,0.414647,0.11976,0.113037,0.162231,2383,1,0.474129
276067,Rpl11,0.453793,0.13836,0.130276,0.189425,2110,1,0.475012
79567760,Tbck,0.435616,0.173669,0.172444,0.181406,3886,0.987685,0.25929
74047745,Srgap1,0.380428,0.0374053,0.0307061,0.0797211,1658,0.0498643,0.287584
71358663,Syt16,0.420484,0.0646135,0.0573279,0.110633,2110,1,0.324372
89,Mllt11,0.460666,0.0870408,0.0714207,0.185706,1658,1,0.116097
1645,Slc39a5,0.389146,0.0327991,0.0193178,0.117955,626,0.0488329,0.298038
74511956,Slc35g2,0.370875,0.0443304,0.0375317,0.0872748,1145,0.572908,0.179959
72472765,Cerk,0.321561,0.0529074,0.0473194,0.0882045,1658,0.329169,0.219911
2373,Leprotl1,0.415751,0.0560682,0.0393715,0.161534,1145,0.0543993,0.354667
381,Efna3,0.426045,0.0393907,0.0253523,0.128065,952,0.0533154,0.145454
73931638,Mgat5,0.360337,0.0816245,0.0767929,0.112144,1624,0.955487,0.207026
1896,Fcrls,0.425681,0.0715704,0.0557089,0.171761,1365,0.994709,0.0786508
74657923,Thbs3,0.375218,0.0682349,0.0641167,0.0942475,1375,1,0.2957
71015814,Homer2,0.352761,0.0379612,0.0311477,0.0809994,1657,0.0594059,0.284207
1183,Ctgf,0.49132,0.077479,0.0597932,0.189192,1411,0.994113,0.102488
1798,Setd4,0.464613,0.0871837,0.0677411,0.209994,2720,0.0726644,0.149493
1321,4932438H23Rik,0.436395,0.0634858,0.0428119,0.194073,1145,0.058795,0.0801225
72119581,Cadps,0.353583,0.0406614,0.033153,0.0880883,1145,0.976143,0.226572
79556668,Tspo,0.400343,0.0696167,0.0621297,0.116909,1395,1,0.0725879
73718052,BC031181,0.381827,0.0609127,0.0539611,0.104823,1715,1,0.393897
2699,Tulp4,0.393734,0.0479836,0.0335026,0.139454,1409,0.0537114,0.317035
77340464,Hbb,0.437003,0.160199,0.150072,0.224172,2134,0.848255,0.0910824
73929873,Zfp365,0.351493,0.0777172,0.0723774,0.111447,1658,1,0.157648
74272892,Arhgef28,0.427174,0.0934735,0.0865806,0.137013,1890,1,0.0630063
121089,Vldlr,0.625215,0.395146,0.39114,0.420453,8223,0.656811,0.189679
70301082,Ache,0.405766,0.0378977,0.0310189,0.0813481,1658,0.0498643,0.225955
72339557,Tcf7l2,0.376913,0.0290507,0.0221143,0.0728646,1145,0.0824492,0.153004
73817427,3110035E14Rik,0.346911,0.0673454,0.0559664,0.139221,2339,0.355557,0.466442
73512493,Carhsp1,0.371258,0.0737782,0.0699121,0.0981987,2864,0.939054,0.165879
71924238,Slc24a2,0.34946,0.0326403,0.026033,0.0743754,1409,0.0537114,0.20103
77414917,Nudt2,0.405019,0.157658,0.156456,0.165253,1409,1,0.0560698
73512499,Ace,0.356307,0.067679,0.0654782,0.0815805,1250,1,0.12602
74581377,Egr3,0.36387,0.112931,0.112485,0.115747,1340,1,0.1726
72283791,Lgr5,0.338626,0.0379136,0.0320492,0.0749564,1658,0.0775403,0.34651
71247658,Trpc5,0.369645,0.0489684,0.0450933,0.0734457,1306,1,0.322512
74047841,Pla2g7,0.363764,0.0385171,0.0305037,0.0891342,1155,1,0.327778
77371839,Grn,0.372607,0.0781302,0.0706664,0.125276,1145,1,0.120095
73521000,Nxph4,0.563179,0.299417,0.292472,0.343289,2846,1,0.288432
77414641,Bpgm,0.436878,0.154529,0.147294,0.200232,1658,1,0.231661
75773698,F11r,0.3621,0.0454105,0.0382677,0.0905288,1409,0.160857,0.168705
77340492,Chd6,0.406437,0.131133,0.129687,0.140267,1890,1,0.101707
1649,Ostc,0.390156,0.0496514,0.0369062,0.130157,1077,0.788368,0.222263
74988334,Slc25a27,0.42113,0.0820375,0.0746035,0.128995,1146,1,0.275235
2065,Bmp7,0.363814,0.0477612,0.035508,0.12516,1696,0.202535,0.193224
72129292,Ngef,0.337961,0.0368335,0.0316628,0.0694945,1145,0.540344,0.153715
74881134,Stoml1,0.368289,0.0485236,0.0407146,0.0978501,1510,0.229699,0.242688
74882616,Hspb6,0.403437,0.1078,0.104463,0.128879,2158,1,0.0822931
79591677,Esr1,0.476777,0.180594,0.172223,0.233469,1927,1,0.118834
71670683,Pde7b,0.432767,0.126289,0.121923,0.153864,2115,1,0.102519
1508,Lmx1b,0.468586,0.142601,0.127038,0.240906,2288,1,0.176623
71587887,Kcnip3,0.400826,0.0331962,0.0260698,0.0782103,1409,0.0537114,0.219265
75079800,Thbd,0.361492,0.0238568,0.017478,0.0641488,626,0.825595,0.341682
2509,Ptpn18,0.438566,0.0505408,0.033429,0.158629,1169,0.141867,0.318292
74800827,Egr4,0.596996,0.371861,0.369872,0.384428,2616,1,0.140173
74988249,Yeats2,0.477932,0.180006,0.175314,0.209646,5366,1,0.243489
2205,Fbln1,0.427137,0.104719,0.0911616,0.190354,1168,1,0.457984
71924215,Ppm1l,0.348951,0.0312743,0.0259227,0.0650784,1409,0.0537114,0.292503
75042257,Elmod3,0.359138,0.0585778,0.0532803,0.0920395,1658,1,0.321382
71836839,Rnf144b,0.368088,0.0712686,0.0641903,0.115979,1890,0.987923,0.124458
357092,Hectd1,0.475365,0.150415,0.134084,0.253574,2383,0.97874,0.919413
72008119,Ier3,0.366525,0.0292413,0.022979,0.0687972,988,0.120739,0.148958
323589,Atp5s,0.464544,0.106307,0.0907937,0.2043,2030,0.415178,0.28567
75651203,Kcnj14,0.380359,0.105148,0.0959083,0.16351,1772,0.969792,0.295579
70436731,Tspan11,0.381821,0.0536857,0.0445045,0.111679,1271,0.0967931,0.163413
2693,Traf5,0.421827,0.0686955,0.054513,0.15828,1145,0.532395,0.526045
72129247,Prkcb,0.398209,0.0892486,0.0838209,0.123533,1658,1,0.219516
77371765,Nav1,0.405489,0.128528,0.12597,0.144683,1324,0.989717,0.149558
74641308,Zfhx3,0.353753,0.0269064,0.0211392,0.0633353,1145,0.0450387,0.661116
73512207,Fryl,0.484365,0.213282,0.215844,0.197095,9395,1,0.226662
73520965,Bace1,0.390338,0.118807,0.114325,0.147124,1806,0.893313,0.18886
71015801,Zfp521,0.433576,0.0727775,0.059554,0.156304,1658,0.919291,0.204601
79490073,Pcp2,0.471681,0.222081,0.215219,0.265427,3359,1,0.134305
75077203,Dpp6,0.392968,0.0562747,0.0502999,0.0940151,1204,0.416193,0.137776
74819326,Fam105a,0.350652,0.0700615,0.0642823,0.106566,1906,1,0.160543
80517217,Oprk1,0.391104,0.134945,0.128013,0.178733,1753,0.667934,0.107959
73818754,Slc17a6,0.369827,0.0373576,0.0311109,0.0768158,1658,0.0534188,0.117841
71836902,Gjd2,0.3665,0.0621357,0.0550281,0.107031,1658,0.897436,0.299264
70634395,Dkkl1,0.380007,0.0262075,0.0202377,0.0639163,882,0.210028,0.468961
74819328,Lrrn2,0.413096,0.0979685,0.0950068,0.116676,1377,1,0.218581
76135811,Zim2,0.461312,0.175019,0.169666,0.208832,1379,1,0.280295
74882940,Tecta,0.373844,0.0481742,0.0409721,0.0936665,906,1,0.224293
1990,Aph1a,0.393796,0.0381359,0.0230158,0.133643,1173,0.054386,0.115143
71015810,Resp18,0.408038,0.0245398,0.0165213,0.0751888,882,0.0426655,0.214459
667,Mef2c,0.411452,0.0400737,0.0315708,0.0937827,1362,0.125628,0.213172
79556694,Grin1,0.365113,0.0844994,0.0817787,0.101685,1145,1,0.16531
293694,Zfand3,0.465398,0.117235,0.105806,0.189425,2383,0.68694,0.304047
814,Plxdc1,0.413454,0.105259,0.0941789,0.175247,3756,0.704509,0.105505
71020430,2610028E06Rik,0.437505,0.180705,0.179012,0.1914,2946,0.642679,0.123956
2025,Aldh1a2,0.392397,0.0482377,0.0350112,0.131784,1658,0.186128,0.103163
70927828,0610007P14Rik,0.355774,0.0214584,0.016227,0.0545032,882,0.0427096,0.376755
67881545,Rfxank,0.426321,0.101987,0.0960371,0.13957,1931,1,0.33944
276264,Sbf1,0.424802,0.105148,0.0949516,0.169553,1890,1,0.30008
1932,Mlxipl,0.450504,0.0530663,0.0379181,0.148751,1145,0.0543993,0.330465
74988751,LOC214238,0.37245,0.0570212,0.0502263,0.0999419,1890,0.931111,0.234396
75043136,Stard9,0.43138,0.108579,0.101336,0.154329,1145,1,0.193998
75079801,Cit,0.390074,0.0570212,0.0522501,0.0871586,1272,1,0.211756
73521819,Rgs9,0.387903,0.0943789,0.0891195,0.1276,1409,1,0.133274
75147765,Kcnc2,0.400493,0.0962055,0.0915664,0.125508,1658,1,0.116141
75144693,P2ry2,0.368339,0.0419797,0.0340545,0.0920395,1409,0.993994,0.433575
72129250,Ralyl,0.385242,0.0566242,0.047485,0.114352,1890,0.995268,0.198597
74511881,Gpr176,0.347922,0.0368017,0.0305037,0.0765834,1658,0.0498643,0.131998
74357559,Pou6f1,0.375513,0.0612621,0.0545314,0.103777,1658,1,0.510595
70431431,Plxna2,0.382474,0.0242221,0.0171836,0.068681,900,0.0615737,0.215965
73615782,Masp1,0.471461,0.213234,0.20981,0.234863,5839,0.874241,0.197687
70634118,Prss23,0.360487,0.0268111,0.0211024,0.0628704,1145,0.0450387,0.211269
67936204,Eef2,0.399665,0.075573,0.0661589,0.135038,1145,0.469169,0.258868
1689,Copa,0.446481,0.0757159,0.059462,0.178385,1662,0.0920919,0.272153
72103831,Car2,0.349209,0.0413603,0.0353792,0.07914,1241,0.620284,0.203365
74882831,Rpl21,0.388819,0.0515891,0.0473194,0.078559,1409,0.980541,0.429837
72079987,Tbc1d9,0.491966,0.204117,0.202727,0.212899,5134,1,0.162275
77867708,Gltscr1l,0.403901,0.142378,0.13872,0.165485,1903,0.981503,0.169616
70634256,Gtf2h2,0.413994,0.0466653,0.0393347,0.0929692,1409,0.989858,0.3174
2667,Tgfb3,0.396859,0.0484283,0.0345881,0.135851,1314,0.049655,0.37823
71670741,Sntb1,0.401736,0.0686002,0.0622769,0.108542,1306,1,0.0848611
71920518,Sertm1,0.361994,0.0312426,0.0256467,0.0665892,1145,1,0.0877486
74988459,Rnaset2b,0.360581,0.0751441,0.0700776,0.107147,1722,0.815986,0.274353
74724670,Gpr37l1,0.392654,0.0271923,0.019097,0.0783266,968,0.0483295,0.397421
75551466,Chrng,0.374082,0.0841341,0.0790006,0.11656,1658,1,0.217058
74425524,Tnfrsf19,0.424865,0.0774949,0.0709607,0.118768,2357,0.928253,0.212208
74581382,Znrf1,0.356615,0.106768,0.103746,0.125857,1272,1,0.432484
2230,Foxg1,0.386208,0.0330533,0.0196122,0.117955,626,0.0511108,0.0780125
74425551,Elovl6,0.359866,0.0486507,0.0423152,0.0886694,1409,0.990066,0.261565
73769325,Btbd11,0.396759,0.0996363,0.0891379,0.16595,3188,0.702499,0.183636
74272918,Iqcj,0.375921,0.11023,0.106708,0.132481,2099,0.898367,0.0609539
71358590,Arnt2,0.370461,0.029543,0.022703,0.0727484,626,1,0.262461
71020433,Opn3,0.399338,0.118236,0.113534,0.147937,3602,0.745704,0.0610994
73817423,Ascl1,0.395868,0.03677,0.0305037,0.076351,1658,0.0498643,0.466672
77280430,Nav1,0.371157,0.0790832,0.0759098,0.0991284,1341,1,0.183068
69120620,Nov,0.376605,0.0239997,0.0187475,0.0571761,1016,0.0472698,0.233405
2017,Adcy7,0.518403,0.162137,0.148287,0.249622,5030,0.673732,0.0757212
414,Cntn1,0.341903,0.0351816,0.028112,0.0798373,1507,0.0495241,0.115488
2379,Lhx8,0.452236,0.0911704,0.0757626,0.188495,1286,0.959701,0.0289335
1994,Pde4dip,0.382449,0.0649788,0.0493064,0.163974,1457,0.0858697,0.14741
73818756,Ogfrl1,0.417797,0.0936641,0.0889355,0.123533,2465,1,0.216462
74957909,Uggt1,0.449117,0.11841,0.115336,0.137827,1272,1,0.220575
70928198,Dbn1,0.359401,0.050652,0.0431063,0.0983149,1409,0.412367,0.178702
74047866,Meis1,0.437713,0.128528,0.126909,0.138757,1271,1,0.692276
71016584,Stat5b,0.351311,0.0264299,0.0210656,0.0603138,1145,0.0450387,0.66199
73931384,Cd109,0.408941,0.0979844,0.0933694,0.127135,1250,1,0.0442587
2049,Zak,0.430457,0.0575136,0.0406778,0.163858,1662,0.0549441,0.396662
74958616,Heg1,0.504525,0.254975,0.248317,0.297037,2351,1,0.28317
74363338,Ttll6,0.399138,0.101812,0.0992015,0.118303,1145,1,0.134084
573,Ntm,0.525344,0.168014,0.148582,0.290761,2366,1,0.295588
112205643,Cd6,0.551191,0.342985,0.333775,0.401162,2701,1,0.446901
596,Isl1,0.579221,0.335043,0.312709,0.476119,10126,0.201708,0.0636817
72108822,LOC433254,0.368885,0.0662812,0.0601796,0.104823,1409,1,0.396983
72129290,Lipa,0.368904,0.0579266,0.0498215,0.109123,1658,1,0.111795
71016711,Slc52a2,0.431524,0.0777014,0.0646319,0.160256,2110,0.99115,0.159811
308056322,Efna1,0.365835,0.194762,0.19706,0.180244,2976,1,0.359694
73992925,Tmem72,0.402376,0.0884067,0.0833793,0.120163,1409,1,0.312128
74357575,Cryab,0.35283,0.0403119,0.0341649,0.07914,1857,0.0483564,0.234888
276274,Senp2,0.379907,0.0937435,0.0802701,0.17885,1658,1,0.209489
1661,Aplnr,0.419586,0.0350704,0.0211944,0.122719,1145,0.0450387,0.632765
74047905,Btrc,0.373266,0.0274782,0.0213968,0.0658919,1145,0.0450387,0.274024
73817424,Zcchc12,0.409142,0.0443463,0.0346065,0.105869,1658,0.145102,0.246534
1996,Fam195a,0.444598,0.0499373,0.0314604,0.166647,979,0.211195,0.175163
323396,Cap1,0.447115,0.130196,0.119163,0.199884,2465,1,0.282032
72103843,Zic1,0.360996,0.0517956,0.0461052,0.0877397,1145,0.770219,0.253079
73769321,Khdrbs3,0.443387,0.14276,0.138739,0.168158,4259,1,0.625269
71836890,Bckdhb,0.34029,0.0387077,0.0318284,0.0821615,1658,0.0487353,0.243874
79591671,Gfap,0.401811,0.0988739,0.0952828,0.121557,1647,1,0.159855
71924311,Igfbp4,0.392849,0.0494766,0.0447989,0.0790238,906,1,0.22835
74511882,Adcyap1,0.364511,0.0384377,0.0312397,0.0839047,1662,0.0594059,0.155907
79567499,Fgf12,0.349554,0.011436,0.00724878,0.037885,389,0.0532428,0.214048
73929870,Syn2,0.340886,0.047936,0.0409353,0.0921557,1662,0.270095,0.219909
74658077,E330009J07Rik,0.403682,0.131784,0.126706,0.163858,1658,1,0.379761
77332082,Ncs1,0.453774,0.190838,0.186923,0.215572,5037,0.9967,0.216839
74357561,1110007C09Rik,0.411515,0.100796,0.0970122,0.124695,1658,1,0.210225
70436729,Slc38a3,0.362722,0.0261599,0.0210656,0.0583382,1145,0.0450387,0.229749
76115741,Prosc,0.41921,0.120173,0.116772,0.141662,1145,1,0.162706
73930821,Kalrn,0.425894,0.0686637,0.0601796,0.122255,1145,1,0.251902
75774109,Tnni1,0.373737,0.0800044,0.0703352,0.141081,1379,1,0.395149
72081553,Gnao1,0.380986,0.0373418,0.0305773,0.0800697,1658,0.0498643,0.162887
70928360,Samd11,0.360042,0.0645817,0.0533539,0.135503,1212,1,0.323268
75551463,P2rx6,0.354361,0.0491749,0.0439526,0.0821615,1409,0.970149,0.344665
74988670,Calcrl,0.36746,0.0679013,0.0625713,0.101569,1580,0.587103,0.0617513
1239,Nfia,0.460659,0.0475548,0.0308165,0.153283,1145,0.045114,0.124844
1786,Ngfrap1,0.443638,0.0829111,0.0640799,0.201859,1662,0.944708,0.185129
67850950,Tbp,0.42789,0.0903763,0.0780255,0.16839,1534,0.883608,0.337507
1858,Syap1,0.491489,0.123477,0.11024,0.207089,1287,0.433288,0.342948
73994714,Kcna1,0.415306,0.0636764,0.054697,0.120395,2136,1,0.341877
79588292,Dtnbp1,0.375965,0.0582125,0.0503919,0.107612,1597,0.672155,0.142567
70744326,Lppr5,0.387978,0.0381836,0.0307429,0.085183,1658,0.0513177,0.184422
75084476,Nog,0.381306,0.0820852,0.0765905,0.116793,1765,0.946334,0.465135
75651163,Fezf2,0.386666,0.0900745,0.0839129,0.128995,1880,1,0.396068
77340466,Hexb,0.378915,0.0814181,0.0751555,0.120976,2110,0.414354,0.0927907
74750076,mCG1049722.1,0.432045,0.120698,0.119697,0.127019,5609,0.721324,0.0794386
74988274,Gm22,0.443682,0.120602,0.115796,0.150959,1658,0.998309,0.368837
71247657,Ryr1,0.393068,0.0745247,0.0709791,0.0969204,1359,1,0.359458
74882515,Dos,0.355146,0.0182023,0.0117011,0.0592679,626,0.0347568,0.158104
71358662,Sdc3,0.45346,0.117966,0.103911,0.20674,3105,0.741631,0.47021
74988456,Hebp1,0.352265,0.0618498,0.058027,0.0859965,1145,0.964767,0.387902
168,Btg3,0.396828,0.0944583,0.0886595,0.131087,3667,0.753479,0.135263
79591689,Ube3a,0.356721,0.0697279,0.0634544,0.109355,1646,0.692676,0.193463
2472,Pde4b,0.311186,0.0442193,0.0378077,0.0847182,2052,0.0418202,0.0542877
73636086,Fam69c,0.387407,0.0765101,0.0721382,0.104126,1145,1,0.118143
74047909,Rab6a,0.408973,0.0694897,0.0562608,0.153051,1250,1,0.230536
75749416,Gcg,0.386258,0.0647405,0.0590205,0.100872,1658,1,0.3975
355886,Pls3,0.448747,0.092997,0.0791662,0.18036,2691,0.750888,0.234155
70927826,Ckb,0.37813,0.0367223,0.031994,0.0665892,959,0.395005,0.136863
71924291,B2m,0.422134,0.131339,0.127884,0.153167,4486,1,0.270784
2617,Slc38a4,0.43937,0.0965073,0.0871141,0.15584,1033,0.425853,0.0481297
73512364,Kcnc2,0.380697,0.0814181,0.0762041,0.114352,1307,0.982166,0.210711
1709,Erbb2,0.478811,0.122238,0.105199,0.229866,1954,0.641412,0.410712
79912552,Stub1,0.450341,0.156959,0.155812,0.164207,1380,1,0.589899
73636033,Fam19a2,0.418475,0.168681,0.166446,0.182801,5323,0.621058,0.0699795
71670711,Tmem163,0.439175,0.125749,0.118427,0.171993,4434,1,0.360211
402,Epha7,0.347922,0.022602,0.0138536,0.0778617,626,0.0700785,0.121046
73512196,Apbb2,0.388913,0.0768913,0.0693785,0.124346,1145,0.487101,0.125352
77869863,Cdh13,0.38494,0.118792,0.114251,0.147472,2061,1,0.252455
67936011,Hbb-b1,0.455494,0.151368,0.146447,0.182452,3994,1,0.322744
73992928,Cd59a,0.356295,0.0271764,0.0211024,0.0655433,1145,0.0450387,0.197488
75651161,Tmem91,0.592364,0.387427,0.379917,0.434863,3724,0.668751,0.288668
74581368,Gmpr,0.365647,0.0468082,0.0395923,0.0923881,1409,0.93956,0.0324159
2111,Cnr2,0.399772,0.040582,0.0291239,0.112958,1043,0.183348,0.265754
2287,Hes3,0.427049,0.0599755,0.0436398,0.163161,1409,0.0636303,0.358011
71670680,Ovgp1,0.372168,0.0669166,0.0639143,0.0858803,1361,1,0.101148
75079788,Cystm1,0.360613,0.0307661,0.0249844,0.0672865,782,1,0.342775
71064080,Rfk,0.359489,0.0278118,0.0217279,0.0662406,1153,0.0450387,0.151017
112651416,Thbs4,0.414879,0.163726,0.158553,0.196397,979,1,0.313323
74272041,Cxcl14,0.389497,0.0500008,0.0438238,0.089018,1409,0.992746,0.202567
1880,Pllp,0.419272,0.0516844,0.0352504,0.155491,935,0.769737,0.192564
71924077,Myt1,0.35883,0.0500802,0.0448541,0.0830912,1658,0.567273,0.268489
322964,Skiv2l2,0.426823,0.128814,0.121518,0.174898,2488,1,0.214888
74724763,Id3,0.362326,0.050652,0.0445597,0.0891342,1658,0.721591,0.31289
1193,Dbp,0.454577,0.051335,0.0326195,0.169553,1176,0.0981447,0.25664
2541,Ryk,0.463685,0.117394,0.102771,0.209762,1145,0.519426,0.0775952
76135804,Mmel1,0.453655,0.20048,0.201365,0.194887,1658,1,0.228027
75774686,Nrbp2,0.340434,0.0406455,0.0353608,0.0740267,1409,0.429736,0.212231
74819245,Kcne4,0.391336,0.0980638,0.0914744,0.139686,1679,1,0.0788894
75651169,Rprm,0.362245,0.108992,0.104463,0.137594,1741,0.978368,0.271439
74988754,LOC380889,0.402903,0.136533,0.134489,0.149448,1658,0.996708,0.37063
73521818,Ptrf,0.431957,0.153973,0.146263,0.202673,4219,1,0.199825
75144634,A330043P19Rik*,0.446995,0.157626,0.155186,0.173039,1342,1,0.138205
323597,Dctn6,0.38607,0.0729205,0.0657541,0.118187,2110,1,0.365032
72128747,Ankrd34b,0.400688,0.0925523,0.0884939,0.118187,1473,1,0.205087
1187,Ctsl,0.360632,0.0253181,0.0174412,0.0750726,858,0.0614141,0.172727
71016618,Btbd3,0.402044,0.0381042,0.0307613,0.0844858,1658,0.0498643,0.274723
70927812,Brinp3,0.334264,0.0356899,0.0299334,0.0720511,1627,0.0492947,0.118849
73992908,Fndc1,0.445483,0.172048,0.168819,0.192446,5827,0.540056,0.199975
75041420,Ctsw,0.449173,0.138995,0.136218,0.156537,2591,0.993377,0.180782
79556672,Calb1,0.375984,0.0346257,0.0299334,0.064265,882,0.450818,0.185038
74363350,Ltb,0.333913,0.0540987,0.0465283,0.101917,1658,1,0.521139
72081516,Spag5,0.384884,0.0338315,0.0272473,0.0754213,1477,0.0525824,0.188044
75259440,Haghl,0.360613,0.0576725,0.0519741,0.0936665,1960,0.738655,0.117425
1936,Wnt7a,0.464821,0.0982544,0.0841336,0.187449,1131,0.445761,0.111496
2212,Fem1a,0.410103,0.023142,0.00866542,0.114585,389,0.0532428,0.337497
74881265,Atp6v1c2,0.341815,0.0445052,0.0369246,0.0923881,1409,0.943218,0.0604321
74047772,Lypla1,0.361994,0.038676,0.0322515,0.0792562,1491,0.186315,0.121886
79556654,Pvr,0.414935,0.123382,0.120985,0.138524,1361,1,0.195246
73615562,Slc6a2,0.384375,0.0518274,0.0456636,0.0907612,1145,1,0.141303
75774111,Rasal1,0.398472,0.122699,0.116643,0.160953,1658,0.895619,0.251456
77332715,Mtss1l,0.387809,0.0911704,0.0833977,0.140267,1523,1,0.373523
1345,Dpysl4,0.460841,0.0510491,0.0344409,0.155956,1418,0.0517357,0.322779
75041527,Ociad2,0.368421,0.0810845,0.0733525,0.129924,1631,0.629939,0.233993
71717079,Irs4,0.370994,0.032958,0.0261802,0.0757699,1409,0.0537114,0.146616
75774685,Pomp,0.364115,0.0683937,0.0633256,0.100407,1409,0.886889,0.329109
74750042,Krt73,0.44038,0.126304,0.115024,0.19756,2669,1,0.194097
73997151,Rcn2,0.382894,0.086739,0.0818339,0.117722,1379,1,0.424706
74512017,Phldb2,0.369092,0.0493972,0.0417817,0.0975015,1501,0.214815,0.160621
74581399,Fam135b,0.481974,0.270636,0.276686,0.232423,5235,1,0.349961
74819652,Gpx2,0.36709,0.0733176,0.0687898,0.101917,1658,1,0.228803
73788032,Nts,0.346095,0.0338474,0.0268426,0.0780941,1328,0.0745721,0.226048
70562126,Trpc6,0.3501,0.023015,0.017386,0.0585706,882,0.0427096,0.277498
67752111,Flot1,0.485175,0.200051,0.195367,0.229634,2364,0.520412,0.184604
72104183,Dpp10,0.375927,0.0342604,0.0269161,0.0806508,1409,0.0594059,0.206996
71920520,Mpp3,0.398717,0.0719675,0.0690106,0.090645,1378,0.925926,0.480376
2452,Optn,0.386635,0.0773043,0.0626817,0.169669,1145,1,0.212116
75077172,Tox3,0.349409,0.0762719,0.0715679,0.105985,1409,0.948454,0.356489
71016653,Slc6a7,0.441045,0.07435,0.0608051,0.159907,1658,0.855072,0.180694
227535,Spi1,0.478535,0.156658,0.145583,0.226612,2576,1,0.128264
73992708,Satb2,0.409318,0.092187,0.0888987,0.112958,2233,0.492046,0.262718
1375,Samd3,0.522382,0.151654,0.133808,0.264381,2206,1,0.0778467
680,Mup2,0.439269,0.0494766,0.0315892,0.162464,750,0.490962,0.228551
77332080,Mxra7,0.477129,0.242078,0.240148,0.254271,2741,0.995943,0.118273
72077479,Cartpt,0.369406,0.0691244,0.0630864,0.107263,1314,1,0.0878088
77925023,St8sia2,0.444749,0.176798,0.173492,0.197676,2575,1,0.623639
1890,Wnt8b,0.472359,0.0745247,0.0540531,0.203835,1908,0.0590144,0.188917
74749895,Rapgef4,0.518654,0.264442,0.262189,0.278675,3888,1,0.312238
257,Chrd,0.410812,0.0537175,0.0393899,0.144218,2111,0.040966,0.0884381
72081396,Sptssa,0.314324,0.0259693,0.0211392,0.0564788,1145,0.0450387,0.203872
77371815,Kcnn2,0.451697,0.170365,0.167991,0.185357,2706,1,0.120703
75042240,Nrxn3,0.35229,0.0265093,0.0210656,0.0608948,1145,0.0450387,0.100271
356287,Phf1,0.521698,0.216728,0.214004,0.233934,5659,0.60105,0.20993
1892,Wnt9b,0.430583,0.0607697,0.0457556,0.155607,2020,0.158491,0.182289
74750022,Col9a2,0.522689,0.273543,0.269198,0.300988,2721,1,0.34506
2091,Cer1,0.440493,0.128814,0.115907,0.210343,1658,1,0.238975
75081002,Trpm1,0.359213,0.0619927,0.0571255,0.0927368,1657,0.824753,0.102365
741,Nrtn,0.652718,0.359377,0.336516,0.503777,13207,0.99063,0.337889
75749413,Abcb6,0.33653,0.0698232,0.0637488,0.108193,2110,1,0.302186
79488957,Stk17b,0.436464,0.167808,0.162987,0.198257,3459,1,0.169399
77280584,Pantr1,0.371873,0.0540987,0.0475586,0.0954096,1409,1,0.0860603
1291,Syt12,0.419417,0.0517797,0.0378077,0.140035,1145,0.0543993,0.216019
77874596,Thbs4,0.519545,0.311949,0.312893,0.305985,5189,1,0.0850785
1227,Mdk,0.448138,0.0595308,0.0437318,0.159326,1145,0.62787,0.433332
74800904,Ptdss1,0.383936,0.0384218,0.0322699,0.0772807,1198,0.202518,0.136717
408,Ewsr1,0.344966,0.0230626,0.0160062,0.0676351,773,0.0916352,0.145813
72119592,Mras,0.405383,0.115758,0.108879,0.15921,2543,0.991453,0.329562
70928238,Car4,0.393483,0.0308772,0.0243772,0.0719349,1323,0.0537114,0.199885
70928396,Tacc3,0.390407,0.0559253,0.0520293,0.0805346,1946,0.590265,0.0781856
71249739,Rassf8,0.396702,0.0368176,0.0308349,0.0746078,1658,0.0498643,0.699574
71924290,Mb21d2,0.440882,0.153163,0.148784,0.180825,2670,1,0.431332
73907505,Ostf1,0.391054,0.0859925,0.0793318,0.128065,1658,1,0.322762
248328,Tbl3,0.436815,0.0897409,0.0741068,0.188495,2110,0.948586,0.271853
74882147,Cntn6,0.364303,0.0381677,0.0330978,0.0701917,882,0.369538,0.335645
293474,Ms4a6b,0.427645,0.0583713,0.0413217,0.166066,1658,0.482328,0.253126
606,Jund,0.461852,0.0572118,0.0389668,0.172458,1161,0.178049,0.107663
72128745,Kcnq5,0.401962,0.0948713,0.0919528,0.113306,1323,1,0.590484
888,Rbm4,0.354311,0.0259534,0.0180851,0.0756537,882,0.0578545,0.129622
1496,Foxd3,0.527849,0.162773,0.14378,0.282743,1542,1,0.421315
73521826,Trp53i11,0.350225,0.0188853,0.0117931,0.0636839,626,0.0347568,0.26187
71717078,Hapln4,0.370963,0.0321003,0.0260514,0.070308,1409,0.0537114,0.191514
79488913,Cnp,0.384237,0.101987,0.0995695,0.117257,1211,1,0.214601
71670484,Lgi1,0.415921,0.0664401,0.0606027,0.103312,1658,0.911612,0.420666
71247616,Gria3,0.373693,0.0726346,0.0653678,0.118536,2383,0.861843,0.225432
75988621,Rock2,0.403826,0.122778,0.11966,0.142475,1409,1,0.18091
252,Chat,0.437976,0.12389,0.113791,0.187682,1347,1,0.433192
70928269,Klk10,0.401918,0.0485713,0.0411193,0.0956421,1145,0.340384,0.0920285
71249082,Megf10,0.406538,0.108864,0.103433,0.143173,1658,1,0.216665
2105,Clca3a1,0.397236,0.0650741,0.0578982,0.110401,1265,0.695652,0.1331
1309,Vim,0.398058,0.0521292,0.0409353,0.122836,2005,0.11745,0.124062
579,Hspb7,0.45958,0.110516,0.096773,0.197327,1391,0.419203,0.233535
45666,Ube2i,0.482941,0.126844,0.114858,0.202557,2383,1,0.339345
293668,Serpinb8,0.480995,0.150161,0.135096,0.245322,1409,1,0.303819
70562125,Scnn1a,0.358259,0.0334186,0.0262538,0.0786752,882,0.407934,0.308049
72128778,Akap12,0.331917,0.0790514,0.0722486,0.122022,1662,1,0.134436
75774114,Sult1a1,0.335225,0.0490796,0.0440998,0.0805346,1500,0.92228,0.244078
74881156,Epdr1,0.400506,0.0345463,0.0267506,0.0837885,1409,0.0598169,0.344215
74988615,Numa1,0.36023,0.0327197,0.0261434,0.0742592,1409,0.0537114,0.480074
72081561,Gpr98,0.37975,0.0402484,0.0351032,0.0727484,882,0.419244,0.145104
1458,Gtf2h4,0.402627,0.0786226,0.0632336,0.175828,1890,0.0927463,0.259511
74658081,Nxpe3,0.339436,0.0216967,0.0163925,0.0552005,882,0.0426655,0.474044
71587929,C1ql2,0.376429,0.0535904,0.0482393,0.0873911,1182,1,0.14366
71836888,Slc1a1,0.377735,0.0436951,0.0381389,0.0787914,1019,0.801101,0.310223
73817439,Syt9,0.366211,0.0602297,0.0560216,0.08681,1336,0.997015,0.270831
276064,Lzic,0.4348,0.100542,0.0884939,0.176641,2383,0.657405,0.448396
74357573,Tspan18,0.371848,0.023285,0.0166869,0.0649622,882,0.0427096,0.112018
75079777,Etnppl,0.439966,0.163265,0.160559,0.18036,1347,1,0.545081
74511946,Tmem196,0.399577,0.0844994,0.076057,0.137827,2974,0.694656,0.222481
75084479,Nxph1,0.328716,0.0265887,0.0212864,0.0600813,1145,0.0455941,0.117336
73520982,Gpr126,0.370034,0.0736829,0.0645767,0.131203,1611,0.943925,0.0189621
73997148,Pitpnm2,0.366532,0.0358487,0.0305773,0.0691458,640,1,0.168936
74988275,Alpk2,0.387827,0.0586413,0.0518085,0.101801,1658,1,0.0611773
79556640,Cuedc2,0.40987,0.0985244,0.0962395,0.112958,1347,1,0.636611
74425520,Pip5k1b,0.359339,0.0692673,0.0655518,0.0927368,2725,1,0.328572
72472790,Fam124a,0.389874,0.0836576,0.0798469,0.107728,1361,1,0.482594
73520996,Lgi3,0.372425,0.0787814,0.0721382,0.120744,1973,0.832493,0.179304
77280311,Ccp110,0.383559,0.0870567,0.0846488,0.102266,1387,1,0.140814
1681,Casp9,0.331685,0.0543528,0.0431431,0.12516,1699,0.176922,0.0371935
74882646,Kcnj12,0.367291,0.0389142,0.0311661,0.0878559,1658,0.0498643,0.127423
74586669,Ctxn1,0.408289,0.0570689,0.049104,0.107379,1658,1,0.438227
74988509,9530068E07Rik,0.406538,0.133627,0.127608,0.171644,1658,1,0.399938
70928385,Ssbp2,0.365854,0.0225544,0.0165581,0.06043,882,0.0427096,0.209868
72119593,Fn1,0.372444,0.0673613,0.0618354,0.102266,1658,0.975236,0.140666
74819251,Adm,0.353213,0.0619292,0.0557457,0.100988,1658,0.653253,0.0362688
74581430,Fam120c,0.418645,0.0597532,0.0501159,0.120628,2716,0.0487805,0.378098
1061,Tle1,0.469722,0.0691561,0.0531884,0.170017,1854,0.134873,0.110942
75144616,LOC544975,0.339719,0.0362299,0.0310557,0.0689134,1145,0.688144,0.264556
74881548,Atp1a4,0.389779,0.0388666,0.0309269,0.089018,1658,0.0498643,0.178356
74047410,Atp11c,0.396614,0.0310043,0.0234205,0.0789076,1145,0.0597919,0.0768544
74357550,Kctd6,0.331961,0.0152639,0.00997167,0.0486926,451,0.114096,0.0555471
73929886,Rab43,0.370392,0.0369764,0.0305957,0.0772807,1658,0.0494274,0.249536
71358553,Rasgef1b,0.37427,0.0327515,0.0261802,0.0742592,1409,0.0537114,0.381845
71670736,Zfp462,0.347131,0.0407567,0.034772,0.078559,1890,0.0483564,0.19529
112648396,Oxt,0.396476,0.1416,0.134102,0.18896,2383,0.983516,0.552169
75084491,Pcsk6,0.335231,0.0550517,0.0493984,0.0907612,1145,1,0.438589
75043138,5330421K23Rik*,0.398171,0.0658683,0.0495824,0.168739,1145,0.944948,0.40672
70928294,Mad1l1,0.404152,0.0791944,0.065055,0.168507,1658,0.792644,0.397447
71358627,Dnajc6,0.367335,0.0381042,0.0259227,0.115049,1409,0.0537114,0.208029
75080751,Rfwd2,0.374371,0.0505726,0.0422416,0.103196,1658,0.995268,0.169952
73520990,Il17ra,0.389309,0.0912975,0.0799941,0.162696,1567,1,0.0479622
75,Adcy3,0.412714,0.0526692,0.0377157,0.147124,1536,0.133434,0.123892
75144655,Gm10635,0.334955,0.0234597,0.017202,0.0629866,882,0.0427096,0.157619
77414919,3830406C13Rik,0.418205,0.165171,0.160099,0.197211,1642,1,0.0436172
1484,Dmbx1,0.505147,0.149351,0.132171,0.257873,1157,0.730933,0.144642
72129246,Tsfm,0.381187,0.0628028,0.0594804,0.0837885,1278,0.939015,0.282844
71836844,Atp1a1,0.391524,0.0484919,0.042536,0.0861127,1409,0.731988,0.313116
2711,Usp21,0.423396,0.0630569,0.0477978,0.159442,1835,0.111421,0.181157
74658076,Dstn,0.362163,0.0635493,0.0575855,0.10122,1658,0.936626,0.238345
74743283,Ptpn4,0.368735,0.0233962,0.0171836,0.062638,882,0.118049,0.310309
75084474,Nid1,0.389673,0.0865166,0.0796813,0.129692,1872,0.616465,0.0516337
73615805,BC100451,0.402878,0.108086,0.0961659,0.183382,2103,0.924956,0.315758
1325,Vps18,0.466352,0.0580378,0.038838,0.179314,1928,0.0878367,0.120994
1009,Stxbp1,0.471925,0.129576,0.115539,0.218245,3087,0.960177,0.190759
79567815,Wnt7b,0.371754,0.0755412,0.07361,0.0877397,1326,0.974284,0.447943
73930823,Epha10,0.419831,0.0975873,0.0897266,0.14724,2056,0.692017,0.43297
112202838,Mbp,0.303146,0.0411061,0.034772,0.0811156,1658,0.184,0.881631
71670709,Vangl1,0.384526,0.0711733,0.0632704,0.121092,2050,0.546468,0.0777878
74581366,Tsc22d3,0.379298,0.0534951,0.0474666,0.0915747,1409,0.839907,0.196165
74988761,BC005561,0.37503,0.0683302,0.0596276,0.1233,2048,0.788215,0.130227
2331,Kdm4b,0.442351,0.068489,0.0502079,0.183963,1409,0.0950431,0.255657
2409,Mtf1,0.428254,0.0540352,0.0385436,0.151888,1662,0.0683632,0.334762
74881827,Bap1,0.407121,0.069855,0.0640799,0.106334,1826,1,0.255483
74882798,Rfc5,0.334421,0.026954,0.021268,0.0628704,1145,0.0450387,0.302829
73512495,Adcy4,0.39133,0.0887403,0.0831586,0.123998,2020,1,0.338188
74511805,Flot2,0.342022,0.0379136,0.0313316,0.0794887,1677,0.0530618,0.261776
74819254,Casq1,0.329319,0.0517956,0.0469515,0.082394,1409,1,0.333418
77340496,Ncoa7,0.393821,0.0814339,0.075505,0.118884,1679,0.726801,0.145981
895,Rfx1,0.435378,0.0414714,0.024782,0.146891,674,0.085161,0.204142
72472770,Cpeb1,0.358065,0.0544799,0.0500055,0.0827426,900,0.613236,0.263406
74882685,Hecw1,0.345863,0.0796709,0.0773448,0.0943637,1658,1,0.246041
2462,Park2,0.473921,0.0872631,0.0591861,0.264614,1237,0.133168,0.181727
79490112,Pfkp,0.345863,0.0256834,0.0210656,0.0548518,1145,0.0450387,0.16179
73929875,Fbln7,0.426942,0.13539,0.123413,0.21104,1658,1,0.120079
1695,Ctf1,0.453134,0.104322,0.089653,0.196979,886,0.728223,0.459173
75079746,Vegfb,0.428518,0.134643,0.133182,0.14387,2741,1,0.267076
77332096,Vwc2,0.396294,0.0932988,0.0901682,0.113074,1409,1,0.0830498
1884,Ubl3,0.42204,0.0488731,0.0325275,0.152121,966,0.156008,0.274613
74272053,4933427D14Rik,0.382693,0.0324497,0.0260698,0.0727484,1409,0.0537114,0.471232
77414654,Pea15a,0.398234,0.107356,0.100029,0.153632,1642,1,0.428004
756,Sebox,0.486405,0.123255,0.105475,0.235561,2582,1,0.119873
2315,Il11ra1,0.439759,0.0808939,0.0655518,0.177804,2163,0.724553,0.227462
498,Glrb,0.44291,0.0579266,0.0397947,0.172458,1439,0.0516458,0.297527
324012,Lum,0.435554,0.18007,0.169776,0.24509,3866,0.509972,0.139994
74658033,B3gat2,0.36687,0.049286,0.0423152,0.0933178,882,1,0.0558995
73520972,Cdca2,0.366663,0.0469353,0.0407514,0.0859965,1409,0.38963,0.0601223
76135795,Msrb2,0.408521,0.125701,0.121187,0.154213,1756,0.850272,0.230762
73718051,Defb1,0.441165,0.150082,0.147091,0.168972,4718,1,0.15713
74882915,Scd3,0.407881,0.0708556,0.0673915,0.0927368,1306,1,0.223806
71020388,Wwc1,0.347972,0.0422338,0.0358575,0.0825102,1890,0.0483564,0.251488
73636093,Col24a1,0.355435,0.0699979,0.0622401,0.119001,1145,1,0.0871934
73520978,Frmpd1,0.342957,0.0436316,0.0388196,0.0740267,1145,1,0.0674867
422,Fbxl5,0.3902,0.0547976,0.0412849,0.140151,1658,0.070442,0.0992218
203,Cckar,0.422944,0.044934,0.0309269,0.133411,1662,0.0498643,0.1918
71717083,Pde3a,0.365301,0.0230785,0.0165765,0.0641488,882,0.0426655,0.172277
75774115,Npc2,0.345731,0.0166934,0.0117195,0.0481116,626,0.0347568,0.258847
77414882,Alkbh6,0.372482,0.100748,0.0942525,0.141778,1658,0.981994,0.150989
67779872,Cnbd2,0.402546,0.0853254,0.0795342,0.121906,1935,1,0.711804
79591593,S100b,0.397236,0.127909,0.123505,0.155723,2551,0.828448,0.309925
2607,Slc35a2,0.383371,0.0159151,0.00388196,0.0919233,100,0.0777667,0.486251
75081210,Slc17a7,0.406531,0.0389777,0.0316996,0.0849506,1658,0.0862944,0.239024
1818,Ramp3,0.466967,0.101717,0.0841336,0.212783,1896,0.468653,0.185875
1516,Pdgfa,0.418218,0.0404072,0.0247452,0.139338,1047,0.171879,0.196594
73907498,Fzd9,0.353169,0.0369923,0.0326931,0.0641488,882,0.993064,0.244379
793,Per2,0.4257,0.0696803,0.0545498,0.165253,1542,0.0927463,0.39325
75041492,Stra6,0.421783,0.118855,0.11622,0.135503,1409,1,0.380329
79587720,Bdnf,0.422668,0.109706,0.105254,0.137827,1287,0.941924,0.534703
79556710,Sp3,0.387846,0.134564,0.133219,0.143056,1409,1,0.250736
1916,Rxrb,0.425486,0.0535587,0.0381389,0.150959,1145,0.0543993,0.326475
79490118,Kcnj2,0.394273,0.0677107,0.0622769,0.102034,1375,1,0.0744337
2585,Slc19a2,0.440914,0.0600867,0.0438606,0.16258,1409,0.0638172,0.382459
74988766,Lamc2,0.276408,0.0184088,0.0176804,0.0230099,957,1,0.062688
74511738,Chrna7,0.350903,0.0398037,0.0326011,0.0852992,1661,0.0797228,0.143785
74581444,Pappa,0.482702,0.178735,0.172499,0.218129,2167,1,0.393309
71016631,Trh,0.389478,0.0415667,0.0344409,0.0865776,1872,0.0478329,0.389942
75043157,Rdh14,0.38081,0.0329738,0.0265666,0.0734457,1409,0.0537114,0.246342
73635979,Fancd2,0.381363,0.0707445,0.0654782,0.104009,1145,1,0.0988209
74819462,Hdac6,0.456034,0.128449,0.123984,0.156653,1902,1,0.373204
75934526,Eef1b2,0.420867,0.102448,0.0939029,0.156421,1890,0.920455,0.145329
73718049,Elmo3,0.357368,0.0483172,0.0420576,0.0878559,1890,0.172296,0.290337
2581,Slc16a6,0.428436,0.0456488,0.0300622,0.144102,1145,0.0528859,0.116939
74988519,Atg3,0.364285,0.0761289,0.0683482,0.125276,1890,0.953893,0.309111
2037,Aqp9,0.578625,0.272018,0.258399,0.358048,2462,0.67169,0.532228
179,Calm1,0.363425,0.0417891,0.0288847,0.1233,1145,0.0511108,0.132066
70560276,Ank1,0.436558,0.0606585,0.0518085,0.11656,2110,0.314802,0.374757
2115,Nudt21,0.527001,0.17899,0.159473,0.302266,6523,0.160439,0.345681
75038443,St18,0.411596,0.136438,0.128601,0.185938,2383,1,0.0983852
2649,Syt11,0.426704,0.0486189,0.0326931,0.149216,984,0.133695,0.132161
2333,Jun,0.410975,0.0598485,0.0415977,0.175131,1530,0.0617244,0.233878
418,Fabp3,0.429886,0.0689655,0.0550281,0.157002,1418,1,0.205554
79556658,Frzb,0.416812,0.138582,0.133845,0.168507,1396,1,0.180635
75774664,Arhgap27,0.374157,0.0960943,0.0932774,0.113887,1425,0.791539,0.384725
293036,Pttg1,0.46204,0.130275,0.124922,0.164091,1890,1,0.409034
1874,Hnf1b,0.402326,0.0315602,0.0172572,0.121906,882,0.0426655,0.232848
74274685,Socs5,0.361755,0.03704,0.0312029,0.0739105,1307,0.54375,0.390947
71924343,Tnmd,0.386422,0.0405502,0.0352504,0.0740267,755,1,0.194707
71924386,Dlgap1,0.375243,0.0591814,0.052434,0.101801,1658,1,0.509118
76135807,Rasgrp4,0.467306,0.172795,0.168304,0.201162,2660,1,0.55963
77371831,Bcas1,0.425913,0.145142,0.14343,0.155956,1366,1,0.277195
2383,Lmo2,0.383208,0.0714274,0.0551937,0.173969,1585,0.10268,0.101635
2131,Cstf2,0.433915,0.0520021,0.0368326,0.147821,1145,0.669877,0.184577
83,Adcy9,0.438485,0.0779237,0.0606211,0.187217,2241,0.114005,0.237987
71358673,Zfpm2,0.432949,0.0721104,0.0647422,0.118652,2110,1,0.286934
67752309,Matr3,0.393815,0.0380406,0.0313316,0.0804184,1658,0.0644773,0.134428
75042238,A530057D15Rik*,0.362088,0.056513,0.0533355,0.0765834,1145,0.788221,0.365756
73592533,Dhx40,0.329017,0.0446799,0.0328219,0.119582,1145,0.371857,0.562417
275875,Rnf122,0.451019,0.0786702,0.0602532,0.195003,1897,0.977303,0.353067
74511807,Gsto1,0.385461,0.0527804,0.0447989,0.103196,1154,1,0.305426
79591631,Tenm2,0.4289,0.173367,0.172057,0.181639,2965,1,0.20252
72080155,Sdc2,0.360996,0.0448705,0.0367406,0.0962231,1890,0.102493,0.128224
2289,Hes7,0.415714,0.0535428,0.0383596,0.149448,1145,0.0516936,0.193134
304,Cryzl1,0.416153,0.0731746,0.0558009,0.182917,1964,0.366773,0.0780051
74881879,Focad,0.385166,0.0611033,0.0539243,0.10645,1658,1,0.208464
154,Bcan,0.410241,0.0470783,0.0282776,0.165834,705,0.108201,0.107567
1263,Plxnb2,0.464356,0.0571324,0.0391692,0.170598,1658,0.094423,0.321353
73769323,Lhfp,0.421432,0.114011,0.107425,0.155607,2110,1,0.276361
74363352,Sall3,0.352516,0.0953795,0.0873349,0.146194,2516,0.69027,0.426804
75774668,Fam65a,0.388637,0.0883114,0.0730581,0.18466,1658,1,0.165775
74581446,Magix,0.428825,0.110056,0.0975089,0.189309,1412,1,0.269794
74357580,Megf11,0.422241,0.146985,0.144847,0.160488,4492,0.975486,0.493135
70231303,Mpped1,0.388964,0.0755412,0.0709975,0.104242,1768,0.499479,0.293185
75080151,Sema6c,0.419398,0.0971744,0.0918976,0.130506,1409,1,0.372169
73635772,Sccpdh,0.386792,0.0854524,0.0819443,0.107612,1340,1,0.0790079
77869796,Oxct1,0.411163,0.159945,0.157137,0.177687,1802,1,0.131608
770,Pcdhga12,0.480499,0.0690449,0.0490488,0.195352,1658,0.0543993,0.218147
74363355,Ctnna2,0.340999,0.0595785,0.0512566,0.112144,2383,0.694522,0.339203
77925007,Aldh5a1,0.405998,0.117378,0.107554,0.179431,1169,1,0.144353
73992942,Mylk3,0.429265,0.159771,0.15675,0.17885,1409,1,0.281252
70560343,Chrm2,0.394091,0.0427262,0.0331346,0.103312,1145,0.0909552,0.142972
655,Lynx1,0.478051,0.0708874,0.052434,0.187449,1890,0.0576228,0.101966
70436749,Tmem132a,0.387219,0.0544799,0.0499319,0.0832074,1569,0.392126,0.182931
75038432,Kcna2,0.343742,0.0516368,0.0438422,0.100872,2383,0.038429,0.17709
74511850,Ppp4r2,0.338783,0.012532,0.00767193,0.0432307,389,0.0532428,0.273157
71836847,Cyp39a1,0.365816,0.0517321,0.0472274,0.0801859,1268,1,0.130887
75043137,Atp11a,0.431204,0.116616,0.106726,0.179082,3671,0.658468,0.266708
73931643,Rab37,0.364347,0.0706968,0.0660301,0.100174,1409,1,0.0568125
72119596,Itpr1,0.394763,0.0936482,0.0853295,0.146194,1658,0.940255,0.263166
2207,Fbrs,0.419536,0.0410426,0.0257203,0.137827,951,0.263668,0.215003
73817935,Ube2k,0.322992,0.0271288,0.0215072,0.062638,1169,0.0476445,0.247452
130911,Kcnn4,0.430765,0.0571483,0.042444,0.150029,1890,0.0511108,0.506936
71670481,Kcnc3,0.386585,0.0569577,0.0506862,0.0965718,1658,1,0.340179
72081558,Asb13,0.326287,0.0218078,0.0164109,0.0558977,882,0.0427096,0.228335
74425569,Afap1,0.403293,0.0628981,0.0567208,0.101917,1409,0.951276,0.330822
1974,Igfbpl1,0.427105,0.0946012,0.0792582,0.191517,1409,1,0.155984
71920512,Itgb5,0.393891,0.0549564,0.0474666,0.102266,1361,1,0.243
1800,P2ry6,0.323325,0.0246033,0.0220223,0.0409064,615,0.48273,0.0734837
72008306,Them6,0.384896,0.0374688,0.0309269,0.0787914,1658,0.0725552,0.20317
74881516,Actb,0.377509,0.0505885,0.0464731,0.0765834,1375,1,0.301548
1488,E130016E03Rik,0.501808,0.180387,0.161331,0.300755,2423,0.978541,0.14243
73519705,Magi1,0.466929,0.202942,0.200482,0.218478,5307,1,0.540914
74819240,Aldh2,0.396137,0.0748424,0.0576958,0.183149,2178,0.0758007,0.401243
71020392,Tdg,0.387024,0.087962,0.0759834,0.163626,1890,1,0.174292
1295,Tacr1,0.401403,0.0419321,0.0273025,0.13434,916,0.235824,0.0436199
73718055,Alox8,0.366456,0.066853,0.0597748,0.111563,1890,0.982162,0.155517
71924399,Uqcrfs1,0.365508,0.0522245,0.0455164,0.0945962,1409,1,0.610863
74819252,Mylk,0.40928,0.13917,0.136145,0.15828,1678,1,0.223544
70927813,Cyp7b1,0.353251,0.0550358,0.0505023,0.0836723,1530,0.441176,0.101571
1780,Nat6,0.382273,0.0309408,0.0169813,0.119117,882,0.0427096,0.343227
112650336,Drd4,0.44901,0.245128,0.240957,0.27147,1864,1,0.325041
1385,Mx1,0.425825,0.075843,0.0597012,0.177804,1662,0.0979633,0.0302838
94,Anp32a,0.34887,0.0733176,0.0588733,0.164555,1658,0.0927463,0.335029
71358556,Hhip,0.440725,0.165505,0.163889,0.175712,4148,0.804348,0.294671
79591719,Gria1,0.392936,0.110135,0.110663,0.106798,2701,1,0.181784
74357583,Sv2c,0.411182,0.0852301,0.0790006,0.124579,1542,0.769919,0.243029
71015377,Ctsz,0.359791,0.0455852,0.0371638,0.0987798,1890,0.0727451,0.14123
2033,Apbb1,0.418111,0.101558,0.0850903,0.205578,2722,0.193084,0.191415
276272,Plcd3,0.459887,0.218078,0.214391,0.241371,1810,1,0.202036
74882765,Ptk7,0.362471,0.0550994,0.050907,0.0815805,1401,1,0.174392
75774670,Ubl4,0.387382,0.102972,0.0941973,0.158396,1629,1,0.309725
73592538,Myo5b,0.395573,0.0425833,0.0346801,0.0925044,1664,0.192217,0.665403
79591567,Cntn3,0.3458,0.0367858,0.0264562,0.102034,728,1,0.375167
79591637,Grp,0.445646,0.193094,0.191559,0.202789,2534,1,0.242221
73929897,Mast4,0.419053,0.100986,0.095338,0.136665,1658,1,0.280356
74819565,Iscu,0.371779,0.0226973,0.0178092,0.0535735,790,1,0.263217
2307,Hunk,0.424162,0.0378977,0.0222247,0.136897,1083,0.117175,0.481831
2057,Barx2,0.406613,0.049159,0.0350664,0.138175,1240,0.075839,0.167866
1534,Sprr1a,0.449826,0.0613097,0.0442654,0.168972,1409,0.109621,0.337229
75988492,Mapk12,0.331829,0.0232215,0.0173676,0.0601976,626,1,0.199913
71836881,Gprc5b,0.345631,0.0371353,0.0305037,0.0790238,1658,0.0498643,0.131932
73931425,LOC433402,0.374923,0.0650741,0.0514406,0.151191,2110,0.356297,0.032264
71836848,BC034076,0.350181,0.0274623,0.0213416,0.0661243,1147,0.0453159,0.274267
73994667,Fras1,0.375149,0.0488572,0.0396475,0.107031,2134,0.0437254,0.292617
74988764,Hist1h1a,0.295294,0.0429327,0.0441366,0.0353283,1215,1,0.202716
73817929,Slc7a3,0.341915,0.04738,0.040089,0.093434,1890,0.205936,0.0925824
73615572,LOC434236,0.381419,0.0520974,0.0462891,0.0887856,1258,0.690526,0.252427
72081548,Cyp26b1,0.343309,0.0216331,0.0162638,0.0555491,882,0.0427096,0.257553
74657981,Ralb,0.360575,0.0446958,0.0370534,0.0929692,1773,0.28237,0.419694
72119649,Cacna2d1,0.387357,0.0235232,0.0171285,0.0639163,882,0.0511551,0.546387
472,Gabrb2,0.481987,0.199018,0.195036,0.224172,5322,1,0.232306
74273119,Hexim1,0.413052,0.107117,0.100177,0.150959,2155,0.966393,0.326608
74581397,Sh3gl2,0.397725,0.086596,0.0814291,0.119233,1658,0.687973,0.242231
1764,Kcnv2,0.463521,0.0655188,0.0472826,0.180709,2029,0.0613278,0.362983
72109445,Dlg4,0.376266,0.0483966,0.0427751,0.0839047,1517,0.392043,0.214521
73992707,Trpv4,0.338193,0.0316555,0.0259227,0.0678675,1409,0.0537114,0.049216
72079921,Dclk3,0.388399,0.0285583,0.0214152,0.0736781,1145,0.0441399,0.30279
73931383,Alg2,0.402878,0.0935847,0.0852007,0.146543,1804,0.987179,0.365301
2519,Rangap1,0.337359,0.0703156,0.0555801,0.163393,1758,0.104764,0.0880902
71015195,Endod1,0.325496,0.0272399,0.0211024,0.0660081,1145,0.0450387,0.192172
73907495,Sap30l,0.448872,0.17135,0.168654,0.188379,3863,1,0.61781
71924431,Adamts17,0.390771,0.0582919,0.0534643,0.0887856,1409,1,0.365431
73818758,A830018L16Rik,0.398767,0.0550041,0.0497479,0.0882045,1409,1,0.249688
74957868,Tmie,0.425492,0.0962372,0.091456,0.126438,1340,1,0.18838
74881867,Sik3,0.42086,0.0871678,0.080638,0.128414,1658,1,0.264633
1651,Cmbl,0.416034,0.0485713,0.0325091,0.150029,908,0.141801,0.180822
77371769,Bcar3,0.432183,0.179355,0.1757,0.20244,2255,1,0.0821127
1687,Vsx2,0.420107,0.0403437,0.0251683,0.1362,892,0.0476136,0.155051
2137,Clip2,0.389434,0.0667101,0.0532436,0.151772,2716,0.147731,0.11614
72007747,Nxn,0.351757,0.0513826,0.0457372,0.0870424,1658,1,0.293112
71717144,Ccser1,0.347125,0.0501596,0.045406,0.0801859,1409,0.666274,0.2441
79568049,Dpp4,0.409877,0.162709,0.159602,0.182336,1532,1,0.0621611
74641307,Cox6c,0.36655,0.0501914,0.045682,0.0786752,1335,0.996269,0.194625
79556638,Pus7,0.450196,0.134786,0.126522,0.186984,1250,1,0.0581215
75988578,Map3k19,0.390558,0.072984,0.067134,0.109936,1658,1,0.143463
1657,Gpt2,0.376191,0.0291142,0.0216911,0.0760023,1145,0.0450387,0.28101
74511987,Tmem145,0.365665,0.0424403,0.0334474,0.0992446,1703,0.0863009,0.25958
70301276,Rps6ka2,0.353012,0.0216172,0.0162454,0.0555491,882,0.0427096,0.248516
75041463,Lrrc4,0.369795,0.0386442,0.0342753,0.0662406,1127,0.799146,0.397422
2591,Slc25a5,0.405822,0.0212996,0.0124922,0.076932,626,0.0390323,0.641141
980,Slit2,0.515779,0.253467,0.230967,0.395584,10073,0.110422,0.0526637
73636092,Col23a1,0.364592,0.0508744,0.0469147,0.0758861,1409,0.897013,0.133078
74881157,Usp14,0.385003,0.0375006,0.0261986,0.10889,1385,0.0642222,0.280483
71015806,Itgb1bp1,0.388675,0.0310678,0.024966,0.0696107,1339,0.0530852,0.0648416
72077478,Ephb1,0.442018,0.164011,0.164956,0.158048,6840,0.660344,0.236547
75147758,Rasal2,0.43984,0.1237,0.117029,0.165834,3367,1,0.421703
73718053,Chn1,0.368647,0.0777649,0.072451,0.111331,1958,0.966809,0.287395
79556636,Aldoc,0.380704,0.0300195,0.0242484,0.066473,882,0.311021,0.189056
71587835,Vwa5b2,0.421143,0.0472847,0.0323435,0.141662,1658,0.0882577,0.348965
72104170,Usp20,0.41481,0.098445,0.0903337,0.14968,2694,0.997408,0.275019
77332713,Parvb,0.448847,0.177735,0.171487,0.217199,2646,0.99854,0.170496
79568057,Ren2,0.374929,0.128496,0.124867,0.151424,1552,0.948852,0.0849839
67850951,Tcf3,0.475892,0.166743,0.16192,0.197211,3666,1,0.112358
71836748,Dnajb1,0.434976,0.0730952,0.0639511,0.130854,2110,1,0.283183
2434,Nr2e3,0.431511,0.0411855,0.0250212,0.143289,882,0.0488329,0.22597
2442,Nudc,0.443512,0.0672183,0.0501711,0.174898,1890,0.0566496,0.189431
74819243,Ndufs8,0.372425,0.0731746,0.0633072,0.135503,1494,0.888378,0.248269
2109,Cnih2,0.39406,0.0169634,0.0102844,0.0591517,530,0.0773248,0.307455
73636101,Rspo1,0.367718,0.0367064,0.0305957,0.0753051,1658,0.0498643,0.309638
77280449,Atp2b1,0.352786,0.0448705,0.0405122,0.0723998,1145,0.892555,0.118789
2129,Csrp1,0.43448,0.0723328,0.0515509,0.203603,1145,0.998807,0.118741
199393,Tnfrsf11a,0.597975,0.326943,0.315193,0.401162,3208,0.787351,0.389847
76115724,Tmem63c,0.368684,0.0555441,0.0525076,0.074724,1005,1,0.289071
1420,Slc6a9,0.475384,0.135834,0.126522,0.194654,3158,0.454476,0.162973
355883,Usp11,0.458927,0.155673,0.145472,0.220105,4635,0.916894,0.245973
321206,Actr1a,0.422693,0.0815928,0.0696177,0.157234,2383,0.978261,0.225568
75934525,Rcsd1,0.481779,0.204196,0.201549,0.220918,2706,1,0.429299
77371783,Slc6a20b,0.427256,0.168252,0.168175,0.168739,2397,1,0.0626573
112644522,Wnt1,0.312899,0.0463159,0.0419472,0.0739105,882,1,0.149248
73931418,Gm4887,0.43207,0.197398,0.186076,0.268913,3191,1,0.207926
448,Fgfr3,0.439288,0.087279,0.0715311,0.186752,2546,0.649773,0.0458426
1619,Gpr108,0.422172,0.0435522,0.0291055,0.134805,1145,0.0488329,0.19752
75042248,Dok1,0.390106,0.0933623,0.0887515,0.122487,1409,0.708549,1.12832
71670691,Tox,0.455538,0.174145,0.169279,0.204881,4835,1,0.109144
74724530,Paqr8,0.388399,0.0749853,0.0714391,0.0973852,1379,1,0.188736
71836875,Rprm,0.348732,0.0316714,0.0259595,0.0677513,1409,0.0537114,0.289969
70613979,Extl2,0.400161,0.0422656,0.0293815,0.123649,1578,0.0492947,0.214037
112649261,Med23,0.358334,0.0855001,0.081374,0.111563,855,0.71871,0.374773
71670715,4921531P07Rik,0.394003,0.0513668,0.0381757,0.134689,1145,1,0.0506306
70928328,Galnt18,0.371816,0.0605632,0.049472,0.130622,882,0.430233,0.156935
71015813,Lyve1,0.345631,0.0373259,0.0311109,0.0765834,1658,0.0544554,0.203741
74819258,Hs6st1,0.36564,0.0267634,0.0211392,0.0622894,1145,0.0450387,0.346067
70231996,Sqle,0.366469,0.0464906,0.0354712,0.116095,1038,0.898563,0.290893
2474,Pdk3,0.391769,0.03785,0.0244324,0.122603,882,0.0501168,0.183397
73512198,Nefl,0.344915,0.0422497,0.0348456,0.089018,1409,0.73586,0.196603
74425566,Ifltd1,0.382317,0.0398513,0.0314788,0.0927368,1658,0.0545455,0.174011
75084080,Plek,0.372714,0.0895345,0.0845016,0.121325,1890,1,0.283505
2645,Stx1a,0.436646,0.0452993,0.0286088,0.150726,1153,0.0450387,0.174558
1609,Foxb2,0.447115,0.0745088,0.0589469,0.172807,1662,0.0927463,0.289566
74819036,A830073O21Rik,0.38344,0.0517162,0.0413585,0.117141,2112,0.0625726,0.475245
73521803,Ptprj,0.357136,0.0492543,0.0429959,0.0887856,1514,0.433158,0.281948
77414915,Plcd3,0.354839,0.0981909,0.0938109,0.125857,1409,0.98067,0.528569
79556624,Reln,0.380114,0.0858336,0.082349,0.107844,1659,0.998821,0.270385
81,Adcy6,0.421111,0.043711,0.0299334,0.130738,1409,0.32696,0.210446
75042258,Wrap73,0.447604,0.200098,0.203242,0.180244,4607,0.762504,0.180725
73512500,Spns2,0.331515,0.0160104,0.0115539,0.0441604,626,0.0347568,0.474265
1782,Ncoa4,0.433658,0.057736,0.04226,0.155491,1056,0.480447,0.11438
552,Hap1,0.587563,0.331549,0.327538,0.356886,10839,0.773573,0.320149
74641294,Gm5433,0.421733,0.0750488,0.0707032,0.102499,1149,1,0.151219
71924480,Mrap2,0.379254,0.0581013,0.0537587,0.0855317,1409,0.771379,0.0768754
73929608,Slc5a7,0.377296,0.0682984,0.0633808,0.0993608,1478,0.369551,0.0698721
72472775,Tnks,0.348292,0.0450293,0.0400706,0.076351,1145,0.510176,0.397224
1006,Stmn4,0.423948,0.0378183,0.0243772,0.122719,1110,0.158727,0.219256
74800915,Nqo1,0.462241,0.193777,0.19189,0.205694,2573,0.974636,0.445329
75773512,Nicn1,0.405295,0.101161,0.0955955,0.136316,1741,1,0.185619
74881547,Arhgef6,0.412902,0.0773043,0.0716967,0.112725,1658,1,0.651164
71064176,Ppp1r9a,0.381444,0.0183453,0.0127865,0.0534573,662,0.0544554,0.235129
75650865,Neurod1,0.325961,0.0363093,0.0305037,0.0729808,1658,0.0498643,0.22797
74425567,Clgn,0.444956,0.13504,0.130993,0.160604,1475,1,0.149963
2399,Mapk14,0.417967,0.0636605,0.047761,0.164091,1658,0.0572423,0.211541
72472792,Epha3,0.357801,0.0247939,0.0192258,0.0599651,626,1,0.276024
71358628,Gria4,0.366651,0.0371829,0.0249476,0.114468,1356,0.195437,0.206148
80343361,Cebpa,0.491477,0.278848,0.276171,0.295758,3304,1,0.0954373
72108823,Cacng8,0.403745,0.0841659,0.0767193,0.131203,1409,1,0.378555
70743908,Ccsap,0.360487,0.0136597,0.00783751,0.0504358,389,0.0650075,0.131681
112197140,Nfyc,0.336894,0.058419,0.0524156,0.0963393,1204,0.335448,0.28625
79591639,Gpr101,0.395767,0.102495,0.0987048,0.126438,956,0.879733,0.290118
75080999,Calcr,0.39706,0.119888,0.118299,0.129924,2734,1,0.201073
72103819,Diras1,0.418356,0.132165,0.121003,0.202673,2346,1,0.379205
74641326,Cited1,0.40645,0.0789561,0.0735916,0.112841,1145,1,0.39466
1569,Rgs4,0.4214,0.102098,0.0879604,0.1914,1409,1,0.267611
2635,Stat1,0.42118,0.0737782,0.0583398,0.171296,1508,0.384172,0.305175
72081560,Kcng4,0.348587,0.0351499,0.0284616,0.0773969,886,0.233617,0.173791
2483,Pkig,0.434248,0.0434886,0.0327299,0.111447,1662,0.0478839,0.406868
74882527,Elovl1,0.333179,0.0179958,0.0118483,0.0568274,626,0.0347568,0.148495
74658053,Atp13a5,0.383359,0.0410743,0.0369982,0.0668216,1379,1,0.166937
1422,Sox9,0.487748,0.126749,0.105678,0.259849,1087,0.518758,0.121397
2517,Ran,0.447579,0.0474436,0.0309085,0.151888,1145,0.0488329,0.230013
75988646,D10Bwg1379e,0.392045,0.0717292,0.0664533,0.105055,1798,0.925103,0.241135
1806,Pde4a,0.602275,0.401579,0.407551,0.363858,17532,0.42758,0.0911738
75144617,Nme1,0.338382,0.0429804,0.0384148,0.0718187,1145,0.800514,0.129251
293468,LOC66376,0.443763,0.0800997,0.0655334,0.172109,1752,0.540006,0.254406
640,Limk1,0.436809,0.128067,0.115612,0.20674,3304,1,0.205326
1830,Sfrp2,0.317808,0.00767166,0.0026677,0.0392795,96,0.0978786,0.407786
74881559,Atp6v0c,0.411891,0.0543846,0.0474298,0.0983149,1409,1,0.207347
73931421,Frmpd4,0.312146,0.0352452,0.0291239,0.0739105,1532,0.0594059,0.287319
67936203,BC005624,0.419185,0.0918534,0.0860838,0.128298,1436,0.673173,0.313462
2055,B4galt6,0.333147,0.0738576,0.0599588,0.16165,2178,0.164075,0.104924
73520819,Fam102b,0.374867,0.046983,0.0413769,0.082394,1304,0.958119,0.0992817
72080133,Myo1b,0.396765,0.123414,0.121794,0.133643,2740,1,0.245205
323586,Rer1,0.538368,0.245652,0.241233,0.273562,2758,0.633968,0.286729
74583162,Rhobtb3,0.423377,0.0743023,0.0677963,0.115398,2120,0.86215,0.247897
75774112,Tmem168,0.37771,0.0984291,0.086507,0.173736,1658,1,0.247532
75042256,Lrrc16a,0.361874,0.0790832,0.0753762,0.102499,1658,1,0.38091
2731,Wnt3,0.512007,0.117489,0.0972881,0.24509,2117,0.950972,0.0573795
73992912,Hc,0.36409,0.0466653,0.0408802,0.0832074,1182,0.853256,0.0440751
544709,Cpne5,0.420088,0.0780349,0.0701696,0.127716,1879,0.402019,0.281387
75934529,Rnasek,0.391543,0.0707445,0.0566104,0.160023,1658,0.0953641,0.252577
2023,Clrn3,0.381218,0.0385807,0.0245796,0.127019,1136,0.0984138,0.0998061
112644308,Tmem175,0.329011,0.043028,0.0366302,0.0834399,882,1,0.207733
77332094,Siglech,0.388643,0.0618974,0.0553593,0.103196,1658,1,0.115025
75041563,Srm,0.39288,0.0869455,0.0833977,0.109355,1821,0.423911,0.264536
70301275,Sgpp2,0.374201,0.0326085,0.0265114,0.0711214,1409,0.0537114,0.278235
1547,Ube2g2,0.427419,0.0653759,0.04605,0.187449,1436,0.051469,0.289843
73931414,Rnf19a,0.406161,0.0867549,0.0821835,0.11563,1375,1,0.0613039
73925718,Orai2,0.368163,0.024508,0.01757,0.0683324,904,0.0420602,0.253229
77869097,Col6a1,0.396432,0.116743,0.111491,0.149913,1690,0.538828,0.110054
74882810,Rpl15,0.371421,0.0318779,0.0259962,0.0690296,1409,0.0537114,0.289241
77340482,Plxnd1,0.399131,0.102416,0.0965706,0.139338,2110,1,0.10709
80516310,Crhbp,0.364172,0.116774,0.116661,0.11749,1890,0.803348,0.0461873
1788,Notch3,0.493975,0.170444,0.148269,0.310517,6005,0.396604,0.0934177
73636100,Mas1,0.354167,0.0414397,0.033429,0.0920395,1409,0.140251,0.135725
75041528,Rapgef6,0.365515,0.101876,0.0987784,0.121441,1589,0.499984,0.257264
2715,Ezr,0.404699,0.0438222,0.0309085,0.125392,1276,0.0530852,0.153562
71358617,Thsd7b,0.38892,0.0496355,0.0449093,0.0794887,1753,0.689095,0.368846
75651138,Cntfr,0.362012,0.0977144,0.095338,0.112725,1409,1,0.328223
75079799,Recql5,0.394794,0.0757001,0.0710343,0.105171,1152,0.953206,0.184123
79591575,Xlr3c,0.357224,0.038676,0.0347904,0.0632191,1215,1,0.133898
74988286,Pdzd2,0.403675,0.0869296,0.0793502,0.134805,1409,1,0.327453
74581369,Otc,0.430382,0.132864,0.124149,0.187914,1409,1,0.174491
2537,Rora,0.435284,0.0597214,0.0434191,0.162696,1409,0.0543993,0.414063
75084473,Nhlrc1,0.404265,0.102781,0.0928359,0.165601,3031,0.769526,0.119029
75043147,Bag1,0.373279,0.0521292,0.0453692,0.0948286,1658,0.706954,0.294254
71924374,Clvs2,0.390652,0.0278594,0.021452,0.0683324,1145,0.0450387,0.140587
70616019,Pcsk5,0.383779,0.0215537,0.0163189,0.0546194,882,0.0427096,0.383984
74988752,5730409E04Rik,0.386949,0.0784955,0.071899,0.120163,1818,0.843652,0.213587
1577,Abhd11,0.412393,0.0598485,0.0418736,0.173388,1658,0.0943014,0.47274
73817934,Eef1a1,0.344263,0.0474912,0.0402546,0.0932016,1370,0.186275,0.250439
71247644,Htr5b,0.438378,0.13855,0.138334,0.139919,2158,1,0.145554
74047717,Sorcs2,0.364893,0.0432821,0.0377525,0.0782103,1145,0.558967,0.436439
75551474,P2rx4,0.418814,0.144189,0.135353,0.2,1912,0.599995,0.278724
1567,Rgs16,0.455243,0.125113,0.110203,0.219291,1389,1,0.111752
74581375,Rtn4rl2,0.309209,0.0357693,0.0305037,0.0690296,1658,0.0498643,0.226247
112194721,Myc,0.589207,0.396814,0.385547,0.467984,2403,1,0.413176
73520969,Myo16,0.375827,0.111056,0.108143,0.12946,2695,0.896716,0.0995189
73615793,Nr4a3,0.373228,0.0591814,0.0504103,0.114585,2446,0.170839,0.0926526
73817431,Col12a1,0.350815,0.031322,0.0258123,0.0661243,1390,0.0525209,0.225583
74272477,Fez2,0.384909,0.0980003,0.088034,0.160953,1885,0.468885,0.0794593
2377,Lhx4,0.417007,0.0675519,0.0515509,0.168623,2079,0.12055,0.186246
70231308,Slc20a2,0.350376,0.0356422,0.0314604,0.0620569,882,1,0.454067
77371859,Zfp280c,0.413304,0.10599,0.100011,0.143754,1386,0.285135,0.172312
75080632,Purb,0.332532,0.0553376,0.0510542,0.082394,1409,1,0.188659
80343319,Tgfb1,0.346529,0.128941,0.124241,0.158629,2522,1,0.0784218
74881264,Zdhhc7,0.358159,0.0536381,0.0497112,0.0784428,1409,1,0.397681
72128752,Zfp385b,0.392277,0.0514621,0.0446701,0.0943637,1409,1,0.280858
74881286,Penk,0.37803,0.0144062,0.00864702,0.0507844,467,0.0511711,0.19056
1910,Pdgfd,0.463879,0.116774,0.104703,0.193027,1306,1,0.300036
836,Prdx1,0.616798,0.405264,0.396972,0.457641,15294,0.396103,0.174647
77866900,Lef1,0.4229,0.172271,0.171579,0.176641,1658,1,0.0967857
1482,Dlx2,0.517825,0.198431,0.183961,0.289831,1658,1,0.226456
293692,Aqp3,0.466434,0.121444,0.109155,0.19907,2383,0.933164,0.311004
71717115,Tnc,0.36045,0.0333868,0.026585,0.076351,1411,0.0528031,0.129333
74047920,Pacsin2,0.382888,0.0620404,0.0551753,0.105404,2110,0.734573,0.318335
2295,Hmga1,0.434204,0.0531616,0.0354712,0.164904,1418,0.0531469,0.261157
356856,Zfp810,0.388869,0.132102,0.12713,0.16351,4035,0.682596,0.11423
70743888,Gprasp1,0.395679,0.0280024,0.0213416,0.0700755,1145,0.0450387,0.179817
77869857,Paip2,0.42253,0.170047,0.169132,0.175828,2807,1,0.397602
79490078,Zfp189,0.418344,0.166839,0.160467,0.207089,2397,1,0.0497795
79556628,Arhgdig,0.362753,0.0662495,0.0619642,0.0933178,1658,0.911243,0.277763
75988524,Timp2,0.38892,0.117092,0.1169,0.118303,5479,1,0.183334
2707,Unc13c,0.428072,0.0564494,0.0331714,0.203486,978,0.0957521,0.371025
121091,Ptprcap,0.549954,0.286647,0.276557,0.350378,5689,0.512449,0.300001
70560277,S100a10,0.380967,0.0368811,0.0307981,0.0753051,1658,0.0498643,0.305948
74819464,Mrpl54,0.45432,0.138122,0.131453,0.180244,1890,1,0.39546
73520989,Icam5,0.427005,0.116965,0.101354,0.215572,2857,0.68267,0.228534
244,Cdk5,0.466258,0.109071,0.0918608,0.21778,1808,1,0.245656
554,Hars,0.481108,0.0638828,0.0415425,0.204997,1142,0.132943,0.0984949
70928292,Pea15a,0.396156,0.0794803,0.0674283,0.155607,1658,0.68836,0.25494
927,Satb1,0.502209,0.15194,0.134949,0.259268,1145,0.998255,0.208142
72081492,Rps19,0.337672,0.0365794,0.0305037,0.0749564,1658,0.0498643,0.283738
71836884,Chd7,0.404297,0.0895662,0.0847592,0.11993,1359,1,0.643386
73635974,Pid1,0.450046,0.164043,0.164864,0.158861,2912,1,0.291862
825,Pmp22,0.48874,0.0934576,0.0782831,0.189309,1409,0.9984,0.157702
1882,Crlf2,0.429195,0.0517797,0.0351216,0.157002,1682,0.0520573,0.373967
2321,Impg1,0.393821,0.0409314,0.0303566,0.107728,1213,0.201215,0.126706
73615573,Iqgap2,0.361115,0.0429486,0.0382493,0.0726322,1145,1,0.14359
77414921,Asb8,0.371239,0.0933465,0.0908305,0.109239,1621,0.953148,0.236919
73907501,Scn5a,0.365496,0.0738576,0.0664533,0.120628,1658,1,0.433182
79912572,Oprm1,0.382857,0.106212,0.0981896,0.156886,1712,1,0.109131
1197,Hook3,0.426817,0.0382312,0.0318468,0.078559,1323,1,0.222495
71836849,Ier2,0.54487,0.307295,0.304872,0.322603,2698,1,0.473077
73520992,Itpkb,0.345932,0.0321161,0.0265114,0.0675189,1409,0.0537114,0.0456756
77869865,Inpp5j,0.329306,0.0538128,0.0509622,0.0718187,1269,0.997642,0.150536
1679,Cacnb4,0.424225,0.0421862,0.0293815,0.123068,1339,0.187778,0.165163
73992910,Grem2,0.377722,0.0715863,0.0697649,0.0830912,2386,0.57945,0.0988084
346,Dkk3,0.441008,0.0598008,0.0439894,0.159675,1826,0.109232,0.119753
73769322,Cpne6,0.375934,0.0383106,0.0312029,0.0832074,1658,0.0498643,0.201285
75042242,Rims3,0.363343,0.061405,0.0531332,0.113655,2383,0.462397,0.308017
858,Ptpru,0.272969,0.0963484,0.0919528,0.124114,1303,0.543152,0.137994
75077152,Prl2c2,0.339047,0.0777808,0.0731685,0.106915,1998,0.862677,0.189024
75651226,Smpd4,0.354405,0.0574501,0.0524708,0.0889018,1053,0.974249,0.228735
1563,Pou2f1,0.559275,0.299401,0.292453,0.343289,1658,1,0.337903
73521820,Robo1,0.403826,0.109055,0.0958163,0.192679,1409,1,0.329329
323592,Dynlrb1,0.478089,0.20777,0.198256,0.267868,2383,1,0.145157
73929874,Cwc25,0.372871,0.04603,0.0380285,0.0965718,1658,1,0.180351
74881744,Nceh1,0.426032,0.0889468,0.0827354,0.128181,1890,1,0.251474
1038,Tac1,0.203752,0.0244127,0.0198697,0.0531087,520,0.738462,0.136803
73636039,Ablim2,0.364667,0.048476,0.0399603,0.102266,1409,1,0.305166
74511924,Sorl1,0.386585,0.0597373,0.0537771,0.0973852,1658,0.917278,0.243941
77413690,Stat5a,0.388198,0.118553,0.113754,0.148867,1602,0.651869,0.0283539
1838,Slc29a1,0.454508,0.0787655,0.0630864,0.177804,1168,1,0.223033
74658084,Mmp14,0.35541,0.0675042,0.0627369,0.0976177,883,0.914079,0.195922
79908808,Mecp2,0.392064,0.100097,0.0943261,0.136549,1890,1,0.462624
1561,Plxnb1,0.513262,0.218841,0.188891,0.408019,7019,0.20543,0.0357851
2661,Tfap2a,0.443751,0.0506202,0.0321595,0.167228,882,0.0887414,0.339005
79912548,Nrsn2,0.375921,0.0348322,0.0287743,0.073097,626,1,0.133833
1357,Gfap,0.420515,0.0486031,0.0346249,0.136897,1491,0.12593,0.17369
1988,Soga3,0.442527,0.0702362,0.0480001,0.210691,1409,0.111069,0.233119
367,Ripply3,0.394606,0.0612303,0.0464731,0.154445,1919,0.0969971,0.129868
74724760,Htr3a,0.381677,0.0869772,0.0815947,0.120976,1658,0.995649,0.0603332
1593,Srpr,0.411019,0.0434092,0.0292527,0.13283,1145,0.0521634,0.384561
73930820,Acyp2,0.480782,0.200781,0.200758,0.20093,5134,1,0.191553
77332684,Lypd6,0.370818,0.0469512,0.0398315,0.0919233,1145,1,0.0464643
2089,Agap3,0.427746,0.104417,0.0901866,0.194306,1677,0.626244,0.138818
890,Reln,0.195894,0.00640099,0.00303566,0.0276583,109,0.137506,0.213396
75147761,Igsf9b,0.345179,0.0402643,0.0346985,0.0754213,1886,0.0483564,0.255656
1607,Zfp423,0.508856,0.142775,0.121721,0.27577,1912,0.993246,0.0548466
2583,Slc18a1,0.424576,0.0400896,0.0253339,0.133295,1169,0.134704,0.0390573
758,Ogt,0.500533,0.103115,0.0827354,0.231842,2399,0.15688,0.208056
655116,Ugt8a,0.377603,0.0963484,0.0897082,0.138292,2705,0.452915,0.10661
74988747,Vegfa,0.363192,0.0390095,0.0345329,0.0672865,986,0.720841,0.233417
2603,Slc31a1,0.383804,0.0341492,0.0257755,0.0870424,1297,0.0799371,0.272997
70806049,Bdh2,0.45309,0.114074,0.104739,0.173039,4037,0.765332,0.0876831
293691,Slco3a1,0.463402,0.120396,0.10875,0.193957,2383,0.988994,0.348549
77371835,Vip,0.418149,0.126082,0.122732,0.14724,2616,1,0.0628768
73635796,Filip1,0.391587,0.136295,0.134029,0.15061,1658,1,0.109425
70743872,Gstm4,0.379028,0.0613733,0.0529492,0.114585,1418,1,0.457214
73769319,Clstn1,0.373643,0.044521,0.040549,0.0696107,1314,0.957282,0.154913
226,Cd81,0.424595,0.0626281,0.0471722,0.160256,1409,0.0649001,0.404496
71247615,Gpr6,0.385995,0.097905,0.089653,0.150029,2723,0.941294,0.131643
74425517,Atat1,0.395792,0.0821964,0.0786143,0.104823,1325,1,0.26358
75749415,Arsa,0.418293,0.117187,0.112724,0.145381,1658,1,0.248829
74988745,Cpne3,0.367266,0.0714274,0.0672996,0.0975015,1361,1,0.362283
72129283,Ufm1,0.358165,0.0385648,0.0312397,0.0848344,1658,0.0561056,0.183094
1902,Gm6740,0.416178,0.0500643,0.0335946,0.154096,1356,0.0525824,0.162753
1852,Slc9a8,0.398102,0.034864,0.0217647,0.117606,1145,0.0450387,0.414239
958,Sept5,0.328854,0.0220937,0.00956691,0.10122,389,0.218531,0.260147
2143,Eif4a3,0.429083,0.0533204,0.035232,0.167577,1409,0.0626259,0.342538
70814345,Cdc42ep1,0.312391,0.0363729,0.0311293,0.0694945,1658,0.0498643,0.331088
75080644,Synpo,0.373266,0.103528,0.097049,0.144451,1409,1,0.223118
75042264,Cth,0.513783,0.212837,0.200924,0.288088,2740,1,0.0574414
1450,Dlx5,0.570365,0.240776,0.226957,0.328065,2287,1,0.272999
71670734,Ust,0.390765,0.122508,0.117323,0.155259,2488,1,0.620072
73512350,LOC436099,0.377358,0.0771772,0.0722486,0.108309,1154,1,0.220741
73521005,Plxnd1,0.403663,0.0758907,0.063068,0.156886,1377,1,0.151788
112197625,Eno2,0.293656,0.036627,0.0332818,0.0577571,1183,1,0.117355
72472798,Ern2,0.340321,0.0267158,0.021176,0.0617083,1145,0.0450387,0.325619
72128775,Cemip,0.422831,0.1274,0.124112,0.14817,2465,1,0.120559
71717137,Rasl11b,0.367059,0.0318938,0.0259227,0.0696107,1409,0.0537114,0.216648
73992916,Rasgrf2,0.357173,0.0170587,0.0116827,0.0510169,626,0.0347568,0.142198
74272054,Adam19,0.402031,0.0767325,0.0717702,0.108077,1475,1,0.0963854
83167,Tm2d3,0.539667,0.239219,0.230802,0.292388,1962,1,0.196924
77925097,Tnfrsf25,0.443757,0.220604,0.220241,0.222894,5423,1,0.0990067
70928196,Adk,0.377095,0.033498,0.0262722,0.07914,1409,0.0534292,0.211316
72283812,Fstl5,0.315761,0.0311314,0.0259227,0.0640325,1409,0.0537114,0.101698
76085742,Nlk,0.382706,0.113661,0.109118,0.142359,1658,0.992685,0.198455
74882657,Mfn2,0.368854,0.0365317,0.0296942,0.0797211,1566,0.0524587,0.240069
72081514,Serpina3k,0.343886,0.0490319,0.0441918,0.0796049,1549,1,0.106994
75144621,Uts2b,0.346629,0.0881526,0.0857711,0.103196,1366,1,0.188014
74988626,Rab12,0.395585,0.0786385,0.0729477,0.114585,2524,0.840022,0.265426
73992920,Opcml,0.345763,0.0316873,0.0260146,0.0675189,1409,0.0537114,0.418474
73929869,Stim2,0.303993,0.0380883,0.0313868,0.0804184,1658,0.0498643,0.393677
1492,Ephb3,0.577658,0.285456,0.271664,0.372574,1662,1,0.300202
74363353,Ckap2,0.401322,0.159215,0.154892,0.186519,2553,0.979058,0.0863592
1986,C2cd2,0.42125,0.0737782,0.0577142,0.175247,1890,0.358132,0.38905
1023,Syt2,0.442282,0.0538446,0.0385988,0.150145,1658,0.0498643,0.394711
75145998,Ggt7,0.406161,0.0897886,0.0835265,0.129343,1618,0.995074,0.295039
293666,Uck1,0.438679,0.0986674,0.0855871,0.18129,1409,0.999083,0.305919
74988461,Tmem109,0.393319,0.094903,0.0899106,0.126438,1658,0.943396,0.368537
73818757,Gmppa,0.407209,0.0454582,0.0374765,0.0958745,1658,1,0.124688
71249079,Glt8d2,0.440644,0.107483,0.100526,0.151424,1658,1,0.152119
74743258,Pacrg,0.410774,0.0909163,0.084428,0.1319,1145,1,0.180946
71836885,Tnfrsf21,0.389152,0.0625804,0.0535011,0.11993,942,1,0.261958
70743878,Nab1,0.379279,0.0588161,0.047669,0.129227,1409,1,0.284727
1673,Brd8,0.464212,0.0908051,0.0754866,0.187565,1092,0.440415,0.185735
77414160,Gng2,0.407159,0.143411,0.134636,0.198838,5187,0.568949,0.0518174
808,Pld3,0.44677,0.0535587,0.0364463,0.16165,1434,0.111294,0.105498
1611,Gba,0.457854,0.0593402,0.0430879,0.161999,1409,0.0536569,0.171393
79568028,Efr3a,0.282716,0.0341174,0.0288847,0.0671702,1409,0.0553508,0.179083
2511,Pvrl4,0.374164,0.0499849,0.044339,0.0856479,1600,0.417573,0.371773
72472772,Cthrc1,0.389553,0.087152,0.0837841,0.108425,2616,1,0.136918
74047855,Slc25a10,0.357092,0.0270017,0.0211944,0.0636839,1145,0.0450387,0.665396
74958491,Iars2,0.329576,0.0350546,0.0293631,0.0710052,1145,0.17115,0.172612
75551460,Chrna2,0.422423,0.130926,0.126136,0.161185,1658,0.990338,0.583911
1655,Ppp2r2b,0.374082,0.0396766,0.0265666,0.122487,1023,0.0488329,0.358164
74640883,Gucy2f,0.378915,0.0592926,0.0522685,0.103661,1658,1,0.150282
73520987,Hsd11b1,0.38934,0.102098,0.0897266,0.180244,1754,1,0.0925628
73817928,Gem,0.336963,0.0417732,0.035048,0.0842533,1890,0.0483564,0.211324
72283789,Tiam1,0.359445,0.0969361,0.0946388,0.111447,3486,0.662235,0.268343
1629,Kctd5,0.420597,0.068219,0.050631,0.179314,1926,1,0.134003
77925143,Cirh1a,0.410504,0.164679,0.163852,0.169901,4420,0.993557,0.110558
7,Gtf3c2,0.393363,0.0449975,0.0299334,0.140151,1098,0.0967204,0.378645
71670677,Npnt,0.393031,0.0945059,0.0892851,0.127484,1145,1,0.232357
73992711,B3gnt5,0.385103,0.0434569,0.0353976,0.0943637,1890,0.0480741,0.0461214
276075,Pygb,0.364504,0.0827999,0.0762041,0.124463,1284,0.521197,0.242295
930,Sbno1,0.540583,0.224051,0.215403,0.278675,1235,1,0.293151
75079745,Ctla4,0.473419,0.184295,0.178828,0.218826,2718,1,0.12583
79556646,Lrp5,0.424444,0.149129,0.148876,0.150726,2740,1,0.167738
80343383,Cdkn1a,0.421952,0.137883,0.128822,0.195119,1890,1,0.190521
73718057,Scg3,0.335626,0.0407567,0.0348088,0.0783266,1890,0.0483564,0.121438
74581447,Pex5l,0.370912,0.0280182,0.0214336,0.0696107,1145,0.0450387,0.184936
70612726,Galns,0.39219,0.0517797,0.0466571,0.0841371,1145,0.242143,0.406668
72119660,Kcnj5,0.423515,0.0988898,0.0944365,0.127019,1351,1,0.0556817
2367,Lat,0.462643,0.0665989,0.0509254,0.165601,1417,1,0.362335
75080238,Tekt1,0.367253,0.0615798,0.0541634,0.108425,1890,0.618294,0.0946626
1980,Olfml2b,0.440901,0.0481424,0.0311293,0.155607,1154,0.171928,0.217198
2363,Aff4,0.373065,0.0642005,0.0496928,0.15584,1542,0.0927463,0.386336
72104184,Fabp7,0.37171,0.0350387,0.0271921,0.084602,1409,0.146587,0.14352
1512,Myb,0.435924,0.063724,0.0480553,0.162696,1418,1,0.390467
74641209,TC1541413,0.387137,0.0564653,0.051091,0.0904126,1409,1,0.232324
73512197,Sirpa,0.348681,0.084563,0.0791478,0.118768,1409,0.980057,0.359653
72340236,AW046396,0.384696,0.0572595,0.0510358,0.0965718,1154,0.835966,0.235228
77278965,Mylip,0.364498,0.118188,0.114656,0.1405,1409,1,0.15128
71670480,Insrr,0.418758,0.110913,0.106579,0.138292,1658,1,0.12152
73512192,Rasa2,0.393972,0.0763354,0.0723406,0.101569,1409,1,0.211098
112197858,Creb3l1,0.558302,0.376896,0.368547,0.429634,2949,1,0.356209
143,Bace2,0.388185,0.0562747,0.0451485,0.126554,1215,0.60778,0.0548387
75774105,Alg5,0.482577,0.207357,0.203095,0.234282,6317,1,0.389846
1579,Atp5a1,0.41331,0.0374529,0.022979,0.128879,1092,0.203445,0.148261
356086,Abcd1,0.469107,0.103623,0.0899842,0.189773,1658,1,0.363566
74425542,Akr1c18,0.383302,0.0934735,0.0879788,0.128181,1546,0.509577,0.104951
75042250,Gbe1,0.371615,0.0691879,0.0628841,0.109006,1375,0.629941,0.297395
74882217,Tmx4,0.376109,0.0373259,0.0315708,0.0736781,882,1,0.249244
2739,Ywhae,0.459749,0.0709509,0.0546234,0.174085,882,0.656992,0.184375
70813921,Gch1,0.361925,0.0218237,0.0164661,0.0556653,882,0.0517241,0.111479
74363354,N4bp2,0.422078,0.174113,0.168488,0.209646,2390,0.75775,0.462542
77340462,BC053994,0.446939,0.203323,0.20326,0.203719,2666,0.915189,0.204463
1297,Tacr3,0.503483,0.0666307,0.0441918,0.208367,1145,0.944334,0.0951387
73512497,Dusp3,0.322534,0.0164869,0.0116275,0.0471819,626,0.0347568,0.140402
73930838,Asic2,0.365872,0.0393907,0.0316628,0.0882045,1658,0.0496294,0.219461
321201,BC005537,0.483324,0.170428,0.159308,0.240674,3105,1,0.178684
74957908,Ubr1,0.453793,0.110358,0.104408,0.147937,2688,1,0.324808
73817986,Exoc6,0.374208,0.0459505,0.0376237,0.0985474,1890,0.229044,0.250991
77869840,Acan,0.3843,0.12929,0.123781,0.164091,1135,1,0.0595806
72008493,Wnt9a,0.364096,0.0268746,0.0212496,0.0624056,1145,0.0450387,0.0794361
74047921,Podxl2,0.376172,0.0465382,0.0390772,0.0936665,2110,0.040966,0.271999
74272052,Map7d2,0.40478,0.0774949,0.0729109,0.10645,1409,1,0.352412
75749399,Cul4a,0.380428,0.112645,0.105733,0.156304,2177,1,0.230891
77280426,Arrdc3,0.35433,0.0322114,0.0266218,0.0675189,1409,0.0537114,0.218706
1209,Gng3,0.408872,0.0391683,0.0244508,0.132132,882,0.0488329,0.238075
1175,Cnp,0.480286,0.0729205,0.056592,0.17606,1658,0.621314,0.119148
70431432,Inhba,0.388775,0.0363888,0.0284984,0.0862289,906,0.396509,0.277272
72119591,Ngef,0.412814,0.0814816,0.0774552,0.106915,1361,1,0.271946
227159,Wdr5,0.465574,0.0873267,0.0641535,0.233701,1934,0.288243,0.203611
73592540,Col4a2,0.404385,0.0409314,0.0330794,0.0905288,1658,0.119,0.20946
2557,Frrs1,0.478227,0.141521,0.127424,0.230564,1916,1,0.246667
1762,Kcnk13,0.404918,0.0334186,0.0193546,0.122255,626,0.0511108,0.341851
71836882,Nudt4,0.351154,0.0380406,0.0314788,0.0794887,1658,0.0660066,0.207732
74750054,Cacng7,0.412883,0.091917,0.0886779,0.112377,2565,1,0.17488
74819256,Il13ra1,0.425976,0.0875332,0.0796446,0.137362,1145,1,0.129049
74511880,Daam2,0.366657,0.0379453,0.0308349,0.0828588,1658,0.0498643,0.229175
73520983,H2-Eb1,0.339392,0.0333074,0.0272473,0.0715863,1461,0.0534292,0.0304392
2153,Dnajb12,0.445182,0.0491431,0.0312397,0.162231,949,0.113246,0.183492
72080175,Trnp1,0.359665,0.0457599,0.0369982,0.101104,1890,0.130919,0.215467
79567753,Mtmr7,0.375726,0.0812751,0.0769033,0.10889,1145,1,0.210476
73732148,Twf2,0.367272,0.0643276,0.0598852,0.0923881,1136,0.420308,0.352311
71924087,Ank2,0.364912,0.0810527,0.0769769,0.106798,1658,1,0.780323
276276,Asb8,0.452525,0.0793532,0.0623321,0.186868,1894,0.969948,0.421934
74881515,Acacb,0.368389,0.0610874,0.0554697,0.0965718,1182,1,0.157895
73616036,Mgat5b,0.397863,0.0637875,0.0600876,0.0871586,1952,0.526313,0.29463
70301083,Nrxn1,0.398441,0.0374053,0.0307061,0.0797211,1658,0.0498643,0.245834
71250308,Styk1,0.430106,0.0784955,0.0708136,0.127019,2019,0.578191,0.0551258
75080633,Capzb,0.35074,0.0696167,0.065331,0.096688,1409,1,0.147033
130913,Rarg,0.453354,0.0693944,0.0535379,0.169553,1890,0.841202,0.291174
71717592,Smoc1,0.354751,0.0371512,0.0305405,0.0789076,1658,0.0498643,0.0967127
112647321,Gdnf,0.341288,0.118077,0.112595,0.152702,1413,0.782655,0.400828
323595,Uqcrb,0.412626,0.103575,0.0967362,0.146775,2110,0.813749,0.23708
77280329,Arhgef10,0.417641,0.136533,0.129668,0.179895,1215,1,0.0919112
39,Cnih3,0.58964,0.285884,0.259595,0.451947,11816,0.361641,0.0936868
77371797,Ctss,0.3769,0.126241,0.122953,0.147008,2950,1,0.161992
74988273,Dnah12,0.452211,0.143363,0.131987,0.215224,4403,0.948819,0.0900624
74363348,Fam184a,0.362835,0.0405025,0.03135,0.0983149,1658,0.0498643,0.623737
73931382,Frmd6,0.402201,0.0795279,0.0726901,0.122719,1306,1,0.0966457
953,Sema5b,0.376467,0.0416462,0.026401,0.137943,910,0.0779735,0.0418569
1571,Slc20a1,0.422932,0.0417256,0.0269713,0.134922,1418,0.0531469,0.310949
75651166,Ube2e3,0.343666,0.0811639,0.0752658,0.11842,1658,1,0.159597
74819232,Hdlbp,0.341137,0.0544958,0.0493064,0.0872748,1409,0.982212,0.161329
77280432,Coro6,0.337522,0.0274782,0.0223351,0.0599651,1206,0.0568482,0.0913181
74819696,Tgfbr2,0.403167,0.102543,0.100379,0.116212,4309,0.676545,0.0636959
75934917,Rps4l,0.44232,0.152623,0.147349,0.185938,1808,1,0.368182
73992720,Dlgap2,0.379455,0.0343875,0.0269345,0.0814643,1288,0.194377,0.333453
72472778,D830029A09Rik,0.367285,0.0445846,0.0379365,0.0865776,1409,0.990521,0.181165
74658019,Arl10,0.38172,0.0572595,0.050631,0.0991284,1658,0.856767,0.48081
74724659,Ccr10,0.419511,0.0818787,0.0752291,0.123881,1145,1,0.138656
73992710,Plekha7,0.382486,0.0443304,0.0361519,0.0959907,1890,0.158518,0.30781
74658111,Ccdc92,0.409632,0.101955,0.0915848,0.167461,2523,0.516127,0.246472
74047774,Spint2,0.389328,0.0574501,0.0516613,0.0940151,1379,0.491587,0.22532
73592537,Tmem65,0.362314,0.0415191,0.034772,0.0841371,1890,0.0483564,0.25978
72109633,Chst2,0.352956,0.0646929,0.0601612,0.0933178,1409,0.956219,0.143261
67850946,Prpf6,0.484365,0.185041,0.181091,0.209994,2353,1,0.224303
76085748,Ltbp4,0.405791,0.0571007,0.0407146,0.160604,1890,0.0761101,0.205945
73521805,Rab3c,0.365866,0.0585619,0.0497296,0.114352,1890,0.72128,0.17826
79488927,Tcf4,0.377088,0.0932988,0.0918608,0.102382,1330,1,0.211427
73771239,Dusp10,0.377773,0.127639,0.119053,0.181871,4575,0.842238,0.168952
74581450,Slc8a2,0.432365,0.102193,0.0962579,0.139686,2919,1,0.169474
74357565,Mum1l1,0.37171,0.0330215,0.0266402,0.0733295,1409,0.0537114,0.247498
77278973,Serinc5,0.33154,0.0352769,0.0275417,0.0841371,1409,0.284483,0.110675
72081416,Acadl,0.305801,0.0856589,0.0824778,0.105752,1905,0.931525,0.154784
74581396,Net1,0.411019,0.097762,0.0917688,0.135619,1658,0.885386,0.417335
80343334,Kiss1r,0.281348,0.0419638,0.0362255,0.0782103,1409,0.972077,0.0273563
1633,Sh2b3,0.455287,0.0718722,0.0563712,0.169785,1272,1,0.176462
2241,Fzd4,0.410511,0.058149,0.0466571,0.130738,1994,0.202075,0.0369033
71063715,Mapk8,0.337384,0.0407567,0.034772,0.078559,1890,0.0483564,0.274422
506,Gnao1,0.356226,0.0435522,0.0283144,0.139802,1168,0.165867,0.128538
166,Bsg,0.401705,0.0339586,0.0199065,0.122719,626,0.0511108,0.123856
77280419,Atpaf1,0.386095,0.0829111,0.0778784,0.114701,1409,1,0.242569
74581394,Pltp,0.35632,0.0568942,0.0510542,0.0937827,1701,0.671205,0.132683
74988741,Kansl3,0.355278,0.0408043,0.0349928,0.0775131,1890,0.049176,0.269114
74988763,Gpd1l,0.256939,0.000524151,9.19895e-05,0.00325392,5,0.0207469,0.185816
2597,Slc26a8,0.443186,0.0593879,0.0434743,0.159907,1409,0.0587869,0.397331
2460,Pafah1b1,0.432848,0.0796709,0.0645951,0.174898,1890,0.846618,0.136312
74881855,Plekhg5,0.398064,0.0449817,0.0373294,0.0933178,1658,0.966581,0.393894
73818755,B3gat1,0.410234,0.0866278,0.0795342,0.131435,2665,1,0.245463
73931630,D8Ertd82e,0.435378,0.11112,0.102513,0.165485,1880,1,0.414239
71836880,Dbi,0.392121,0.106069,0.097049,0.163045,2979,1,0.568284
70928271,Alcam,0.369306,0.0271605,0.0211024,0.0654271,1145,0.0450387,0.24684
73615804,Pgr15l,0.402332,0.115948,0.105898,0.179431,2110,0.74342,0.215682
70634296,Bag2,0.367178,0.0427103,0.0371454,0.0778617,1145,0.250445,0.5999
79912546,Flt3l,0.504437,0.229483,0.23071,0.221732,5912,1,0.0325145
2478,Pgrmc1,0.400832,0.050239,0.0356,0.142708,1425,0.110583,0.170172
73636090,B4galnt3,0.396771,0.067536,0.061449,0.105985,1340,1,0.33199
72081515,Tanc1,0.378764,0.036087,0.0305037,0.0713539,1658,0.0498643,0.134879
71924279,Fam167a,0.42162,0.117775,0.110921,0.161069,3722,1,0.227142
74047923,Abhd6,0.396345,0.0482219,0.0414505,0.0909936,1145,1,0.194037
75147767,Adam33,0.375475,0.0534951,0.0466571,0.096688,1658,1,0.267763
73994715,Lyst,0.409117,0.0706174,0.0628473,0.119698,2110,1,0.594013
75774676,Gdap1l1,0.358027,0.0527804,0.0473562,0.0870424,1890,0.892704,0.158209
79490122,Camk2a,0.356872,0.0416303,0.0374581,0.0679837,1154,1,0.360795
67853369,Kcnj14,0.415262,0.0978732,0.0924679,0.132016,1658,0.965096,0.534548
74425539,Cda,0.446669,0.16155,0.157964,0.184195,1658,1,0.440119
287,Col18a1,0.419586,0.0500484,0.0303933,0.174201,826,0.226181,0.0823689
1834,Six1,0.443456,0.0793532,0.0634728,0.179663,2496,0.997468,0.275184
1217,Icosl,0.478353,0.0579742,0.0397579,0.173039,1145,0.0552199,0.368379
77414923,Zfand3,0.383371,0.116282,0.110001,0.155956,1494,1,0.277119
73592529,Cdh10,0.372864,0.0395178,0.0326931,0.0826264,1343,0.453328,0.331878
77414589,Tmem64,0.427463,0.148541,0.141425,0.193492,1751,1,0.159914
79908848,Snca,0.44719,0.14843,0.142253,0.187449,2374,0.745537,0.55949
72283809,Strip2,0.371421,0.042345,0.0349192,0.0892504,1890,0.0483564,0.11646
1545,Trim25,0.440794,0.0600232,0.0396107,0.18896,1201,0.117333,0.0743585
71717686,Sh3bgrl2,0.382536,0.0664559,0.0648342,0.0766996,2379,0.596831,0.115482
72081406,Car12,0.340547,0.026557,0.0207712,0.0631028,1115,0.0440099,0.189962
74819465,Efcab6,0.384878,0.115091,0.113074,0.127833,1409,1,0.322517
70612727,Crip2,0.374383,0.0323703,0.0257019,0.0744916,1100,0.225893,0.35594
74363356,Fat4,0.340327,0.0828952,0.0756522,0.128646,2379,0.735766,0.0483612
74724775,Tppp,0.430532,0.123001,0.112963,0.186403,2631,0.944875,0.298255
1639,Slc25a22,0.433802,0.0560365,0.0396107,0.159791,1200,0.0679043,0.223914
71836874,Nmb,0.353991,0.0573866,0.0516797,0.093434,1409,0.68727,0.137809
74800882,Sorcs1,0.399746,0.0647247,0.0592781,0.0991284,1409,1,0.237783
74988738,Ubtf,0.349096,0.0555441,0.0514774,0.0812318,1505,1,0.271203
73520970,Fam163b,0.39347,0.0842135,0.0771424,0.128879,1409,0.993387,0.141903
73520993,Kctd12,0.376266,0.0772566,0.072359,0.108193,1409,1,0.177814
79591365,Slc6a3,0.322251,0.0628187,0.0574199,0.0969204,1465,0.388674,0.135154
2039,Ar,0.429974,0.121111,0.108308,0.201976,1542,1,0.535161
74512028,A830036E02Rik,0.33466,0.0323544,0.0268609,0.067054,1460,0.0531469,0.102949
80517343,Galr2,0.470852,0.242666,0.23599,0.284834,2542,0.543423,0.259823
1748,Homer1,0.467344,0.0522721,0.0346249,0.163742,942,0.0636937,0.152784
72129293,Lrrn1,0.383572,0.0575136,0.0521397,0.0914585,1263,1,0.210342
72129244,Mmp16,0.365948,0.0501596,0.0457924,0.0777455,1359,1,0.205676
61210,Adipor1,0.557498,0.218507,0.195183,0.365834,4375,0.805494,0.427929
75041575,Dscaml1,0.349391,0.0576407,0.0525628,0.0897153,1685,0.382817,0.172869
70928384,Anxa2,0.385474,0.0483966,0.0429039,0.0830912,1145,0.765379,0.0420359
71836871,Echdc2,0.36387,0.0700615,0.0664533,0.092853,1430,0.909552,0.527122
73512348,LOC434631,0.336015,0.0707762,0.0673364,0.0925044,1328,1,0.151071
74047876,Slc10a3,0.397732,0.0770501,0.0709055,0.115863,1584,1,0.220557
70743843,Plekha2,0.351512,0.0158992,0.0115171,0.0435793,626,0.0347568,0.424367
71249068,Rfx4,0.400845,0.0650264,0.0595724,0.099477,1409,1,0.104776
79567811,Gpr88,0.375827,0.0770343,0.0743276,0.0941313,1397,0.973134,0.254292
70805906,Rtn4,0.383051,0.0276212,0.0211392,0.0685648,1145,0.0450387,0.173301
74881889,Bche,0.37471,0.0807986,0.0742172,0.122371,1658,1,0.103877
323590,Mocs1,0.423001,0.110898,0.100876,0.174201,2003,0.371683,0.387114
74819460,Lpin1,0.449035,0.088502,0.0819995,0.129576,1890,1,0.5297
74583118,Eid1,0.405508,0.0461411,0.0400155,0.0848344,1168,1,0.117612
77332686,Ece2,0.375293,0.0534792,0.0475402,0.0909936,997,1,0.172339
2389,Madcam1,0.384758,0.0218714,0.00929094,0.101336,285,0.97992,0.430048
655497,Nnat,0.488809,0.187265,0.182158,0.219524,2932,1,0.274195
827,Pnck,0.483204,0.128512,0.113294,0.224637,3639,0.777546,0.120583
74425545,Zdhhc9,0.361868,0.0483013,0.0414321,0.0916909,1658,1,0.237072
80516967,Sema5a,0.386679,0.148891,0.146043,0.16688,1886,0.845752,0.228404
2027,Ankrd10,0.389334,0.0537969,0.0384148,0.150959,1650,0.0563831,0.105204
544326,Phyhipl,0.376969,0.0339586,0.0271553,0.076932,1409,0.053839,0.292072
544901,Clptm1,0.355322,0.0284471,0.0232182,0.0614759,1262,0.0537114,0.129732
74988656,Scube3,0.451847,0.191823,0.190032,0.203138,2996,0.91519,0.426352
75651162,Zfpm2,0.363839,0.0471259,0.0400155,0.0920395,1145,0.979463,0.140914
75551467,Gabra6,0.370486,0.0666465,0.05271,0.154678,1658,0.923989,0.417372
75084501,Pak6,0.332582,0.0493496,0.0435111,0.0862289,1135,1,0.35391
73994717,Mal2,0.386936,0.0555123,0.0461604,0.114585,2110,0.409938,0.339344
74047913,Pi4k2a,0.390125,0.0770978,0.0691209,0.127484,1857,0.760583,0.278246
71924502,LOC432748,0.301112,0.0480948,0.0436766,0.0760023,760,0.645678,0.17541
73592530,Igfbp5,0.358322,0.0275417,0.0215072,0.0656595,1167,0.0462616,0.369529
74881514,Slc35e2,0.373203,0.0640576,0.0577142,0.104126,1361,1,0.339484
74511884,Rgs4,0.41326,0.0339904,0.0268793,0.0789076,1409,0.0537114,0.292253
77887886,Gldc,0.403224,0.1291,0.123836,0.162347,2158,1,0.142497
71358554,Pcdh18,0.371452,0.026954,0.0211024,0.0639163,1145,0.0450387,0.291553
71670735,Xk,0.354575,0.0572436,0.0512934,0.0948286,1890,0.991111,0.0546672
71717187,Fstl4,0.380371,0.0336886,0.0257203,0.0840209,1145,0.15307,0.204061
71836877,Upp1,0.364071,0.0714433,0.0661221,0.105055,1658,1,0.739586
72340208,A830039N20Rik,0.343798,0.0176464,0.0116827,0.0553167,626,0.0347568,0.150717
75041573,Rufy4,0.363481,0.0829429,0.0789638,0.108077,2489,0.644482,0.133477
2337,Kcne3,0.405251,0.0399466,0.0252971,0.132481,984,0.10567,0.322827
74819257,Dffa,0.41953,0.067123,0.0596276,0.114468,1145,1,0.280066
1051,Tsc22d1,0.432629,0.0383901,0.0245428,0.125857,966,0.0841282,0.151314
73925716,Lancl3,0.443669,0.123064,0.113129,0.185822,1368,1,0.708392
77414563,Ptcd2,0.395535,0.131006,0.128031,0.149797,1132,1,0.154215
2651,Syt4,0.479181,0.103544,0.085863,0.215224,2570,0.489188,0.268984
77332086,Nmbr,0.455444,0.208247,0.201862,0.248576,1974,1,0.120945
74881146,Itm2a,0.404768,0.0353881,0.0271369,0.0875073,1409,0.0760128,0.114923
1444,Wnt4,0.51426,0.129497,0.10829,0.263451,2110,0.978022,0.143722
70634108,Lrrc49,0.38258,0.0486666,0.0427751,0.0858803,1170,0.685867,0.160538
74641313,Gpr17,0.345016,0.101272,0.0981161,0.121209,1658,1,0.19864
72472780,Esyt3,0.361611,0.0413126,0.0367958,0.0698431,1050,0.875664,0.0695536
71836903,Ehd3,0.365584,0.0495243,0.0420208,0.0969204,1890,0.763521,0.166381
70560278,Gpr165,0.399596,0.0611986,0.0540899,0.106101,1658,0.92623,0.290003
544712,Cntnap2,0.401629,0.0529074,0.0467859,0.0915747,1590,0.672132,0.258274
73718048,Agpat4,0.392127,0.0627869,0.0553961,0.109471,1890,1,0.251065
71717305,Galnt16,0.390332,0.0374847,0.0306141,0.0808832,1120,0.956176,0.207703
1379,Msto1,0.453994,0.10834,0.0954668,0.189657,2112,1,0.091259
74819230,Tomm20,0.404215,0.0957607,0.0881444,0.14387,1982,0.952312,0.119865
79556632,Syt12,0.428147,0.158532,0.152077,0.199303,2979,0.925845,0.357977
71020390,Stt3b,0.348418,0.0364364,0.0305037,0.0739105,1658,0.0498643,0.296093
337,Ddx3x,0.399966,0.0456488,0.0285352,0.153748,723,0.222177,0.0784009
1371,Lrig1,0.387413,0.029686,0.0196122,0.0933178,927,0.11028,0.144036
74425554,Ldhd,0.41948,0.135151,0.130883,0.162115,1890,0.902462,0.228816
74800954,Fbxo9,0.369205,0.0629298,0.0574935,0.097269,1658,0.999244,0.243573
3,Snap47,0.450491,0.0653759,0.0484049,0.172574,1658,0.081932,0.224184
1195,E2f4,0.429478,0.0323226,0.0175516,0.125625,910,0.0530329,0.413534
71924249,Utp14b,0.417936,0.120205,0.11438,0.157002,1662,1,0.281136
70634236,Socs6,0.411766,0.0400102,0.0330794,0.0837885,1409,1,0.306432
1514,Ndel1,0.520788,0.111263,0.0882548,0.256595,2028,0.772917,0.299466
74581426,Lrrc1,0.40168,0.0601503,0.0536115,0.101453,1658,0.883598,0.152423
71924451,Cntnap3,0.433796,0.144713,0.144166,0.14817,1409,1,0.255066
74363346,Ccdc88c,0.434524,0.15607,0.151488,0.185009,2555,0.964767,0.329199
71836879,Prss12,0.364134,0.074477,0.0642639,0.138989,1658,1,0.149717
75551469,Gabrg1,0.369155,0.0726505,0.0663797,0.11226,1658,1,0.136581
2385,Lmo4,0.40419,0.052145,0.037311,0.145845,1409,0.0648705,0.167084
73521808,Stard8,0.443782,0.160867,0.15618,0.190471,4798,1,0.129075
75551461,Chrna6,0.355221,0.0386124,0.0312397,0.085183,1658,0.0767635,0.0928295
70562070,Npffr2,0.396263,0.056513,0.050907,0.0919233,1467,0.871256,0.243528
74511905,Serpina3c,0.384131,0.0825458,0.0780255,0.111098,1658,0.993953,0.116425
74047908,Ppp2r5d,0.351681,0.0431392,0.0392979,0.0674027,1250,1,0.515268
293682,Atp6v0b,0.457502,0.156499,0.143485,0.238698,2400,0.893532,0.199411
71358555,Rxfp3,0.358899,0.0267634,0.0211024,0.0625218,1145,0.0450387,0.607474
74749942,Sgcz,0.402025,0.057196,0.051459,0.093434,1022,1,0.222776
71064278,Rcan2,0.434022,0.0603091,0.0517901,0.11412,1409,0.546073,0.233458
2653,Sytl3,0.412136,0.0551947,0.0394451,0.154678,909,1,0.0716635
73994666,Mpp6,0.429359,0.138455,0.13206,0.17885,2349,1,0.125992
74819688,Slx1b,0.385336,0.0508585,0.0437318,0.0958745,882,1,0.463761
276069,Ube2t,0.444523,0.128385,0.118538,0.190587,2110,1,0.352097
73931423,Gm17746,0.416624,0.128401,0.119991,0.181522,2531,0.96503,0.610121
75043154,Rbmx,0.406964,0.0732064,0.0657173,0.120511,1658,1,0.353759
70744515,Kctd1,0.397543,0.0342763,0.0268793,0.0809994,1419,0.0676568,0.108123
2468,Pcdhb20,0.445866,0.0677107,0.0498215,0.180709,1884,0.0805176,0.169245
71920521,Sobp,0.402207,0.0764148,0.0715679,0.107031,1264,0.86366,0.396353
77414884,Synj2bp,0.437957,0.192109,0.189627,0.207786,2650,0.887366,0.076467
67855414,Trp53,0.410046,0.097492,0.0868197,0.164904,1530,0.645257,0.195016
75043148,7420498E04Rik*,0.451163,0.188377,0.185984,0.203486,1409,1,0.376649
72119628,Adra1d,0.400738,0.0542893,0.049196,0.0864614,1359,1,0.3471
74357546,Slc8a3,0.353433,0.0290665,0.0240461,0.0607786,882,0.231734,0.166511
79556722,Aqp4,0.388907,0.10591,0.103231,0.122836,1347,1,0.150026
75651224,Sirt2,0.362012,0.0449181,0.040273,0.0742592,1145,0.808962,0.31333
984,Snap91,0.414189,0.0724281,0.0562976,0.174317,1658,0.482328,0.379673
343,Dgkg,0.405332,0.0422021,0.0276521,0.134108,1263,0.261606,0.0453992
199392,Mef2a,0.546948,0.234915,0.21796,0.34201,2617,0.663636,0.259434
74988636,Rassf4,0.386804,0.0810051,0.0735364,0.128181,1409,0.514471,0.0998111
1315,Shroom1,0.43733,0.0477612,0.033429,0.138292,1072,0.696239,0.122791
1804,Pde1c,0.540533,0.286488,0.279004,0.333759,9444,0.461175,0.0204142
74724762,Krt80,0.345907,0.107324,0.0981896,0.16502,3686,0.739636,0.0916184
1832,Siglece,0.365678,0.0500961,0.0365015,0.135967,1541,0.151376,0.0820994
79587726,Sod1,0.386892,0.0586255,0.0545314,0.0844858,1315,0.966201,0.3055
1462,Il1rap,0.394813,0.0475706,0.0313684,0.149913,1409,0.261491,0.117398
74818624,Gemin4,0.456197,0.173573,0.169206,0.201162,2124,0.865329,0.583835
72108825,Kcnc1,0.385474,0.0321479,0.0260514,0.0706566,1409,0.0537114,0.309349
73520979,Sytl2,0.338771,0.0227291,0.0180116,0.0525276,979,0.0421727,0.113309
71717084,Pdyn,0.378513,0.0352134,0.0276889,0.0827426,882,0.671289,0.47019
73925717,Fhdc1,0.387156,0.055147,0.0484417,0.0975015,1129,0.941066,0.30244
112645169,Rest,0.369199,0.169253,0.166667,0.18559,1409,1,0.164534
74047925,Ank3,0.402445,0.0278435,0.0205321,0.0740267,1076,0.0660066,0.20883
1677,Ankrd54,0.410216,0.0376118,0.0232182,0.12853,984,0.155809,0.366268
72108824,Glra1,0.403933,0.0667101,0.0603083,0.107147,1409,1,0.063254
1301,Top2a,0.39873,0.0354834,0.0247636,0.103196,1206,0.078534,0.105628
2450,Omg,0.368829,0.0348163,0.0244508,0.100291,953,0.22563,0.203751
74273116,Slc26a10,0.461959,0.176559,0.163134,0.26136,2383,0.996842,0.115751
205,Ccnd2,0.416774,0.0729999,0.0579166,0.168274,1596,0.0927463,0.0784489
71717614,Coch,0.365163,0.0269699,0.0211024,0.0640325,1145,0.0450387,0.168357
71015350,Mgst3,0.360607,0.0449817,0.0328035,0.121906,882,0.991416,0.139407
1601,Bcl7b,0.455826,0.0538604,0.0379917,0.154096,1145,0.0543993,0.368445
74882216,Tmem131,0.364103,0.0199495,0.0128601,0.0647298,626,0.0818451,0.220574
121096,Tnfrsf25,0.447755,0.0983497,0.078835,0.221615,2432,0.134288,0.211832
75079765,Ptp4a1,0.369186,0.0479518,0.0431983,0.0779779,1145,1,0.209313
637,Lig1,0.515289,0.216585,0.185267,0.41441,6893,0.144133,0.0228297
72081547,Prrt3,0.362828,0.0217761,0.0162638,0.056595,882,0.0427096,0.272797
70301087,Kcnab1,0.397506,0.0498261,0.0379733,0.124695,2034,0.0445552,0.248404
77280436,Eya4,0.37031,0.0733493,0.0653494,0.123881,1487,1,0.141027
72340233,Amph,0.358334,0.0419003,0.0361519,0.0782103,1081,1,0.282312
77869867,Prkcq,0.441271,0.214092,0.21807,0.18896,2998,1,0.410224
357099,B4galt3,0.477744,0.163011,0.152114,0.231842,4343,0.469877,0.165797
77869814,Ssr2,0.405226,0.138296,0.127681,0.205346,2716,1,0.225826
70562124,Rxfp1,0.344715,0.0223479,0.0176804,0.0518303,961,0.0502813,0.253465
73520985,Hpcal4,0.340955,0.0321161,0.0261066,0.0700755,1409,0.0537114,0.294687
75042269,Lcat,0.374509,0.0475706,0.0394819,0.0986636,1658,0.742188,0.150129
2019,Adrm1,0.423302,0.0540828,0.0381941,0.154445,1145,0.0543993,0.228651
74819259,Copg2,0.405715,0.0631522,0.0556537,0.110517,896,0.994764,0.313946
26,Cdca7,0.438102,0.0591655,0.0430143,0.161185,1708,0.1,0.130949
227161,Acadvl,0.458613,0.0790514,0.0589469,0.206043,1890,1,0.24505
74957923,0610010F05Rik,0.341332,0.0644388,0.0592229,0.0973852,1409,0.557247,0.148921
77925095,Fzd4,0.458098,0.183913,0.18179,0.197327,2779,1,0.199128
2093,Chga,0.427783,0.0421227,0.0320676,0.105636,1662,0.0484482,0.1619
71924353,Clmp,0.400035,0.109547,0.107149,0.124695,1179,1,0.420627
73635816,Pacs2,0.373611,0.0953478,0.0909593,0.123068,1658,0.626748,0.252201
74658000,Apba1,0.371,0.0406773,0.0328035,0.0904126,1683,0.0666999,0.292554
71670489,Maob,0.37304,0.0821487,0.07074,0.154213,931,0.612898,0.293324
558,Hgf,0.460597,0.11004,0.0966442,0.194654,3498,0.789522,0.0506342
77280335,Arpc1a,0.394217,0.0618657,0.0569967,0.0926206,1145,1,0.182212
72472748,Fam43a,0.389817,0.125304,0.122659,0.14201,2844,0.821569,0.314773
77887878,Ano6,0.461764,0.195333,0.192166,0.21534,2715,1,0.263575
73992938,Cyld,0.413906,0.133643,0.128933,0.163393,2840,0.696012,0.138875
70743841,Mrpl12,0.37014,0.0558141,0.04226,0.141429,1889,0.0511108,0.19685
73636035,Scrt1,0.363575,0.0403755,0.0332266,0.0855317,1658,0.233438,0.186678
72103830,Cygb,0.355039,0.026954,0.0210656,0.0641488,1145,0.0450387,0.346677
74658085,Msn,0.375394,0.0827999,0.0786695,0.10889,1361,1,0.392191
2177,Efemp2,0.4541,0.0523039,0.0353792,0.15921,1409,0.0525209,0.594681
72128751,Zdhhc2,0.411326,0.0743976,0.063528,0.143056,1409,1,0.641945
70743898,2010300C02Rik,0.414666,0.0527645,0.040825,0.128181,828,1,0.226764
74047917,Azin1,0.392321,0.0645341,0.0560216,0.118303,2325,0.699203,0.284808
74988753,Gm973,0.373097,0.0925046,0.0870221,0.127135,1718,0.982581,0.207869
74511966,Gm520,0.355278,0.0257628,0.0202009,0.0608948,1098,0.0441329,0.0722547
645,Llgl1,0.415513,0.0682825,0.0498215,0.184893,1661,0.0930564,0.682067
2173,E2f6,0.416461,0.0246827,0.00901498,0.123649,389,0.0532428,0.124681
72079931,Abat,0.391323,0.027097,0.0210656,0.0651947,1145,0.0450387,0.173004
77413688,Vldlr,0.346171,0.0538604,0.0482025,0.0895991,1658,0.386613,0.237178
2249,Galm,0.472741,0.166632,0.163649,0.185474,3238,1,0.0714887
74272893,Rgs6,0.421814,0.059642,0.0503551,0.118303,1890,0.717187,0.0930992
74581421,Allc,0.351054,0.0403437,0.035416,0.0714701,1145,1,0.320331
75080249,Aif1,0.365,0.0593879,0.0529124,0.100291,1890,0.687119,0.110989
1894,Zfp191,0.430683,0.0565606,0.0418736,0.149332,1410,1,0.205831
73592527,Celf4,0.368327,0.0312267,0.0235125,0.0799535,1137,0.145379,0.265151
1711,F2r,0.380754,0.110262,0.108069,0.124114,3118,1,0.0681234
79591633,Trhr,0.408935,0.129068,0.130257,0.121557,2780,0.955068,0.158895
73636087,Inhbb,0.428649,0.12632,0.125419,0.132016,2865,1,0.468499
77371857,Gng7,0.448709,0.138312,0.125989,0.216153,1565,0.792947,0.172586
71836809,Pip5k1c,0.380672,0.0694103,0.0661405,0.0900639,2448,0.69094,0.198288
72129251,Myl4,0.361611,0.0375641,0.0306509,0.0812318,1658,0.0498643,0.207105
74047916,Glo1,0.40124,0.0890262,0.0800677,0.145613,2383,1,0.423544
1635,Letmd1,0.391041,0.0654553,0.0553777,0.129111,1199,0.455569,0.0839818
73592539,Trpc2,0.421545,0.0839276,0.0727269,0.154678,1658,0.815401,0.419456
75651139,Bcl6,0.373015,0.0861195,0.0806932,0.120395,2314,0.653119,0.402804
72119655,Chrna3,0.46445,0.164694,0.163649,0.171296,3082,1,0.224816
74819689,Tubb2a,0.386271,0.0441875,0.0363175,0.0938989,882,0.846649,0.238124
74583149,Vav2,0.396702,0.0389777,0.0326011,0.0792562,1145,0.514793,0.143626
72338695,Pcdhga5,0.376781,0.0229514,0.0166133,0.0629866,882,0.0455754,0.162456
74657931,Chst10,0.396652,0.0892803,0.0851271,0.115514,2393,1,0.354686
996,Son,0.394518,0.0386283,0.0243772,0.128646,882,0.0499719,0.155491
70813929,Tmem176a,0.417346,0.118776,0.114527,0.145613,1877,0.503223,0.278307
79488939,Igsf5,0.405289,0.121889,0.111068,0.190238,1693,1,0.0428237
72472789,Vwa3a,0.383126,0.0734287,0.0697281,0.0968042,1931,1,0.104606
74750077,Atp11c,0.404962,0.0555759,0.0507782,0.0858803,1215,1,0.136309
75042247,Adra1a,0.364046,0.0691879,0.064779,0.0970366,1409,0.505942,0.161734
73930841,Dexi,0.359703,0.0529869,0.047117,0.0900639,1409,1,0.289449
496,Ghrh,0.433715,0.0571324,0.0404754,0.162347,1643,0.114689,0.0581785
75651160,Ccdc3,0.347545,0.0423133,0.0357103,0.0840209,1409,0.897033,0.101304
79591629,Cdh4,0.394895,0.12038,0.119108,0.128414,1145,0.737068,0.235587
71670729,Sh3rf2,0.396407,0.0822599,0.0732421,0.139221,1379,1,0.581829
1792,Nr4a1,0.430451,0.0415826,0.0255547,0.142824,882,0.0739514,0.187494
73520994,Kit,0.413963,0.140393,0.135206,0.173155,3097,0.623675,0.125312
73512367,Sprn,0.405201,0.0947283,0.0906281,0.120628,1145,0.610125,0.175892
72283794,Lhcgr,0.373731,0.0475865,0.0420024,0.0828588,1409,1,0.0736195
2226,Fnta,0.439414,0.0511762,0.0343857,0.157234,1409,0.0537114,0.158957
71016583,Rbp4,0.350288,0.0274147,0.0222983,0.0597327,1200,0.0448065,0.361112
71924375,Acaa2,0.395755,0.0357375,0.0293815,0.0758861,1145,0.699842,0.0748883
75079775,Mt3,0.390118,0.0710304,0.0673547,0.0942475,1361,1,0.316486
72129291,Hpca,0.339926,0.0394066,0.0328771,0.0806508,1145,1,0.120498
75041491,Slc36a1,0.388995,0.0582919,0.051367,0.102034,1409,1,0.333454
1734,Gng7,0.407561,0.0405502,0.0254995,0.135619,882,0.0659681,0.273506
73512377,Asap1,0.349202,0.0266681,0.0216727,0.058222,1145,0.10989,0.173033
74882195,Creg2,0.368295,0.0415826,0.0369982,0.0705404,653,1,0.224468
73615550,Adra2a,0.357293,0.0401849,0.036575,0.0629866,1347,1,0.186219
2491,Pnrc2,0.4392,0.0896615,0.074346,0.186403,1413,0.430309,0.199239
74988721,Ubr3,0.353332,0.0227291,0.0162822,0.0634515,882,0.0427096,0.245083
1268,Prlr,0.487014,0.05664,0.0363175,0.185009,980,0.0706727,0.178812
67936207,Itm2c,0.425467,0.0980638,0.0932038,0.128762,2573,0.981685,0.13546
73732145,Isoc1,0.363814,0.11598,0.114325,0.126438,5069,0.662767,0.331927
2466,Pax9,0.384589,0.0358646,0.0273025,0.0899477,1337,0.139245,0.228662
75773699,Opn1sw,0.384514,0.0756206,0.0709607,0.105055,1409,0.736567,0.285312
588,Ifnar1,0.466998,0.154593,0.14389,0.222196,955,0.457129,0.121021
75042237,Fam46a,0.443387,0.183246,0.183335,0.182684,2701,1,0.188667
74658090,Me2,0.386447,0.0389301,0.031994,0.0827426,921,0.385417,0.269315
79591611,Grm2,0.370925,0.0721581,0.0676491,0.100639,1658,0.783736,0.227147
73992939,Arhgap39,0.385392,0.0842453,0.0786695,0.119465,1409,0.878477,0.318156
1369,Lhx5,0.469202,0.0981432,0.0769217,0.232191,2383,0.136224,0.0826314
73635989,Fndc5,0.351625,0.0262552,0.0210656,0.0590354,1145,0.0450387,0.179917
75042252,Acot13,0.369218,0.0651853,0.0607315,0.0933178,2047,0.721363,0.289056
77869869,Relt,0.32522,0.0580695,0.0561136,0.0704242,2650,0.791907,0.160729
72472752,Fam19a4,0.389817,0.180451,0.17708,0.201743,3737,1,0.117801
72128754,Slc22a23,0.448684,0.147048,0.144626,0.162347,5037,0.99684,0.192869
74819693,Lyz1,0.371396,0.0278912,0.02136,0.0691458,1145,0.0450387,0.112221
72340132,Kcnj3,0.375576,0.0405661,0.0348088,0.076932,921,0.563246,0.273555
73817437,Rgs20,0.346867,0.0175829,0.0117011,0.0547356,626,0.0347568,0.253995
73817422,Galnt9,0.376812,0.0370876,0.0305589,0.0783266,1658,0.0498643,0.223232
74363340,Zfhx2os,0.396489,0.0876285,0.0814843,0.126438,2701,1,0.327995
73521001,Pak1,0.403129,0.0642164,0.0537771,0.130157,1361,1,0.272555
71836872,Chst1,0.432742,0.146683,0.134599,0.22301,4434,1,0.0694899
75749741,Clcn5,0.404529,0.119824,0.116661,0.139802,2624,1,0.114839
1359,Gjb2,0.472258,0.0849759,0.0681827,0.191052,1409,1,0.39873
75774108,Polr1e,0.428474,0.137947,0.134139,0.161999,3385,1,0.243571
71358579,Cd200,0.358259,0.0373418,0.0305773,0.0800697,1658,0.0498643,0.300156
70634297,Pcgf6,0.35573,0.025874,0.0210656,0.0562464,1145,0.0450387,0.292912
112647104,Mcl1,0.412732,0.150193,0.145325,0.180941,3775,0.998309,0.321873
75650861,Xlr3a,0.371528,0.0411697,0.0341465,0.0855317,1409,0.236828,0.162278
76135740,Nfxl1,0.3903,0.109389,0.102292,0.154213,1890,0.985152,0.492047
73635773,Stk24,0.430131,0.119157,0.114987,0.145497,2170,1,0.156737
76135799,Reps2,0.367504,0.070125,0.0628841,0.115863,1671,0.880993,0.279536
74958463,Tsc22d2,0.350282,0.0679172,0.06362,0.095061,1292,1,0.189352
74749928,Rpl8,0.38548,0.0466494,0.0398315,0.0897153,882,0.887047,0.268683
73931417,Flrt2,0.455318,0.209978,0.204879,0.242185,4434,1,0.217604
74511849,Rgs10,0.339041,0.0125161,0.00748795,0.0442766,389,0.0532428,0.215117
74363335,Prune2,0.414609,0.102464,0.0992751,0.122603,1409,1,0.313486
70928250,Tmc6,0.395039,0.026954,0.0211024,0.0639163,1145,0.0450387,0.0442009
75146001,Cdc42ep3,0.416668,0.143474,0.135353,0.19477,1409,1,0.389007
544328,Phyhip,0.359847,0.059372,0.0504471,0.115747,2716,0.0370875,0.33869
67881549,Abcb6,0.441717,0.146413,0.140542,0.183498,2351,1,0.261549
71924402,Gabra4,0.408176,0.0752077,0.0696913,0.110052,1476,0.331086,0.109227
1084,Txnip,0.430752,0.0719198,0.0537587,0.186636,1699,0.69685,0.0319813
73931624,Peak1,0.449443,0.182087,0.174578,0.229518,7727,0.232133,0.304591
77413702,Pcp2,0.452337,0.169793,0.154027,0.269378,1799,1,0.0484939
74357560,Rps15a,0.394374,0.0735717,0.0686426,0.104707,1658,1,0.212545
1035,Syt7,0.495644,0.0752553,0.0517349,0.223823,1612,0.0977017,0.111061
74988734,Nfic,0.355661,0.0510014,0.0451669,0.0878559,1658,0.540364,0.447389
224,Cd44,0.438711,0.12551,0.111068,0.216734,4001,0.434729,0.0945988
71836887,Pak3,0.37454,0.0458394,0.0413401,0.0742592,1347,1,0.348468
71924491,LOC381355,0.432503,0.16182,0.157817,0.187101,1931,1,0.624305
411,Extl3,0.514938,0.208151,0.176804,0.406159,6645,0.160631,0.0227471
77414911,Edc3,0.445414,0.220429,0.216635,0.244393,4919,1,0.0251219
74957911,Usp22,0.373498,0.0972061,0.0950436,0.110866,1658,1,0.148474
512,Gnb2,0.432296,0.050652,0.0348272,0.15061,1224,0.197631,0.13986
2587,Slc25a1,0.427651,0.0408996,0.024966,0.141546,882,0.0658395,0.293112
72340180,Kctd17,0.40028,0.0652012,0.0562056,0.122022,1512,0.387599,0.434397
67855419,E2f4,0.465655,0.187011,0.181569,0.221383,2828,0.690719,0.282943
121097,Ssr2,0.432943,0.0893756,0.0740516,0.186171,2338,0.991758,0.201936
77868800,Rps5,0.35615,0.0775425,0.0693785,0.129111,1762,0.446537,0.1271
70634406,Ublcp1,0.357958,0.021649,0.0162822,0.0555491,882,0.0427096,0.291595
72283790,Galr1,0.345857,0.0537175,0.047669,0.0919233,1658,0.69488,0.0769794
2045,Arntl,0.374528,0.0604838,0.0516061,0.11656,1662,0.446193,0.227721
76135828,Tmem159,0.435039,0.135993,0.133826,0.14968,3815,1,0.171942
74724739,Grid1,0.416693,0.115901,0.11289,0.134922,2248,1,0.272414
72472751,C030034I22Rik,0.488495,0.25793,0.259889,0.245555,2571,0.968586,0.641407
74581383,Ackr1,0.388424,0.0654076,0.0585789,0.108542,1842,0.55945,0.2307
74988762,Klhl9,0.389685,0.079115,0.0701144,0.135967,1128,0.608594,0.303167
74658087,Mtmr6,0.407441,0.0715863,0.0625713,0.12853,1145,0.992631,0.176076
73929579,Trp73,0.363086,0.0320844,0.0259595,0.0707728,1409,0.0537114,0.395671
71924385,Adamts2,0.481259,0.156133,0.142731,0.24079,3829,0.80838,0.0963312
79591685,Slc6a1,0.372827,0.0846265,0.0802517,0.11226,1658,0.691095,0.162961
75080250,Ybx2,0.381633,0.12011,0.113423,0.162347,1814,0.877493,0.163976
71249744,Ppp4r4,0.394255,0.0478089,0.0398315,0.0981987,1409,1,0.296827
74511737,Glp1r,0.383396,0.0897568,0.0855319,0.116444,1658,1,0.0849382
73994672,Il1rapl2,0.486487,0.213631,0.210601,0.232772,4648,1,0.0835153
74958547,Palm3,0.442382,0.199066,0.199948,0.193492,1361,1,0.245616
2220,Fkbp10,0.458155,0.0933782,0.082533,0.161883,1944,1,0.401827
75084144,Serpinb2,0.36736,0.0535269,0.0487729,0.0835561,1409,1,0.214303
72472774,Dnah9,0.367837,0.0858495,0.0793318,0.127019,1145,1,0.139301
77280559,E330014M11Rik*,0.392365,0.0844359,0.0791662,0.117722,1658,1,0.236271
67881553,Clns1a,0.428449,0.0419162,0.0301726,0.116095,882,1,0.358588
74724511,Tdrp,0.442018,0.150399,0.139916,0.216618,1379,1,0.190644
75651213,Chrna6,0.391844,0.135167,0.134618,0.13864,5381,0.751397,0.123196
71020443,Ebf4,0.362866,0.0329738,0.026033,0.0768158,1145,0.146997,0.0460015
70805934,Loxl1,0.374547,0.0548135,0.0486625,0.0936665,1417,0.595726,0.515475
74641310,Kcnh3,0.430288,0.146095,0.142584,0.168274,2780,1,0.342504
73615803,Ntng2,0.365923,0.0516844,0.0448541,0.0948286,2110,0.24454,0.178973
71717570,Gm1125,0.371465,0.0325609,0.026125,0.0732132,1409,0.0537114,0.166842
2171,E2f1,0.396765,0.0523039,0.0378629,0.143521,1145,0.0543993,0.159164
72119638,Cacna1h,0.407824,0.0521292,0.0469515,0.0848344,1361,0.99855,0.309781
72472738,Ptpdc1,0.303811,0.0418368,0.0358207,0.0798373,1658,0.867868,0.0745737
73817440,Tnnc1,0.356998,0.048333,0.0434559,0.07914,1145,0.693055,0.302155
71250306,Sowaha,0.474003,0.152258,0.141554,0.219872,2478,1,0.407039
77280424,Plxna2,0.363845,0.0588796,0.0529308,0.0964555,1409,1,0.223166
70743869,Tmem41a,0.385668,0.030226,0.0238621,0.0704242,1019,1,0.268811
73931413,Pdcd4,0.411552,0.11606,0.114932,0.123184,2740,0.918005,0.164086
2203,Exosc1,0.396119,0.0524627,0.0376605,0.145962,1091,1,0.326731
74988740,Slc25a39,0.399765,0.106943,0.0976561,0.165601,1890,0.935572,0.213564
79567762,Arpp21,0.366651,0.0483172,0.0431247,0.0811156,1361,1,0.260856
74881560,Atp8a1,0.394236,0.035674,0.0272105,0.0891342,1409,0.0661479,0.15856
75773706,Ppp1r1a,0.339819,0.0935371,0.0890091,0.122138,1931,1,0.242002
73520984,Hint1,0.357757,0.048889,0.0432719,0.0843696,1409,0.340824,0.312624
73636121,Glra2,0.38479,0.0363411,0.0305037,0.0732132,1658,0.0498643,0.114451
74819241,Ttc27,0.401874,0.0843088,0.0770504,0.130157,1145,0.97714,0.260094
74988755,Lonrf2,0.367674,0.0630569,0.0570335,0.101104,1658,1,0.177495
79568030,Mtap,0.294051,0.0844041,0.0820915,0.0990122,1409,0.81701,0.101737
77280428,Chn2,0.422473,0.129513,0.121739,0.178617,1364,1,0.292503
72007933,Nsdhl,0.367467,0.02751,0.0212496,0.067054,1149,0.046586,0.297805
71249742,Krt222,0.396715,0.0410902,0.0346985,0.0814643,1414,0.355283,0.469515
77887842,Traip,0.448232,0.202036,0.199765,0.216386,2660,1,0.0245125
1776,Mtss1,0.452581,0.10024,0.0854767,0.193492,1086,0.560662,0.146638
74657951,Msh2,0.367762,0.0424244,0.0381205,0.0696107,1183,1,0.330138
74425525,Aox1,0.397211,0.0502708,0.0412113,0.107496,1409,0.904762,0.0712259
2429,Nkiras2,0.402916,0.0356899,0.022703,0.117722,1021,1,0.398342
322956,4930506M07Rik,0.494138,0.186518,0.180079,0.227193,1890,0.661242,0.329181
70301085,Mgat4c,0.388945,0.0496514,0.0399603,0.110866,2110,0.0676568,0.0676583
73992948,Eml1,0.383773,0.0707762,0.0676307,0.090645,1311,1,0.386122
76135830,Deptor,0.364749,0.101796,0.0995327,0.116095,1409,1,0.235325
79556601,Efnb3,0.371929,0.0893756,0.086691,0.106334,1409,1,0.201489
71670705,Txn2,0.395648,0.0927429,0.0861942,0.134108,2116,0.915121,0.564781
74583151,Sirpa,0.400587,0.0327832,0.0255547,0.0784428,1320,0.0726073,0.245423
71924441,LOC235580,0.438196,0.158246,0.15675,0.167693,5455,1,0.0810856
74988736,Sox8,0.383974,0.10699,0.102035,0.138292,1658,1,0.287361
75077232,Oprl1,0.375783,0.0458235,0.0358207,0.109006,1658,0.192224,0.188735
72007562,Manba,0.339681,0.0378818,0.0308349,0.082394,1658,0.0498643,0.257698
71836886,Dpy19l3,0.366525,0.0242221,0.0183059,0.0615921,882,0.0434019,0.24869
75651126,Neurod2,0.574282,0.402278,0.403889,0.392098,4120,1,0.272945
746,Ntrk2,0.49078,0.0775266,0.0592045,0.19326,1609,0.0930581,0.10286
2464,Pax3,0.359791,0.0685526,0.0541818,0.159326,1265,0.508294,0.125449
71064081,B3galt2,0.384005,0.0392795,0.0323619,0.082975,1145,0.811022,0.129947
73931634,Gm626,0.430871,0.182357,0.182507,0.181406,5450,0.982716,0.0537544
70743896,Dlat,0.399954,0.0784002,0.0728373,0.113539,2548,0.720112,0.147161
73512484,Slc41a3,0.427193,0.164631,0.165471,0.159326,5856,1,0.249786
1603,Cdkn2d,0.402634,0.0346416,0.0201457,0.126206,626,0.0546674,0.129147
77371861,Klhl36,0.579058,0.342048,0.34152,0.345381,5187,0.791028,0.309195
474,Gabrg2,0.441453,0.069585,0.0532803,0.172574,1662,0.504425,0.150455
72077456,Crispld1,0.408634,0.11085,0.107867,0.129692,2289,0.828,0.138292
70743871,Nacc2,0.354399,0.037167,0.0302462,0.0808832,1409,0.11754,0.204931
73817434,Nefm,0.363186,0.0265093,0.0210656,0.0608948,1145,0.0450387,0.215728
74881275,Steap3,0.317751,0.0157722,0.0115171,0.0426496,626,0.0347568,0.342856
73931416,Trim16,0.425342,0.177544,0.173639,0.202208,5074,1,0.161999
12,Ndufv3,0.458393,0.0958401,0.0794238,0.199535,1890,1,0.206955
75651165,Trerf1,0.370624,0.0726663,0.0601428,0.151772,1145,1,0.264116
79556611,Galp,0.355868,0.0677901,0.0621665,0.103312,953,1,0.0640768
79556614,Ddc,0.32372,0.0286853,0.0164661,0.105869,626,0.338403,0.122347
73592535,Dgcr6,0.395303,0.0423609,0.0351032,0.0882045,1890,0.0483564,0.317275
71247617,Grid2,0.36387,0.0692197,0.059554,0.130273,2383,0.99883,0.16731
690,Ndrg3,0.468229,0.0569895,0.0390956,0.170017,1658,0.0725379,0.16082
795,Pfkl,0.401077,0.0649788,0.0501527,0.158629,1771,0.169462,0.208956
74047856,Kcnb1,0.383221,0.0457599,0.0414873,0.0727484,1145,0.962505,0.533314
2529,Rgs14,0.417038,0.0811322,0.0638775,0.190122,1813,0.264231,0.152522
2179,Ei24,0.380842,0.075843,0.0633992,0.154445,2424,0.877663,0.207023
75773700,Slc31a2,0.407818,0.0934418,0.0869853,0.134224,2483,1,0.273554
79556696,Mapt,0.407372,0.139503,0.134783,0.16932,1080,1,0.287543
74658241,St6gal1,0.39448,0.0531139,0.0453876,0.101917,1658,1,0.289428
71250311,AI450948,0.438441,0.117966,0.111326,0.159907,2322,1,0.214023
73992716,Cdr2,0.377578,0.0376435,0.0306509,0.0818129,1658,0.0498643,0.19634
1056,Th,0.424156,0.112692,0.0938661,0.23161,1447,0.735657,0.154058
2735,Wnt6,0.391857,0.0864054,0.0725798,0.173736,1890,1,0.335637
112202410,Esyt1,0.403286,0.153354,0.146006,0.199768,2725,1,0.184618
70560266,Fnbp1l,0.423584,0.0496514,0.0396475,0.112841,2110,0.040966,0.252959
72007751,Erp29,0.366651,0.0341174,0.027836,0.0737943,1513,0.0530852,0.132148
74047927,Rplp0,0.404943,0.0335933,0.0275233,0.0719349,882,0.69911,0.185211
76115737,Nol4,0.382712,0.109945,0.0988704,0.179895,1399,0.584883,0.33655
1464,Tsc22d4,0.43003,0.075033,0.0578982,0.183266,730,0.383652,0.292366
356849,Yme1l1,0.427752,0.126956,0.111105,0.227077,2696,0.985267,0.187209
1311,Morc3,0.475321,0.067536,0.0477242,0.192679,1163,0.150671,0.0801381
71358589,Tmem108,0.367548,0.0392636,0.03181,0.0863451,1701,0.0906926,0.394401
73931621,Lct,0.417659,0.125208,0.117452,0.174201,1890,0.787432,0.106822
754,Tenm4,0.442539,0.0820057,0.0661221,0.182336,1297,0.973628,0.154028
112204566,Cdkn1b,0.477166,0.24041,0.231556,0.296339,2153,1,0.256082
74988259,Zmiz1,0.448703,0.117283,0.106027,0.188379,2383,0.948738,0.563883
1411,Rbm11,0.446305,0.0951572,0.0872245,0.145264,1268,1,0.0383272
72119650,Cacna2d2,0.390526,0.0358646,0.030099,0.0722836,882,0.554364,0.247396
72081550,Fign,0.364868,0.0597214,0.0540899,0.0952934,1672,0.626478,0.202374
2625,Slco4a1,0.529713,0.173557,0.151047,0.315747,5789,0.136923,0.508121
77414913,Tmem126a,0.409475,0.162947,0.162822,0.163742,1409,1,0.269185
70231306,Cbln2,0.383239,0.0472053,0.0418736,0.0808832,882,1,0.138983
74881517,Apc,0.368471,0.0530663,0.0482025,0.0837885,1145,1,0.277474
67779873,Copg1,0.414245,0.0877079,0.0812452,0.12853,2125,0.702359,0.107656
236,Cdh2,0.446562,0.0533681,0.0365015,0.159907,1909,0.0595813,0.183044
70743904,Nfil3,0.397048,0.0375324,0.0307245,0.0805346,1658,0.0487353,0.379177
72283797,Fam171a1,0.364278,0.0691085,0.0629393,0.108077,1908,0.472185,0.194096
2535,Rbm38,0.398529,0.0468559,0.0335026,0.131203,1409,0.0537114,0.161144
71250314,Suco,0.396753,0.0344986,0.0266954,0.0837885,1409,0.0534292,0.22881
74988462,1110037F02Rik,0.396087,0.114995,0.112282,0.132132,3667,0.787696,0.382865
71020402,Cyb561,0.349428,0.0407567,0.034772,0.078559,1890,0.0483564,0.298216
73931635,Acsl5,0.410824,0.144888,0.143835,0.15154,4029,1,0.355731
75147763,Scml4,0.35583,0.0457758,0.0408066,0.0771644,1615,0.268238,0.129708
73732147,Trim3,0.432158,0.14654,0.142713,0.170715,4633,0.854996,0.165245
70743879,Pnpo,0.382009,0.0565606,0.045958,0.123533,1313,1,0.372416
73520998,Nptx1,0.45201,0.185994,0.185396,0.189773,5362,0.89741,0.274752
73592531,Pthlh,0.323783,0.0355311,0.0232366,0.11319,1193,0.0521936,0.264912
74750043,Zkscan16,0.394907,0.0454582,0.0373478,0.096688,1102,1,0.224886
74581440,Ostn,0.390828,0.0696485,0.0656805,0.0947124,1244,0.977987,0.106432
75233110,Tex40,0.407115,0.143379,0.139916,0.165253,4665,0.785671,0.261453
73817925,Kcnab3,0.396671,0.0481424,0.039114,0.105171,2115,0.0487805,0.263696
77413698,Nfix,0.470482,0.185375,0.18374,0.1957,4078,1,0.451668
74363342,Foxred2,0.399847,0.0995251,0.0941973,0.133178,1502,1,0.0881312
71717154,9430028L06Rik,0.350068,0.0376594,0.0305405,0.0826264,1658,0.0498643,0.0540572
73520968,Gprin3,0.348003,0.0879779,0.0829194,0.11993,1409,0.892537,0.200195
293469,Paf1,0.468455,0.114662,0.105604,0.171877,1907,1,0.210935
356861,Ppp6r3,0.406017,0.0605632,0.0500423,0.127019,2716,0.0360426,0.36919
356083,Rbm18,0.417835,0.0520497,0.0382309,0.139338,1658,0.0511108,0.306565
112646245,Grip2,0.283971,0.0428374,0.036851,0.0806508,1409,0.676862,0.164093
74047768,Serpine2,0.362772,0.0370876,0.0306141,0.0779779,1658,0.0498643,0.26267
77371795,Matn4,0.400299,0.124764,0.118427,0.164788,1145,1,0.0464346
76115742,Rasgrp1,0.385857,0.0648994,0.059922,0.0963393,1361,1,0.374363
71924259,Kcns2,0.360789,0.0401055,0.0323619,0.089018,1661,0.0845129,0.131672
71836843,Vstm2a,0.345788,0.0417256,0.0351952,0.082975,1841,0.0478329,0.246249
72103842,Zfp57,0.350947,0.0531139,0.0486441,0.0813481,1182,1,0.337552
1327,Aire,0.459642,0.0651376,0.04892,0.167577,1826,0.132643,0.20734
1168,Cbfb,0.517574,0.219524,0.206185,0.303777,3671,1,0.0357033
1581,Fgfr4,0.363933,0.049842,0.0361519,0.136316,1574,0.146001,0.129613
73616033,Esrrg,0.458983,0.203227,0.207436,0.176641,10127,0.333366,0.142441
1956,Pttg1ip,0.391104,0.0724281,0.0557641,0.177687,1146,1,0.376438
75147766,Kcnd3,0.375193,0.0573866,0.0502631,0.102382,1658,1,0.133161
70928361,Cntnap4,0.38607,0.067679,0.0543842,0.151656,1541,0.829775,0.153538
71063725,Sez6,0.336624,0.0412808,0.034772,0.082394,1889,0.0486386,0.126582
74819231,Prr15l,0.407153,0.130386,0.129061,0.138757,1656,0.907909,0.171424
73521802,Bhlhe41,0.332237,0.0412491,0.0355816,0.0770482,1564,0.543894,0.128101
74357562,Moxd1,0.45486,0.153306,0.148582,0.183149,4397,1,0.236174
73817987,Ssbp4,0.371189,0.045204,0.0363727,0.100988,1890,0.0623466,0.252511
75081395,Fam84b,0.361372,0.0613733,0.056224,0.0938989,1885,0.749127,0.324944
79567505,Mef2c,0.385775,0.0607221,0.0502815,0.126671,1215,1,0.297767
75774669,Trhde,0.421042,0.144014,0.140358,0.167112,2488,1,0.204266
74511885,Wif1,0.403079,0.0295113,0.0221879,0.0757699,1145,0.0686275,0.0415846
70928374,Gadd45b,0.398453,0.0608015,0.0560952,0.0905288,1892,0.688766,0.191128
925,Samsn1,0.353056,0.032958,0.0231262,0.095061,1143,0.0502186,0.200955
74750065,Epb4.1l1,0.356747,0.0270017,0.0211576,0.0639163,1145,0.0450387,0.341168
70805935,Ctnnbip1,0.353464,0.0323067,0.0271369,0.0649622,1409,0.0979463,0.32419
544327,Serpinb1b,0.387181,0.0921711,0.0825882,0.152702,2716,0.820076,0.243132
655501,Atp6v1e1,0.388637,0.0899315,0.0833057,0.131784,3292,0.622484,0.333834
77332100,Anxa6,0.465411,0.175495,0.170438,0.207438,2527,1,0.194855
75043158,Prkacb,0.393062,0.0446163,0.0324539,0.121441,1409,0.0537114,0.416925
73521002,Pcdh11x,0.379994,0.0421068,0.0373294,0.0722836,1366,1,0.116685
67936208,Pcbp4,0.406104,0.0659,0.0609707,0.0970366,1120,0.745201,0.249181
1637,Ufc1,0.378645,0.038676,0.0257755,0.120163,950,0.0972303,0.212117
74800973,Ptgs1,0.401077,0.0699344,0.0625897,0.116328,1593,0.99184,0.232876
74657930,Trim36,0.359784,0.0264617,0.0210656,0.0605462,1145,0.0450387,0.127364
72007563,Sema3f,0.398202,0.10707,0.103231,0.131319,2686,0.987362,0.105439
73931408,Mlip,0.380798,0.0598802,0.0446701,0.155956,909,0.980063,0.148527
71924165,Vgf,0.413824,0.0656777,0.0529308,0.146194,1414,1,0.266727
73907504,LOC620538,0.330172,0.0373418,0.0309821,0.0775131,1658,0.0485536,0.131194
75826568,Chrna9,0.367096,0.109913,0.107793,0.1233,1409,1,0.131291
266,Chst2,0.396809,0.0531457,0.0398683,0.137013,1761,0.0511108,0.151418
356284,Tmem33,0.594711,0.330167,0.320234,0.392911,4459,0.76912,0.184399
1106,Vsnl1,0.381131,0.0781143,0.0631416,0.17269,1890,0.0927463,0.283939
70634407,Gadd45g,0.353251,0.0209501,0.016227,0.0507844,882,0.0427096,0.402417
440,Fgfr1,0.414069,0.0684255,0.0467675,0.20523,1777,0.0654392,0.361571
73931644,Slc22a3,0.403092,0.128449,0.124848,0.151191,2942,0.983163,0.122627
275874,Copz2,0.450761,0.0892327,0.0732605,0.190122,1890,1,0.779468
74658174,Ipo4,0.395547,0.0658524,0.058119,0.114701,944,1,0.381674
72283810,Doc2b,0.322408,0.0487301,0.0427935,0.0862289,1409,0.962225,0.15082
74363349,E130012A19Rik,0.4021,0.106958,0.10266,0.134108,1658,1,0.630498
71358578,Kcnf1,0.379699,0.047253,0.0402914,0.091226,1662,0.255249,0.293978
74581410,Mettl24,0.349347,0.0496355,0.0457188,0.0743754,1340,1,0.111042
76135823,Matk,0.38752,0.0615639,0.0570151,0.0902963,1361,1,0.244551
70743900,Rnf115,0.388781,0.0270811,0.0148655,0.104242,406,0.0532428,0.408838
74047713,Fat3,0.368301,0.0276053,0.0212312,0.0678675,1145,0.0450387,0.178129
283,Cnr1,0.494044,0.0735876,0.0544026,0.19477,1890,0.108553,0.11304
77874598,Kcnj2,0.411954,0.17621,0.170898,0.209762,2428,1,0.0382986
74819346,Ssrp1,0.452594,0.136533,0.131269,0.169785,2022,1,0.304726
71670706,Txnrd3,0.38403,0.0900268,0.0834529,0.131551,2110,0.850853,0.100963
79556706,Gad1,0.336455,0.0607062,0.0558009,0.0916909,1624,1,0.124998
74583197,Cdo1,0.388173,0.0377865,0.0315524,0.0771644,1658,0.0478839,0.356298
76085745,Fdps,0.380748,0.10942,0.103139,0.149099,3627,0.689681,0.624484
308,Cxcl12,0.487654,0.111358,0.092983,0.227426,3065,0.188635,0.132981
74819247,S100pbp,0.392353,0.101542,0.0992383,0.116095,2616,1,0.466981
75651202,Dtnbp1,0.390181,0.110977,0.102605,0.163858,1658,1,0.215332
61413,Gnb1,0.633952,0.35709,0.331678,0.517606,8507,0.833722,0.486154
1393,Ntf5,0.444209,0.0942677,0.0785591,0.193492,905,0.466693,0.211502
79568047,Caml,0.372733,0.141473,0.138647,0.159326,1656,1,0.301219
2497,Ppm1a,0.42644,0.0477771,0.0336682,0.136897,1409,0.0537114,0.192516
73925721,Adarb2,0.406795,0.10969,0.1045,0.142475,1348,1,0.447187
322,Ubxn11,0.434003,0.0626122,0.047485,0.158164,1658,0.0543993,0.234118
70615595,Fyn,0.389886,0.0670754,0.0545314,0.14631,1409,0.943171,0.234822
73817443,Ldlrad4,0.356621,0.0260805,0.0210656,0.0577571,1145,0.0450387,0.199853
72118960,Sipa1l2,0.399439,0.0454899,0.0392059,0.085183,1145,1,0.114217
77371785,Atp5h,0.38794,0.101765,0.0969938,0.1319,1284,1,0.166382
74272917,Col5a3,0.453347,0.193396,0.190345,0.212667,2110,0.8552,0.568882
73512494,Lmna,0.341758,0.0222526,0.0162638,0.0600813,882,0.0427096,0.245131
72077453,Gabra5,0.403211,0.107737,0.1029,0.138292,1396,0.952756,0.193505
71670697,Steap2,0.379806,0.0416779,0.0343673,0.0878559,1145,0.338906,0.136277
71016617,Blcap,0.407077,0.0374212,0.0305405,0.0808832,1658,0.0498643,0.3385
356857,Ptbp1,0.420289,0.111215,0.0974537,0.198141,3888,0.229815,0.209923
2263,Gnai2,0.397236,0.058546,0.0428119,0.157931,1409,0.0543993,0.36293
75826567,Chrna5,0.339493,0.084293,0.0782647,0.122371,2238,0.386167,0.0959956
67881552,Smpd1,0.478842,0.142537,0.139217,0.16351,1367,1,0.287986
355882,Fbxw2,0.475698,0.142029,0.127681,0.232655,2716,1,0.146742
74586666,Nkd1,0.514787,0.209216,0.199709,0.269262,2397,1,0.503907
1363,Grp,0.493284,0.0951889,0.0790926,0.196862,1182,1,0.149791
73931627,Creg1,0.41685,0.107705,0.104592,0.127368,1359,1,0.343728
2067,Mpc1,0.403519,0.138868,0.137837,0.145381,3183,1,0.273622
77869778,Ap1b1,0.352805,0.100303,0.0965522,0.123998,1658,1,0.282182
2255,Gja1,0.417578,0.0587525,0.0399787,0.177339,1145,0.0964775,0.136059
70560341,Cacng5,0.380986,0.0277323,0.0214152,0.0676351,1145,0.0450387,0.281306
72008490,Dlx1,0.346271,0.0410426,0.034772,0.0806508,1890,0.0483564,0.0875625
75041432,Fdft1,0.398554,0.0654712,0.0598852,0.100755,1887,0.974545,0.331052
248329,Med30,0.441177,0.125288,0.111031,0.21534,2110,0.716261,0.36966
75077281,Rarres2,0.353872,0.0353087,0.0270081,0.0877397,1409,0.0734967,0.190935
71670482,Lamb1,0.428643,0.0772725,0.0701696,0.122138,1658,0.985782,0.424386
1351,Esrra,0.500603,0.110755,0.0923943,0.226729,3070,0.187423,0.585076
57,Prune2,0.492443,0.224781,0.208393,0.328298,9737,0.397043,0.0490513
1968,Snhg7,0.420691,0.0957766,0.0807484,0.190703,1542,1,0.196605
75773702,Rmdn1,0.290499,0.0308614,0.0259227,0.0620569,1409,0.0537114,0.158958
74047910,Setd3,0.364661,0.0380565,0.0309453,0.082975,1658,0.0498643,0.248693
70613989,Etv5,0.409362,0.0476818,0.0342017,0.13283,1409,0.0552162,0.220151
71924214,Phactr4,0.395365,0.0931559,0.0888435,0.120395,1449,1,0.69845
74819332,Tro,0.397537,0.0482219,0.0388564,0.107379,2110,0.0405053,0.211056
1864,Syt13,0.405012,0.0399784,0.0275049,0.118768,1312,0.182264,0.268867
73521823,Slc1a2,0.368389,0.0871678,0.0823122,0.117838,2488,1,0.132917
71249746,Arsj,0.440706,0.110485,0.106211,0.137478,1658,1,0.0995573
1740,Polr2m,0.417095,0.0634381,0.047669,0.163045,1658,0.0545323,0.228504
73931632,Zfp804b,0.359169,0.0493655,0.0452589,0.0753051,906,1,0.157656
71924269,Elmod1,0.395912,0.0816563,0.0748795,0.124463,2389,0.655059,0.191617
74658079,Exosc8,0.399746,0.0792579,0.0726349,0.121092,1658,0.988506,0.31221
556,Hes1,0.408835,0.0417891,0.0331346,0.0964555,1469,0.170411,0.106342
72128748,Cux2,0.386861,0.064264,0.0603083,0.0892504,1359,1,0.375114
74988455,Arl4c,0.354004,0.0696962,0.0666004,0.0892504,1150,0.956044,0.406311
80343372,Kcnj6,0.401585,0.1122,0.103028,0.170134,1890,0.995074,0.11503
2621,Slc5a1,0.494138,0.124907,0.107481,0.23498,1340,1,0.326731
2117,Cpt1c,0.263504,0.0200766,0.00993487,0.0841371,342,0.0777667,0.15797
79556716,Hopx,0.338827,0.045617,0.0340361,0.118768,1247,0.332011,0.0763537
73817983,Rufy3,0.390187,0.0326403,0.0262906,0.0727484,1409,0.0537114,0.130741
67809268,Ogfr,0.444623,0.138566,0.135298,0.15921,2434,0.688189,0.342202
75043151,Rnf152,0.392767,0.0992233,0.0896162,0.159907,1409,1,0.129997
1886,Usp16,0.413693,0.043171,0.0265482,0.14817,882,0.0454161,0.168069
1746,Hnf4a,0.372193,0.061961,0.0488465,0.1448,1603,0.398096,0.137659
77278979,Cyp2j6,0.348255,0.0603885,0.0540347,0.100523,1890,0.858612,0.101668
72472793,Epha6,0.374628,0.0220461,0.0166685,0.0560139,626,1,0.292102
74819463,Rsrp1,0.438786,0.100653,0.0938477,0.143637,1890,1,0.186531
72104172,Tpr,0.293762,0.0873743,0.0815579,0.124114,1417,0.99204,0.185227
74511860,Ptpn3,0.338225,0.0118966,0.00739596,0.0403254,389,0.0532428,0.189942
73929858,Slit3,0.334879,0.0650582,0.0593701,0.100988,1890,0.991091,0.23726
133,Tmem50b,0.455864,0.0696009,0.0512934,0.185241,1542,0.0927463,0.174239
74357551,Scrn1,0.382919,0.062088,0.0558377,0.101569,941,0.372517,0.226917
2480,Phox2b,0.414057,0.0927429,0.0777864,0.187217,1658,1,0.282606
75146006,Rpp25,0.386252,0.0794485,0.0736284,0.116212,1182,1,0.276475
766,Pax7,0.401083,0.064264,0.0508518,0.148983,1903,0.518931,0.166795
2639,Stc1,0.525602,0.165536,0.144184,0.300407,5700,0.192516,0.707697
79556630,Mc4r,0.362998,0.0596579,0.0551201,0.0883207,1658,0.933382,0.0541392
2291,Higd1a,0.394832,0.0327038,0.0195754,0.11563,797,0.107421,0.0858286
2047,Asgr1,0.406111,0.026827,0.0173124,0.0869262,882,0.0496894,0.17273
73929885,Gm10413,0.424545,0.107546,0.10174,0.144218,3853,0.583658,0.184086
75081007,Pde11a,0.423936,0.141775,0.126173,0.240325,1900,0.993724,0.535929
79908833,Tenm3,0.425844,0.13342,0.129006,0.161302,2157,0.984142,0.164109
79591703,Slc18a2,0.434844,0.16606,0.163263,0.18373,2421,1,0.0623871
293471,Rad51,0.469647,0.105307,0.0942709,0.175015,1662,0.9984,0.345941
75081006,Ccdc85a,0.432729,0.142839,0.135629,0.188379,1658,1,0.42443
79556736,Gdap2,0.389522,0.0865484,0.0842808,0.100872,1379,1,0.185779
73718050,Tex40,0.379875,0.0508585,0.0438974,0.0948286,1890,0.406128,0.151972
77887880,Tmc6,0.422649,0.15229,0.150385,0.164323,1658,1,0.0672069
75988567,Pak7,0.43008,0.107467,0.0938661,0.193376,3849,0.760035,0.181208
75081004,Alg14,0.434386,0.186471,0.188247,0.175247,2616,1,0.0725235
73992919,Smug1,0.369808,0.0673931,0.0610995,0.107147,2093,0.707047,0.13151
2187,Epha4,0.398027,0.040979,0.0267506,0.130854,882,0.0470318,0.219518
77414147,Mlx,0.37626,0.088502,0.0837841,0.118303,1658,0.900901,0.189677
74511801,Disp2,0.365603,0.0274941,0.0199249,0.0753051,923,0.105755,0.350058
73994669,Gpc1,0.488244,0.222923,0.208301,0.315282,5408,0.807638,0.210955
75773649,Leprot,0.356602,0.0395178,0.0340545,0.0740267,1658,0.0659341,0.183484
71836838,Bid,0.448464,0.19087,0.187511,0.212086,2110,1,0.278157
74272479,Nrp1,0.345091,0.0385965,0.0321595,0.0792562,1723,0.0659341,0.10138
74425548,Sun1,0.405571,0.119125,0.112374,0.161766,1658,1,0.695494
74357549,Peg10,0.359132,0.0353722,0.0293999,0.073097,591,0.205752,0.364708
74882459,Ddr2,0.358297,0.0273035,0.0208632,0.0679837,868,1,0.0759909
73925719,Adamts8,0.404579,0.109007,0.102992,0.147008,1343,1,0.370687
77280438,Pld5,0.378664,0.0976191,0.0901682,0.144683,1864,1,0.0754113
74881162,Chn2,0.431022,0.0674248,0.0513854,0.168739,1145,0.998726,0.379277
2232,Foxi1,0.438604,0.161581,0.159951,0.171877,1546,0.422012,0.296935
77413696,Serinc1,0.407253,0.116838,0.112172,0.14631,1897,1,0.249903
71670702,Ttll4,0.457075,0.16066,0.160743,0.160139,4919,1,0.0763205
79591541,Cd24a,0.382072,0.102845,0.101262,0.112841,2616,1,0.180121
841,Prkcz,0.541864,0.257549,0.23932,0.37269,10084,0.0999856,0.341731
1812,Plcd1,0.384809,0.0474118,0.0341281,0.131319,929,0.990596,0.0754053
73997144,Mup5,0.402759,0.08334,0.0706112,0.163742,2351,1,0.0813724
79591399,Gpr55,0.359345,0.0632634,0.0551753,0.114352,1658,1,0.122629
72340184,Lrrc38,0.397707,0.0637558,0.0538691,0.126206,1409,1,0.145785
75774673,Mtfp1,0.37422,0.112406,0.106248,0.151307,2421,0.5,0.303269
1872,Tcerg1,0.401403,0.119109,0.107517,0.19233,1583,1,0.148414
961,Sept7,0.557605,0.359933,0.360065,0.359094,17262,0.757778,0.210532
71670707,Ube3c,0.39851,0.107324,0.100692,0.149216,2110,0.663251,0.353514
1111,Wif1,0.481472,0.0577678,0.0398131,0.17118,1662,0.0481708,0.094221
74882808,Npvf,0.397744,0.0380883,0.0311845,0.0816967,1409,0.978979,0.563194
74724680,Gpr4,0.437838,0.121508,0.114969,0.162812,2706,0.998853,0.0825038
2335,Junb,0.413542,0.0396607,0.0253707,0.129924,948,0.048983,0.300801
72119595,Etv1,0.407441,0.109595,0.10198,0.157699,1741,0.975278,0.263403
76135744,Slc39a5,0.475829,0.221732,0.219119,0.238234,1970,0.982716,0.457424
74641306,Glce,0.364385,0.0631363,0.0588733,0.0900639,1340,1,0.29215
75934920,Rpl32,0.361893,0.048333,0.0428303,0.0830912,1409,0.530511,0.224877
73521004,Phactr2,0.387049,0.0530027,0.0429223,0.116676,1268,1,0.221568
73635972,Lhfpl3,0.431392,0.112883,0.110093,0.130506,1102,1,0.219863
71717451,Kcng3,0.364636,0.0322273,0.0261066,0.070889,1409,0.0537114,0.183431
77866868,Ntm,0.442439,0.142712,0.140726,0.155259,2706,0.956069,0.230241
74750019,Pcdh8,0.557693,0.293731,0.288166,0.328879,2574,1,0.37995
72472763,Tmem86b,0.334509,0.094093,0.0855503,0.148053,1658,1,0.256493
73512353,Fam189a2,0.338319,0.0257787,0.0210104,0.0558977,1142,0.0446111,0.0992795
71670723,Krt9,0.359653,0.0603091,0.0563712,0.085183,1145,0.663377,0.154563
67881554,Gpr89,0.489876,0.14249,0.136641,0.179431,2672,1,0.198192
70927831,Dusp14,0.392171,0.0278912,0.0213784,0.0690296,1145,0.0450387,0.329656
275873,Tpm3,0.522438,0.178545,0.152261,0.344567,3065,0.696087,0.274512
79588290,Fgfr1,0.379122,0.0433139,0.0386356,0.0728646,907,0.410146,0.583706
74047789,Gdpd2,0.353451,0.0220779,0.0163373,0.0583382,882,0.0427096,0.0840193
73769125,Clic4,0.43379,0.154148,0.153071,0.160953,4309,0.846655,0.290664
72077466,Atic,0.395121,0.0872473,0.0814475,0.123881,2420,0.791219,0.172833
686,Ncor1,0.41309,0.0478565,0.035232,0.1276,966,0.847198,0.192244
72128749,Egr2,0.38275,0.0668689,0.0641903,0.0837885,1294,0.947291,0.367156
77332088,1190002N15Rik,0.395836,0.126765,0.120212,0.168158,1658,1,0.10161
170,Rbbp6,0.495895,0.168475,0.150072,0.284718,7032,0.249022,0.15426
74988551,Mfap1a,0.388336,0.0751441,0.063804,0.146775,1658,1,0.278181
1098,Slc32a1,0.407824,0.0500008,0.0381021,0.12516,1096,0.13272,0.0839107
71836746,Scd1,0.448025,0.112041,0.103359,0.16688,2110,1,0.224035
74988451,Cblb,0.440945,0.131228,0.126743,0.159558,1220,1,0.217154
276063,Prrg2,0.448533,0.116711,0.103764,0.198489,2670,1,0.649349
1518,Pla2g12a,0.385066,0.0885815,0.0843544,0.115282,1363,0.998507,0.114245
1299,Tmeff1,0.485658,0.060055,0.0397027,0.188611,1546,0.072716,0.147259
75041561,Rassf6,0.393708,0.105799,0.0952276,0.172574,2904,0.759217,0.262052
76115743,Rasgrp2,0.432509,0.131959,0.130717,0.139802,2701,1,0.155819
356852,Nxph3,0.434894,0.147668,0.127792,0.273213,2984,0.678976,0.256866
69,Adamts1,0.429459,0.0446322,0.0273025,0.154096,882,0.0431381,0.290975
77414925,Ppp2r3d,0.378231,0.11031,0.107425,0.12853,1725,1,0.155991
80343330,Stc2,0.330273,0.0747153,0.0672444,0.121906,1658,1,0.082615
2079,Cct8,0.413435,0.0504932,0.0346617,0.150494,1409,0.0534292,0.148371
73512208,Ppp2r2a,0.359627,0.0317826,0.0259411,0.068681,1409,0.0537114,0.138277
130912,Kdelr1,0.442778,0.0804809,0.0641351,0.18373,1890,1,0.369409
79556666,Cdh2,0.377333,0.031179,0.0251867,0.0690296,882,0.87674,0.145397
76115739,Psme1,0.384752,0.063041,0.0571807,0.100058,1145,1,0.250454
76097700,Tnfaip8l3,0.369921,0.097635,0.0952644,0.112609,2227,1,0.15152
75043141,Tceb3,0.383823,0.0609603,0.0571071,0.0852992,1361,1,0.382316
74658066,Col19a1,0.443261,0.194968,0.19454,0.197676,2149,0.964897,0.358411
74988722,Bsdc1,0.367103,0.0343716,0.027744,0.0762347,725,0.52948,0.234985
79591723,Grm1,0.3471,0.0405502,0.0367038,0.064846,1250,1,0.844282
73994713,Inpp5a,0.436765,0.12478,0.117949,0.167926,2148,1,0.479562
74047918,Glul,0.385329,0.0656935,0.058303,0.112377,2171,0.730475,0.1206
1504,Hes6,0.435365,0.0490637,0.0337786,0.145613,1397,0.0542759,0.367283
72007934,Lhfpl2,0.368534,0.0326562,0.0250947,0.0804184,1145,0.260756,0.111976
73931637,Lrrtm3,0.372381,0.0900268,0.08452,0.124811,1658,1,0.234253
70744517,Fam20a,0.353878,0.0309249,0.0255915,0.0646136,1145,0.125382,0.10248
75080279,Pde4d,0.378589,0.0947442,0.0881996,0.136084,2497,0.76978,0.134493
357096,Pop4,0.431116,0.0946171,0.0832689,0.166299,1890,1,0.468755
79556702,Bmp4,0.497276,0.264077,0.265335,0.25613,5125,1,0.355054
72109379,Adarb1,0.373153,0.0666783,0.0590205,0.115049,2383,0.590876,0.39017
75888749,Gabrp,0.372193,0.120793,0.119513,0.128879,1890,1,0.298806
70616006,Prkar1b,0.383302,0.0382312,0.0309637,0.0841371,1666,0.0498643,0.213829
72472794,Epha8,0.387307,0.0581331,0.0524708,0.0938989,1250,1,0.0927418
71020391,Tbc1d14,0.35841,0.0877079,0.0845568,0.107612,2706,1,0.355946
323585,Map2k5,0.484905,0.156626,0.148085,0.210575,2121,0.708392,0.194405
72079884,Foxp2,0.39652,0.0565924,0.0507046,0.0937827,1183,1,0.114587
74641317,Aars,0.315291,0.057323,0.0516061,0.093434,1453,0.980311,0.164249
73931405,Gxylt2,0.370392,0.0733652,0.0604555,0.15491,1375,1,0.30448
70813898,Ivns1abp,0.395039,0.0256675,0.0182323,0.0726322,626,0.124366,0.21112
356286,Clk2,0.466848,0.157372,0.149005,0.210227,3445,0.486303,0.154828
71836841,Mcam,0.403864,0.136597,0.131895,0.166299,1890,0.991045,0.18067
649,Lpl,0.413592,0.0482377,0.0343121,0.1362,1426,0.0528647,0.0847242
70927827,Lamp5,0.364015,0.0220461,0.0163189,0.058222,882,0.0427096,0.232321
74357584,Epn3,0.472767,0.18134,0.172664,0.236142,2646,1,0.482243
77414110,Ak1,0.461387,0.211328,0.204346,0.255433,2727,0.975306,0.314979
77340458,Soga1,0.433457,0.165902,0.158829,0.210575,2581,0.747373,0.426993
71064195,Col11a1,0.40601,0.0669007,0.0620378,0.0976177,1560,1,0.241962
77340484,3100002H09Rik,0.399194,0.110135,0.105733,0.137943,2016,1,0.0314221
70805895,Eepd1,0.373354,0.0282406,0.021452,0.0711214,1145,0.0450387,0.395692
73817931,Tspyl2,0.373957,0.0279071,0.0217279,0.0669378,1145,0.0594059,0.334026
74988296,Plcz1,0.414848,0.114948,0.111491,0.136781,1962,1,0.231545
324212,Dusp1,0.405464,0.0571007,0.0389668,0.171644,1427,0.109078,0.150638
227539,Mlx,0.6707,0.445067,0.426298,0.563626,8828,0.632729,0.140281
75043155,Serpina3n,0.41968,0.0857701,0.0774,0.13864,1658,1,0.219954
2165,Pigp,0.37009,0.0527486,0.0378813,0.146659,1145,0.0543993,0.121571
70743885,Ttc39c,0.413856,0.0552741,0.049104,0.0942475,1662,1,0.292954
682,Ncam2,0.344087,0.032005,0.0229974,0.0889018,1145,0.0545455,0.351941
70634235,Rfx3,0.3634,0.046983,0.0435663,0.0685648,1409,0.205814,0.212126
74641219,Dnm3,0.394104,0.056783,0.051183,0.0921557,1409,1,0.35062
75651150,6430573F11Rik,0.346729,0.0528757,0.047853,0.084602,1409,0.905646,0.157409
79568051,Ndrg2,0.530171,0.31862,0.321136,0.302731,4486,1,0.295459
75651192,Csk,0.378294,0.105672,0.100673,0.137246,1658,1,0.207949
1591,1200016E24Rik,0.487886,0.126829,0.111914,0.221034,1630,1,0.273296
74819343,Mxi1,0.353897,0.0476024,0.0392611,0.100291,2110,0.040966,0.35828
72472764,Cdh9,0.354016,0.103337,0.0974353,0.140616,1658,1,0.178915
74800953,Stard7,0.368848,0.0583554,0.0526364,0.09448,1658,1,0.165277
70813896,C1ra,0.403242,0.0334186,0.021176,0.11075,1145,0.0450387,0.352662
71717188,Dio3,0.389177,0.0331327,0.0260514,0.0778617,1145,0.110626,0.194579
75043152,Srsf9,0.411251,0.128973,0.125566,0.150494,2328,1,0.524818
830,Ppap2a,0.42612,0.0617227,0.0464915,0.157931,2111,0.0511108,0.046613
73636040,Adarb1,0.391229,0.0801633,0.0741804,0.117955,1409,1,0.291159
75988635,Sorcs3,0.510952,0.275417,0.270504,0.30645,2670,0.928021,0.353902
1231,Meis2,0.447924,0.0461888,0.0295838,0.151075,1145,0.0458225,0.0984944
70436740,Spp1,0.391989,0.0233644,0.0166869,0.0655433,882,0.0426655,0.168999
73521806,Rai14,0.326946,0.0373418,0.0309453,0.0777455,1409,1,0.17611
2629,Srp54a,0.387074,0.0371035,0.0238437,0.12086,882,0.0511108,0.140711
75774107,Slc35b4,0.395755,0.0940136,0.0915848,0.109355,1375,1,0.147627
75774106,Tmem206,0.449004,0.193491,0.188707,0.223707,2692,1,0.405466
76135829,Doc2a,0.390476,0.132737,0.12976,0.15154,1679,1,0.112485
77414585,Mmgt1,0.405879,0.14727,0.143136,0.173388,2429,1,0.0196629
76097699,Golga7b,0.372074,0.100573,0.0980425,0.11656,1658,1,0.258118
74363337,Fam160a1,0.36864,0.02751,0.021268,0.0669378,1145,0.0450387,0.161073
70560328,Brs3,0.367467,0.0566877,0.0499687,0.0991284,1409,1,0.271902
1520,Pqbp1,0.555716,0.291317,0.268628,0.434631,10166,0.359149,0.0320553
71924235,Scube2,0.341784,0.0324656,0.0265482,0.0698431,1409,0.0874036,0.0379011
74881352,Adamtsl2,0.334572,0.0318779,0.0261986,0.0677513,1424,0.0570906,0.0503275
73925722,Agrn,0.39025,0.0737464,0.0691577,0.102731,1271,1,0.32978
74819236,Cwh43,0.395899,0.0998904,0.0939397,0.137478,1458,0.955378,0.136518
73769326,Pnkd,0.40618,0.0765419,0.0652758,0.147705,1432,1,0.259821
74047748,Astn2,0.376241,0.0484125,0.0399787,0.101685,1658,0.232553,0.190463
73512354,Tns1,0.433432,0.15545,0.156051,0.151656,4919,1,0.123001
72129245,Gstk1,0.347213,0.0210772,0.0165213,0.0498547,882,0.0636364,0.0949063
75144622,F630102L10Rik*,0.295514,0.053098,0.049288,0.0771644,1306,1,0.207584
74047924,Stx3,0.385003,0.0287171,0.0213968,0.0749564,1156,0.0447391,0.100678
74882916,Sf3a2,0.386447,0.0484919,0.0441734,0.0757699,1243,0.96133,0.394011
77340490,LOC433740,0.433407,0.158182,0.1525,0.194073,1890,1,0.22499
112648182,Nkain4,0.371521,0.0989533,0.0849983,0.187101,2383,0.652786,0.399732
72339556,Tac2,0.408684,0.0501437,0.0429959,0.0952934,1145,0.878282,0.167336
73994668,Garnl3,0.412412,0.0970632,0.086599,0.163161,2110,1,0.206472
74357563,Pln,0.398654,0.0700456,0.0650366,0.101685,2328,1,0.0996909
275,Clu,0.34934,0.0258899,0.0184163,0.073097,851,0.120943,0.154853
71247672,Egr1,0.371979,0.0279706,0.0215624,0.0684486,1145,0.0541082,0.145011
73929896,Ahcyl2,0.379003,0.0376118,0.0312948,0.0775131,1658,0.0498643,0.287558
131,Avp,0.485853,0.0973808,0.0760202,0.232307,1397,0.542573,0.040884
112194293,Park7,0.31536,0.0404708,0.0336682,0.0834399,1145,0.906711,0.290173
73520991,Itga7,0.397857,0.0977462,0.09118,0.139221,3469,0.673997,0.0587233
544520,Gpm6b,0.370806,0.0429327,0.0358943,0.0873911,1939,0.0465352,0.0860004
74272037,Map2,0.388009,0.104131,0.0998639,0.131087,2309,0.914642,0.133883
72103841,Col4a6,0.356897,0.0509856,0.046142,0.0815805,1359,1,0.0796091
74957912,Vdac1,0.341269,0.035674,0.0304669,0.0685648,1656,0.0492947,0.538628
75041585,Qrfp,0.362144,0.0376435,0.0310557,0.0792562,1666,0.0499648,0.130967
75749418,Grik3,0.407956,0.105148,0.101943,0.125392,1579,1,0.120425
71064217,Gfra1,0.362784,0.0165822,0.0115539,0.048344,626,0.0347568,0.131104
509,Gnas,0.372576,0.066996,0.0520845,0.161185,1890,0.0606307,0.127925
72472799,Fbn2,0.38897,0.0300037,0.0224087,0.0779779,1145,0.0594059,0.270841
74750032,Sema6d,0.406914,0.118617,0.115318,0.139454,2328,1,0.220016
293462,Fbxo18,0.460258,0.0993345,0.0819995,0.208832,1910,0.415431,0.586942
75081209,Ddt,0.406318,0.0636287,0.0569231,0.105985,1658,0.799625,0.112648
74511759,Gpr133,0.354606,0.0177258,0.0119034,0.0545032,626,0.0354917,0.137026
75551478,Grik4,0.394763,0.154958,0.152261,0.171993,2322,1,0.147969
73817432,Cpne7,0.339311,0.0300037,0.0245244,0.0646136,1269,0.0631119,0.157258
74819536,Impg2,0.343139,0.0247621,0.0213048,0.0466008,1091,1,0.742782
77340474,C1qc,0.346121,0.0760971,0.0720094,0.101917,1528,1,0.167889
72283802,Btg2,0.45036,0.104449,0.0917872,0.184428,1667,1,0.120234
74800925,Rnh1,0.380666,0.063994,0.0570887,0.107612,1658,1,0.318618
1836,Slc12a8,0.421425,0.0661224,0.0521397,0.154445,979,1,0.0811466
67810538,Hsf1,0.401008,0.0433457,0.0343305,0.100291,1382,0.203178,0.241921
2681,Tle3,0.358284,0.0397719,0.0269713,0.120628,1151,0.149912,0.117587
184,Calm3,0.413391,0.0485395,0.0339809,0.1405,1145,0.0511108,0.421114
72128753,Vstm2b,0.377873,0.0326244,0.0259595,0.074724,1409,0.0537114,0.340232
1597,Slc36a4,0.425787,0.0359599,0.0204401,0.133992,626,0.0924942,0.214735
70743867,Camkv,0.385166,0.0281771,0.0214152,0.070889,1162,0.0437967,0.295636
67936010,Pmm1,0.433934,0.120459,0.114361,0.158977,2467,0.809524,0.137871
72340179,Pcdhb16,0.437487,0.140615,0.134434,0.179663,1881,0.71187,0.350367
72283798,Pirt,0.389133,0.088645,0.084152,0.117025,3217,0.796001,0.0932942
73769324,Timp3,0.36564,0.0649629,0.0569783,0.115398,1658,1,0.525616
75749771,Cd164,0.346598,0.042075,0.036667,0.0762347,977,1,0.242862
1726,Gmfb,0.455431,0.0659,0.047853,0.179895,1990,0.0663534,0.193661
74658089,Kifc5b,0.419712,0.077336,0.0725614,0.107496,1095,1,0.5373
71358638,Mcm6,0.375325,0.0469671,0.0335762,0.131551,1409,0.361486,0.368067
73907497,Chrm1,0.359973,0.0583078,0.0515877,0.100755,1102,1,0.329167
74819327,Ppp2r5b,0.344821,0.0197112,0.0129521,0.0624056,626,0.0484115,0.206368
73520818,B230373P09Rik,0.364711,0.0721104,0.0661405,0.10982,1340,1,0.0137215
72007935,Sulf2,0.369463,0.0713004,0.065423,0.108425,1857,0.527899,0.399899
67850949,Tgif1,0.456504,0.173351,0.171653,0.184079,2811,1,0.384338
73931625,Chst11,0.411778,0.107578,0.0967362,0.17606,2751,0.823628,0.35862
73636164,Bnc2,0.400418,0.0459982,0.0391875,0.089018,1409,1,0.314464
71924204,Pde10a,0.410385,0.03704,0.022887,0.126438,1157,0.0686275,0.35566
73520975,Vcan,0.407435,0.104068,0.0915848,0.182917,1323,1,0.205057
73521810,Tmsb10,0.385173,0.0754618,0.0701512,0.109006,1102,1,0.258332
1257,Pde1b,0.414358,0.0530663,0.0415241,0.125973,2126,0.0375184,0.0879785
1705,Eps8,0.438673,0.102241,0.0848512,0.212086,2110,0.99723,0.0626761
356490,Sub1,0.503144,0.223542,0.2198,0.247182,5138,1,0.300503
73592526,Crym,0.39664,0.0560524,0.0472458,0.111679,1145,0.522907,0.222221
73992947,Eif5a2,0.348794,0.0482377,0.044063,0.0746078,1236,0.955916,0.110752
75144618,Tspan2,0.360707,0.051065,0.0461972,0.0818129,1366,1,0.165489
71670742,Slc10a4,0.382085,0.0418844,0.0372926,0.070889,1361,1,0.0641563
77371807,Ampd3,0.38725,0.118061,0.113313,0.148053,1981,1,0.0870453
77869074,Cck,0.435014,0.170127,0.159988,0.234166,3540,0.434177,0.174883
71587832,Car10,0.417879,0.0489207,0.033613,0.145613,1658,0.112898,0.228433
75551468,Gabrb3,0.37899,0.0687114,0.0630312,0.10459,1658,1,0.128504
70231999,Mterf2,0.397688,0.0729205,0.069029,0.0975015,1899,0.647112,0.463465
71670483,Large,0.439614,0.129386,0.125087,0.156537,3840,0.730994,0.198403
74750010,Ube4b,0.387495,0.0666783,0.0605107,0.105636,1890,0.998528,0.273971
73636089,Rasd2,0.422065,0.146985,0.147404,0.144335,5481,1,0.218029
1760,Kcnip1,0.456065,0.102511,0.0888803,0.188611,1366,1,0.369149
2401,Mapre1,0.410918,0.0601979,0.0448725,0.157002,1235,0.0780939,0.231759
248335,Paqr4,0.405791,0.133738,0.128969,0.163858,1890,1,0.345941
75988526,Tmod1,0.40451,0.148144,0.139695,0.201511,5235,1,0.260492
77280313,Bend6,0.407404,0.110532,0.106101,0.138524,1375,1,0.265356
70616004,Abcd2,0.3738,0.0383583,0.0308717,0.0856479,1658,0.0498643,0.264908
73718054,Dnajc12,0.407058,0.154799,0.153163,0.165137,5193,0.896552,0.243918
75084112,Ppp3r2,0.352353,0.0531139,0.046142,0.0971528,1658,1,0.093954
1466,Zfp788,0.453824,0.104147,0.0841888,0.230215,1462,0.32352,0.0801528
71247597,Bai3,0.359351,0.0698073,0.0620562,0.118768,2698,0.722698,0.160347
75651180,Spp1,0.334785,0.0960943,0.0941053,0.108658,1436,0.939138,0.195037
79591401,Met,0.376957,0.0898998,0.0861758,0.113422,1658,0.414981,0.135575
70928395,Rps12,0.398981,0.0884862,0.0873533,0.0956421,3825,0.718624,0.251096
1647,Sppl2a,0.37808,0.0333074,0.0183979,0.127484,882,0.0427096,0.103628
70634299,Hkdc1,0.402376,0.0666783,0.0576407,0.123765,1220,0.995074,0.532812
77340502,Uqcrh,0.437411,0.145523,0.144258,0.153515,1409,1,0.121069
73636036,Sox14,0.383082,0.0676472,0.0592781,0.120511,1658,1,0.273954
74881285,Cdh11,0.379153,0.0752394,0.0740884,0.0825102,2076,0.983667,0.231551
44,Thap1,0.449663,0.0624692,0.0448357,0.173852,1670,0.11389,0.382013
71717618,Tdo2,0.359665,0.0162804,0.0115171,0.0463684,626,0.0347568,0.154726
73931412,Npr3,0.404222,0.095999,0.0917504,0.122836,2503,0.656094,0.122567
73732149,Cd8b1,0.427733,0.146524,0.14148,0.178385,2780,1,0.342714
1177,Col6a2,0.424526,0.0365476,0.0226662,0.12423,1145,0.0619411,0.191229
73512352,Aldoc,0.354688,0.0266205,0.0211024,0.0614759,1145,0.0450387,0.286982
61411,Tnnt3,0.629439,0.394574,0.38849,0.433004,4880,0.711969,0.181346
74640884,Mm.26272,0.40392,0.0992074,0.094878,0.126554,2659,0.841567,0.263122
71015809,Gpr18,0.409431,0.0420274,0.0345881,0.089018,965,1,0.122235
1770,Mlc1,0.440355,0.0540034,0.0389116,0.149332,1662,0.0498643,0.310549
74988669,Cacna1e,0.376699,0.0726505,0.0659749,0.114817,1666,0.418304,0.186848
73930854,Mlec,0.426666,0.118553,0.112485,0.156886,1400,1,0.43533
71015205,Iyd,0.378061,0.0820216,0.0710895,0.151075,2979,0.589494,0.224151
75043139,Tead1,0.349755,0.0214902,0.0162454,0.0546194,882,0.0427096,0.287754
2325,Irx1,0.422442,0.0671866,0.0469515,0.195003,1256,0.0632087,0.442962
77340478,Tmem150c,0.332005,0.0487778,0.0449093,0.0732132,848,1,0.117268
74819497,Dbnl,0.415802,0.145762,0.131195,0.237769,3629,0.413684,0.160045
77371771,Apbb3,0.378545,0.109119,0.105162,0.134108,1658,1,0.337273
77332090,Nsun7,0.414628,0.153957,0.149409,0.182684,2740,1,0.0887124
74357574,Mapk11,0.411665,0.0649629,0.0557089,0.123417,2050,0.814005,0.41835
1908,Pcdhb17,0.429365,0.0454582,0.029915,0.143637,1145,0.0858635,0.352676
74047906,Hsdl2,0.398177,0.0995251,0.0969018,0.116095,1168,1,0.244954
74988657,Sel1l3,0.360902,0.0484283,0.0414873,0.0922719,1658,0.973822,0.194012
73636030,Psd3,0.375331,0.0818151,0.0765721,0.114933,1409,0.960743,0.353661
1115,Wnt8a,0.457182,0.0718722,0.0527652,0.192562,1890,0.0560989,0.195759
692,Negr1,0.30405,0.0329738,0.0271553,0.0697269,1476,0.0494507,0.223224
72128919,Lingo2,0.348738,0.058006,0.0552489,0.0754213,2613,0.804553,0.106857
77868713,Hcrtr1,0.427331,0.185486,0.182047,0.207205,3370,0.74413,0.0342375
75774666,Hpd,0.401328,0.145555,0.14446,0.152469,2158,1,0.255219
74047877,Lztr1,0.428806,0.119983,0.116532,0.141778,1370,1,0.299896
72338698,Sim1,0.340566,0.0365158,0.0305221,0.0743754,1658,0.0498643,0.0127072
75041514,Tmc1,0.368427,0.0727616,0.0663981,0.112958,1857,0.70842,0.11307
75147769,Cdk8,0.433733,0.164345,0.16227,0.177455,1944,1,0.126572
74641309,Hmx3,0.441585,0.161359,0.156621,0.191284,1693,1,0.0540678
73521807,Slc8a1,0.379141,0.0756206,0.0667292,0.131784,1397,0.918104,0.305553
79591687,Auts2,0.414509,0.156467,0.154763,0.167228,2644,0.567624,0.323418
74988667,Adcyap1r1,0.354807,0.0486666,0.0422784,0.089018,1658,0.965625,0.160446
74819238,Eef1g,0.396822,0.12146,0.118188,0.142127,1409,1,0.438099
74988765,Hs3st2,0.339273,0.0986674,0.100894,0.084602,1361,1,0.233102
356489,Pigq,0.41614,0.0798456,0.0694337,0.145613,2931,1,0.271978
79556704,Plp1,0.363048,0.0651694,0.0608235,0.0926206,997,1,0.210142
77280580,Cldn11,0.399075,0.0432186,0.03514,0.0942475,1890,0.0483564,0.168701
76115722,Cebpd,0.361692,0.0428215,0.0377893,0.0746078,882,1,0.368187
71249745,Dsel,0.406738,0.044394,0.0311477,0.128065,1658,0.0498643,0.123085
73769327,Neurl1a,0.430526,0.118903,0.107665,0.18989,3326,1,0.364672
74641312,Ak4,0.299938,0.0576089,0.0519557,0.0933178,1658,1,0.317934
75551465,Chrna1,0.449544,0.194174,0.191412,0.211621,2754,1,0.549254
322962,Iffo2,0.471806,0.149971,0.134912,0.24509,2726,0.985507,0.458704
881,Rad23b,0.401661,0.0554647,0.0357471,0.180012,1178,0.0762136,0.348245
76085743,Tpbg,0.470463,0.227831,0.224252,0.250436,1854,1,0.361568
73520973,Cdh7,0.396269,0.0947918,0.0922287,0.110982,2733,0.999093,0.0776359
356093,Akr1e1,0.435372,0.0791944,0.065147,0.167926,2716,0.995313,0.306785
74658238,Micu1,0.374559,0.0398513,0.0336682,0.0789076,882,1,0.144321
75080180,Ccdc171,0.397782,0.0594673,0.0539611,0.0942475,1754,1,0.159004
73512186,Ppp1r14b,0.430708,0.124065,0.12207,0.136665,1340,1,0.125932
74988700,Gpr125,0.375319,0.0702521,0.0664716,0.0941313,1361,1,0.159937
1868,Tbl2,0.541682,0.222907,0.208651,0.312958,1002,0.513316,0.212015
75077213,Parva,0.380666,0.0597214,0.0529308,0.102615,1658,1,0.394351
539,Grm3,0.409123,0.0542893,0.0390036,0.150843,1369,0.164815,0.266
73817430,Capn2,0.382831,0.0751441,0.0699305,0.108077,1409,0.756857,0.203044
1555,Nfib,0.438604,0.0441716,0.0291791,0.138873,1145,0.0488329,0.16442
75650863,Tmem176a,0.363669,0.0739688,0.0662693,0.122603,1658,0.440399,0.525911
74819554,Kcna6,0.587908,0.393605,0.397671,0.367926,10394,1,0.356957
74272930,Papl,0.40468,0.125526,0.118942,0.167112,1890,0.561088,0.0728798
72472783,Daf2,0.382963,0.0529551,0.0472826,0.0887856,1329,1,0.288265
67870479,Prkcsh,0.418977,0.0833082,0.0784487,0.114003,1276,0.950959,0.182233
321196,Eif3j1,0.493297,0.188901,0.177577,0.26043,3554,1,0.361177
1440,Vil1,0.466697,0.112708,0.097049,0.211621,1400,0.576106,0.155583
1758,Kcne2,0.364084,0.0514144,0.0374765,0.139454,1508,0.111334,0.111247
1391,Syncrip,0.429026,0.0325768,0.017202,0.129692,818,0.068932,0.17501
74881537,Arhgef5,0.419781,0.111898,0.108621,0.132597,1658,1,0.0642613
80517329,Hcrtr2,0.509559,0.253133,0.244619,0.306915,2696,0.831136,0.016595
74511790,Mc3r,0.372136,0.0316396,0.0239541,0.0801859,1145,0.0601251,0.109034
75080750,Gpx3,0.412356,0.0588002,0.0515141,0.104823,1664,0.396108,0.180894
71016573,Lifr,0.369117,0.031862,0.0258307,0.0699593,1404,0.0530852,0.134683
71250310,Amigo2,0.40601,0.0545911,0.0478346,0.097269,1409,1,0.135391
1553,Frat2,0.385085,0.105037,0.0993855,0.140732,1498,0.997057,0.148286
73931411,Lats2,0.392585,0.0646452,0.056224,0.117838,1890,1,0.160361
77414164,Sc5d,0.430043,0.173113,0.166409,0.215456,4181,0.811166,0.117669
67870083,Rnaseh2c,0.486838,0.196652,0.195533,0.203719,5469,1,0.477424
73997152,Spata13,0.335921,0.0244127,0.0198881,0.0529924,573,1,0.334556
75988611,LOC434300,0.496818,0.269747,0.267414,0.284486,2328,1,0.295244
76135748,P2ry14,0.450435,0.191172,0.188155,0.210227,2563,0.96875,0.185502
73992926,Nt5dc3,0.397242,0.07462,0.0698201,0.104939,1400,1,0.280147
72340122,Spock1,0.358761,0.064407,0.0608971,0.0865776,1215,1,0.251456
74988325,Rtl1,0.414716,0.0654235,0.0548626,0.132132,1145,1,0.361625
71836747,Tbc1d8,0.408483,0.050239,0.0397395,0.11656,2110,0.0423977,0.406569
73907500,Rxfp2,0.357148,0.0653918,0.0577326,0.113771,1779,1,0.250428
1413,Arhgap17,0.490661,0.119729,0.0958163,0.270773,1890,1,0.0593105
1203,Fjx1,0.465153,0.0579742,0.0385804,0.180476,1920,0.0768389,0.321135
74800893,Psme2,0.405376,0.115933,0.113166,0.133411,2403,1,0.218157
72128773,Tmem229b,0.377013,0.0721581,0.0685138,0.0951772,1658,0.9984,0.334233
75084477,Nrk,0.361812,0.057053,0.0506862,0.097269,1686,0.600936,0.115158
1122,Yars,0.410467,0.0545117,0.0412113,0.138524,1890,0.0946823,0.18497
73592534,Fxyd6,0.396043,0.0415826,0.034772,0.084602,1890,0.0483564,0.197362
71670686,Inpp5j,0.401636,0.0661065,0.0619642,0.0922719,1135,1,0.374985
70928340,Cplx3,0.379599,0.0716339,0.0590389,0.151191,882,1,0.216327
75774687,Rps15,0.367837,0.0966979,0.0937006,0.11563,1409,0.928088,0.189722
72283806,Chd5,0.357242,0.0187741,0.013964,0.0491575,754,0.0396753,0.313089
73520995,Klhl1,0.404008,0.1139,0.105383,0.167693,2042,0.782067,0.106593
75042268,Nop10,0.381589,0.0582919,0.0502631,0.109006,1658,0.869811,0.242102
76115729,Hadhb,0.374754,0.0440128,0.0361335,0.0937827,1800,0.0608477,0.348232
2119,Crat,0.424325,0.0892803,0.0726533,0.194306,1658,0.971602,0.272439
2493,Pomc,0.471179,0.116091,0.100269,0.216037,2110,1,0.265047
74724750,Hrh2,0.477373,0.211519,0.20935,0.225218,2115,1,0.112718
74583174,Arhgap33,0.408891,0.0800044,0.0759466,0.105636,1190,1,0.402933
2615,Slc35c2,0.459147,0.126765,0.113846,0.208367,1175,0.854741,0.450342
74881365,D11Ertd759e,0.388097,0.0474277,0.041984,0.0818129,1409,0.37544,0.0605526
112647536,Dkk4,0.42799,0.1933,0.192074,0.201046,2832,1,0.25822
74272476,Chl1,0.359188,0.0785749,0.0736652,0.109587,1890,0.416336,0.222523
655115,Pcp2,0.401956,0.0862307,0.0790374,0.131668,2470,0.379538,0.115204
74658140,Sdhb,0.38833,0.067679,0.0605107,0.112958,2087,0.675819,0.20059
79556609,Syt10,0.340378,0.0540828,0.0493432,0.0840209,1250,1,0.0964004
2069,Btd,0.416586,0.063454,0.0512934,0.140267,1083,1,0.388704
74274689,Bhlhb9,0.463948,0.127655,0.114417,0.211273,2668,0.911164,0.24195
74988269,Asxl3,0.465461,0.174383,0.171009,0.1957,5479,0.80156,0.333285
74750014,Chd3os,0.380603,0.0314014,0.0236045,0.0806508,1150,0.0454881,0.187107
73925714,Zmym2,0.392246,0.0660906,0.0593517,0.108658,1145,1,0.215725
74881161,Wfs1,0.406531,0.0408361,0.0339993,0.0840209,1145,1,0.357719
67870433,Trem2,0.422699,0.0908687,0.0797365,0.161185,1658,0.942197,0.187666
73718576,Btg1,0.316251,0.0383583,0.0320308,0.0783266,1202,0.477504,0.16521
73931623,Arhgef26,0.355579,0.078289,0.0723774,0.11563,1822,0.708331,0.0614073
74047441,Egflam,0.399,0.0481742,0.0419472,0.0875073,1145,0.670101,0.0691885
963,Serpini1,0.475246,0.0700932,0.0539427,0.172109,1489,0.433881,0.138147
73817436,Ptprv,0.335946,0.0185518,0.0119954,0.0599651,626,0.0363036,0.31627
71717142,Sgcd,0.333781,0.0312426,0.0259227,0.064846,1409,0.0537114,0.435097
71836834,Trp53bp1,0.3502,0.0550358,0.0497847,0.0882045,1409,1,0.245873
73512194,Gng12,0.385028,0.0566083,0.0517349,0.0873911,1145,0.989873,0.132667
71249748,9630033F20Rik,0.400977,0.0549882,0.0489752,0.0929692,1409,1,0.269744
74881353,Abcb10,0.35578,0.0772725,0.0745299,0.0945962,1409,0.972182,0.0915634
74511838,Ntn1,0.408389,0.111056,0.10818,0.129227,3099,0.997057,0.0777704
705,Ngfr,0.417647,0.0639464,0.0480185,0.164555,1662,0.0594995,0.149672
72128788,Apbb2,0.384501,0.0401055,0.0365199,0.0627542,1357,0.996221,0.160501
71924412,Greb1,0.416567,0.101923,0.0973617,0.130738,1409,0.777281,0.0993384
112646460,Cd97,0.37845,0.11004,0.107002,0.129227,1769,1,0.291382
64,Actr10,0.514015,0.142617,0.115189,0.315863,3696,0.247993,0.104199
74819687,Nubp1,0.369965,0.0314332,0.0243956,0.0758861,882,0.799205,0.191328
74047901,Fam213b,0.375168,0.0387871,0.0325459,0.0782103,1769,0.0503724,0.195437
74511935,Bves,0.3783,0.0278118,0.0213416,0.068681,1145,0.0450387,0.0300608
72340123,Elavl2,0.336323,0.037723,0.0331346,0.0667054,915,1,0.278991
1920,Slc27a4,0.445307,0.059102,0.0431431,0.159907,1325,0.399031,0.312837
219,Cd1d1,0.40859,0.0475865,0.0309453,0.152702,882,0.0527778,0.290467
2470,Pcsk1,0.426949,0.127861,0.110829,0.235445,2575,0.995859,0.138902
1235,Nbr1,0.370643,0.0270811,0.0163189,0.095061,626,0.0816662,0.330922
79556712,Ngb,0.34661,0.0521927,0.0453325,0.0955259,1409,0.458501,0.151508
147,Pofut2,0.446493,0.0670436,0.047669,0.189425,1462,0.0558054,0.201721
2099,Cmtm3,0.388229,0.0678378,0.0531148,0.160837,1542,0.0927463,0.302539
71015818,Trib1,0.350633,0.036627,0.0305037,0.0753051,1658,0.0498643,0.176065
74641162,Osbpl8,0.420798,0.0706333,0.0629209,0.119349,1409,1,0.198519
1069,Slc36a2,0.510475,0.2494,0.227104,0.390238,9946,0.104673,0.0716758
75988482,Ica1,0.353464,0.0293048,0.0234573,0.0662406,640,1,0.199228
2185,Elk1,0.422517,0.0634222,0.0448725,0.180593,1166,0.578524,0.154462
75774110,Sh3bp4,0.356878,0.0375165,0.0327299,0.0677513,630,0.596591,0.381084
71717155,Olfm2,0.362012,0.038263,0.031258,0.0825102,1658,0.0577558,0.308931
75084520,Pcp4l1,0.340465,0.0523198,0.0469331,0.0863451,966,1,0.205543
1086,Ubash3a,0.433627,0.0680125,0.0514774,0.172458,1890,0.0623717,0.375509
1699,Dner,0.388832,0.0662495,0.0571439,0.123765,991,0.778274,0.0809373
72128774,Fam131b,0.438874,0.116981,0.113202,0.140848,1658,1,0.299943
77414125,Arf1,0.388104,0.103591,0.100618,0.122371,1658,0.872642,0.186956
2487,Plk1,0.373115,0.114789,0.102863,0.190122,1680,0.415235,0.161248
74047442,Chml,0.389246,0.0648358,0.0583582,0.105752,1669,0.523212,0.117108
73992933,Cox4i1,0.377201,0.0512715,0.0388012,0.130041,1409,0.256572,0.329802
74658247,Neil3,0.37781,0.0487619,0.0420208,0.0913422,1409,1,0.0670886
67936006,Gng2,0.426283,0.0824187,0.0740148,0.135503,1409,1,0.328269
74511806,Gchfr,0.371094,0.0570848,0.0513302,0.093434,1490,0.947761,0.223743
79488929,Acvrl1,0.417371,0.146206,0.140744,0.180709,1361,1,0.154035
2265,Gnat1,0.331496,0.0347687,0.0212864,0.11993,882,0.0784873,0.248522
74819691,Sart3,0.438629,0.086326,0.0783751,0.136549,3093,0.517873,0.415779
71358557,Nrsn1,0.358523,0.0324815,0.0236965,0.0879721,1145,0.0967912,0.162971
2643,Aurka,0.463678,0.0775902,0.0547338,0.221964,1518,0.106496,0.143695
74988591,Gramd3,0.396068,0.0379771,0.0305773,0.0847182,1658,0.0498643,0.1874
72129242,Tspan32,0.382279,0.0664242,0.0622401,0.092853,1272,1,0.0570701
74882686,Pfdn4,0.321724,0.0390254,0.033613,0.0732132,1564,0.292754,0.206852
73931422,LOC380720,0.477668,0.246668,0.242153,0.275189,6321,0.968804,0.273566
739,Nrip1,0.494558,0.190632,0.175001,0.289367,2263,0.949378,0.274356
79591705,App,0.35669,0.053654,0.051183,0.0692621,1250,1,0.222989
70928270,Gap43,0.385486,0.0276847,0.021452,0.067054,1145,0.0450387,0.342135
74363339,6820408C15Rik,0.365904,0.0361982,0.0300622,0.0749564,1145,1,0.149397
73925725,Prex1,0.343547,0.0630251,0.0592597,0.08681,1145,0.617614,0.232665
73771236,Necab3,0.409456,0.127019,0.122089,0.158164,1913,0.954688,0.760481
74357564,Pon3,0.389202,0.0521927,0.0464915,0.0882045,1361,1,0.116798
75079787,Ifi205,0.4065,0.126686,0.124867,0.138175,5134,0.670833,0.158329
76135819,Aco1,0.465674,0.18466,0.182838,0.196165,2565,1,0.401217
71016596,Fstl1,0.39347,0.0464747,0.0403098,0.0854155,1200,0.419674,0.19509
71924363,Decr2,0.42007,0.0642005,0.0570519,0.109355,1145,1,0.201182
75774679,Nup93,0.376568,0.0757636,0.0716967,0.101453,1662,0.99853,0.320063
71670716,Gnal,0.412833,0.0869296,0.080638,0.126671,3211,0.679511,0.403909
74581376,Sema3d,0.333179,0.070125,0.0661589,0.0951772,1658,0.38792,0.0608264
2403,Mcm5,0.380697,0.0535269,0.0387092,0.147124,1662,0.0575746,0.329188
75042260,Tk2,0.404002,0.0351181,0.0262722,0.0909936,1409,0.0537114,0.321917
77869800,Grin3b,0.349504,0.14438,0.142786,0.154445,1658,1,0.0730798
73616037,Lmo3,0.372632,0.0269858,0.0212128,0.0634515,1145,0.0450387,0.243813
79556626,Runx2,0.363293,0.0560682,0.0516797,0.0837885,1658,0.806036,0.113172
1164,C130060K24Rik,0.494345,0.0813069,0.0606027,0.212086,1409,1,0.0822526
71015805,Eml3,0.455657,0.122921,0.118648,0.149913,1511,0.539127,0.199272
74724639,Celsr3,0.430382,0.0650423,0.0569047,0.116444,1145,1,0.413474
1998,Rfx7,0.431141,0.0636128,0.0423152,0.198141,1145,0.112767,0.252737
522,Grb10,0.437286,0.0653123,0.0480921,0.174085,1546,0.142591,0.0856758
2195,Erf,0.429145,0.107244,0.0914192,0.207205,3054,0.188635,0.231931
2691,Traf2,0.417352,0.0738258,0.0571071,0.179431,1671,0.283816,0.192805
73788010,Necab2,0.400813,0.0482377,0.0390588,0.106217,2121,0.040966,0.277089
72283793,Kcnmb4,0.39229,0.0614686,0.04938,0.137827,1409,0.476168,0.196898
74819694,Fxyd5,0.44945,0.156022,0.151636,0.18373,4349,1,0.166242
2545,Satb1,0.344614,0.0369606,0.0297862,0.0822777,1585,0.0506007,0.221048
72472797,Erbb4,0.335607,0.0431074,0.0386724,0.0711214,1145,1,0.220797
1476,Cdkn2b,0.402797,0.0362458,0.021452,0.129692,800,0.122283,0.19288
74273122,Col16a1,0.474216,0.234899,0.232145,0.252295,2701,1,0.321979
1587,Rwdd2b,0.465888,0.0947283,0.074162,0.224637,2716,0.101707,0.339469
199390,Arf1,0.503358,0.224098,0.219524,0.252992,3105,1,0.311988
74047888,Tango2,0.417584,0.100955,0.0975273,0.122603,1890,1,0.208152
1948,Grina,0.420252,0.0567353,0.0409537,0.156421,1640,0.190852,0.159024
74988616,Klk6,0.439583,0.166156,0.164735,0.175131,2383,0.988402,0.28672
71836831,Zfand2b,0.331785,0.042488,0.036943,0.0775131,1075,0.782331,0.360702
592,Igsf5,0.442746,0.10213,0.0815579,0.232074,2217,0.438274,0.0220325
79591403,Tmem200a,0.348066,0.0569895,0.050999,0.0948286,1605,0.43365,0.0948217
75042254,Glg1,0.342807,0.0402961,0.0344593,0.0771644,1873,0.0478329,0.197692
1403,Plxna3,0.36891,0.0754777,0.0628289,0.155375,1265,0.544401,0.0991253
2199,Ets1,0.45818,0.121619,0.108897,0.201976,1651,0.965245,0.598179
73930807,D830030K20Rik,0.39991,0.0564018,0.0510726,0.0900639,1409,1,0.206008
74658245,P4hb,0.410749,0.0734764,0.068661,0.103893,1421,1,0.228719
60,Acta1,0.386114,0.0362935,0.0235861,0.11656,870,0.0511108,0.155814
71924155,Thsd7a,0.406211,0.0508744,0.0369062,0.139105,1409,0.231383,0.237832
2419,Gm953,0.50182,0.0967137,0.0690106,0.271702,1724,0.0772611,0.191519
2053,Axin1,0.362314,0.0416938,0.0243588,0.151191,774,0.138167,0.287021
83161,Rtn3,0.468022,0.137073,0.12632,0.204997,2110,0.999154,0.234596
73930809,Sytl5,0.406814,0.06536,0.0568495,0.119117,1146,1,0.0600931
227165,Cnppd1,0.505065,0.156673,0.139493,0.265195,1718,1,0.214629
293665,Fndc4,0.475974,0.127083,0.108952,0.241604,2841,0.982034,0.355348
75146000,Susd2,0.39824,0.175622,0.172904,0.192795,1145,1,0.688488
1528,Rara,0.606555,0.3224,0.317014,0.356421,3903,1,0.180548
79591577,Ltn1,0.345185,0.0410585,0.034772,0.080767,1890,0.0483564,0.339984
1305,Trpc4,0.453793,0.0465859,0.0296574,0.153515,1319,0.239031,0.129405
73929607,Slc35d3,0.388901,0.0559888,0.0502447,0.0922719,1658,0.661818,0.631535
2157,Donson,0.402081,0.0552105,0.0384332,0.161185,1145,0.0543993,0.296625
75651233,Vamp1,0.326438,0.0551311,0.0477978,0.101453,1890,0.782177,0.240746
72472784,Dapk1,0.393865,0.0814181,0.0769585,0.109587,1220,0.925695,0.30297
71064289,Bcl2l12,0.400606,0.0510491,0.0444494,0.0927368,1183,1,0.359573
79591595,L1cam,0.378394,0.0925364,0.0887883,0.116212,1681,0.883255,0.395342
2012,Abhd8,0.441165,0.0695373,0.054329,0.165601,1542,0.0927463,0.371073
75042236,A230097P14Rik*,0.40515,0.0753347,0.0703536,0.106798,1429,0.998354,0.16703
72472803,Galnt13,0.406268,0.157611,0.150881,0.200116,3617,0.90287,0.331731
75081000,Grin2a,0.332808,0.0754936,0.0711815,0.102731,1409,1,0.250654
71836810,Acsl6,0.352228,0.0321161,0.0257571,0.0722836,1145,0.97992,0.090339
2605,Slc35a1,0.446004,0.0512556,0.0349008,0.154561,1409,0.0694144,0.416452
73521821,Sgsm1,0.381589,0.0629298,0.0493432,0.148751,1409,0.6317,0.595152
71670724,Ttc6,0.389811,0.0955225,0.0920815,0.117257,2420,0.936582,0.144822
73521817,Prkg1,0.396395,0.133166,0.129576,0.15584,1658,1,0.211293
2599,Slc2a4,0.429905,0.0412491,0.0237333,0.151888,976,0.195324,0.340306
70743870,Plekha5,0.394725,0.0868661,0.0749899,0.161883,1967,0.73588,0.234315
77280417,Liph,0.440104,0.173287,0.171744,0.183033,2443,1,0.196413
71587781,Arpp21,0.351681,0.0302101,0.0241197,0.068681,1311,0.0551318,0.281404
70928339,Enox2,0.351261,0.0337204,0.0219487,0.108077,758,0.0511108,0.165672
602,Jam2,0.51534,0.178831,0.160816,0.292621,1867,1,0.0537097
72008118,6430548M08Rik,0.411433,0.080751,0.0744563,0.120511,1101,0.486098,0.432984
75080199,Spag16,0.438673,0.135898,0.135022,0.141429,3963,1,0.173233
74881263,Atp1a3,0.350746,0.0364523,0.0307797,0.0722836,1409,0.275862,0.164763
70813908,Spint1,0.396169,0.0218873,0.0141296,0.070889,626,0.075979,0.305455
74819330,Strada,0.414961,0.0435363,0.0345329,0.100407,965,1,0.297158
70928307,Fam26e,0.359778,0.0679807,0.062976,0.0995933,1706,0.841128,0.0706677
112194079,Itfg1,0.329821,0.0836417,0.0795526,0.109471,1890,1,0.133586
77332735,Prkar2a,0.383327,0.0817993,0.0736652,0.133178,1824,0.900524,0.0660802
74882787,Ptprs,0.364887,0.0413603,0.0358759,0.0760023,1145,0.358096,0.165896
77887884,Csdc2,0.419724,0.119903,0.118207,0.130622,1359,1,0.394066
74749941,Sgcg,0.419291,0.0792579,0.0740884,0.111912,1220,0.999211,0.0679626
73992718,Cntn4,0.401127,0.0512715,0.044247,0.0956421,1409,0.415145,0.173608
74819594,Boc,0.330034,0.0161693,0.0138904,0.0305636,699,1,0.165063
74272478,Gdf11,0.342003,0.0437745,0.0363911,0.0904126,1793,0.24731,0.253221
276273,Rnf219,0.416498,0.107737,0.098576,0.165601,1658,0.9712,0.311344
70436317,Slc17a7,0.400744,0.0591814,0.0526916,0.100174,1445,0.468313,0.253942
70743886,Chgb,0.407291,0.052145,0.047117,0.0839047,1364,0.441347,0.164708
1992,Fam114a2,0.365239,0.051875,0.0381573,0.138524,1658,0.0511108,0.282755
383,Efna5,0.421689,0.0393907,0.0252603,0.128646,882,0.0981447,0.189627
87,Agt,0.395146,0.0496672,0.0372374,0.128181,1765,0.085494,0.132786
1020,Syt13,0.412299,0.0511285,0.035324,0.150959,1241,0.217823,0.142042
2675,Med24,0.421883,0.0469988,0.0319388,0.142127,1247,0.147107,0.247883
2313,Igf2,0.449619,0.07435,0.0532068,0.207902,1658,0.0546719,0.664726
73616023,St3gal1,0.416687,0.132308,0.131968,0.134457,6026,0.540457,0.233394
77371767,Fam214a,0.393162,0.144014,0.13804,0.181755,1851,1,0.238084
75038483,Nod2,0.39979,0.0903604,0.0850719,0.123765,2986,0.680004,0.111559
77371851,Grk5,0.412726,0.129894,0.12713,0.147356,2734,1,0.174847
1407,Sez6l2,0.472867,0.0831335,0.0654598,0.19477,2110,0.0927463,0.155156
293662,Slc7a6,0.433244,0.0843883,0.0698569,0.176177,1658,1,0.311392
71670730,Slc9a9,0.348305,0.0168999,0.0121058,0.0471819,648,0.0344441,0.144349
75080998,Robo2,0.367291,0.0496831,0.0448725,0.0800697,1409,1,0.236828
515,Gng4,0.431562,0.0595467,0.0444861,0.154678,1658,0.206052,0.226373
71717630,2010111I01Rik,0.363713,0.0386124,0.0339073,0.0683324,1145,0.790992,0.143698
75651228,Slc27a1,0.419549,0.129561,0.125143,0.157467,4366,0.997468,0.254977
67870085,Cox7b,0.46504,0.180038,0.177227,0.197792,4797,0.972973,0.159484
71670487,Lrp4,0.349384,0.0579901,0.0464547,0.130854,1191,0.9528,0.43821
72080085,Slc16a3,0.353878,0.0321161,0.0269897,0.0644974,882,0.785244,0.0346687
75650860,Vat1l,0.349102,0.0321003,0.0259227,0.0711214,1409,0.0537114,0.286719
293465,Rpf2,0.599343,0.333916,0.321209,0.414178,5489,1,0.268093
2438,Nrf1,0.441491,0.0508903,0.0334842,0.160837,1197,0.143374,0.337909
73931631,Itgb8,0.351211,0.0225226,0.0162638,0.0620569,882,0.0427096,0.209978
1237,Ndrg2,0.394945,0.0342763,0.0236229,0.101569,1194,0.0500148,0.173127
75077262,Hdac7,0.359069,0.053781,0.0485705,0.0866938,1409,1,0.277474
321203,Cnot7,0.398096,0.104544,0.100913,0.127484,1373,0.607114,0.390896
1860,Syngr3,0.433125,0.0931717,0.081374,0.167693,1352,1,0.450869
72008121,Fmo1,0.377233,0.0231579,0.0169813,0.0621732,882,0.0462046,0.0575105
74583203,Ube2h,0.419756,0.0897092,0.0858079,0.114352,1658,1,0.378005
74581381,Hsbp1,0.403638,0.146047,0.1424,0.169088,4438,1,0.13101
73769308,Hist1h2bg,0.350909,0.0216967,0.016227,0.0562464,882,0.0427096,0.179918
1399,Pfkfb2,0.501971,0.128893,0.110498,0.24509,1576,1,0.189961
906,Rpn2,0.344809,0.0247939,0.0153991,0.0841371,626,0.136541,0.172247
74743272,Plk2,0.382831,0.0530186,0.0460684,0.0969204,1034,1,0.273922
73929609,Slc6a15,0.414716,0.100224,0.0966442,0.122836,1409,1,0.339262
71587782,Pdgfb,0.369726,0.030369,0.0230894,0.076351,1204,0.0818182,0.462019
70928293,Rtn1,0.361171,0.0515891,0.0382309,0.135967,1658,0.0517647,0.22195
72119656,Clcn2,0.4183,0.134929,0.130754,0.161302,4596,1,0.203834
76115731,Klhl4,0.460515,0.187932,0.178092,0.250087,3698,1,0.133064
112648831,Mdfi,0.477832,0.246923,0.238419,0.300639,2831,0.822321,0.379189
2319,Il17rc,0.395077,0.0616592,0.047301,0.152353,1409,0.0721551,0.14083
2448,Olig2,0.380484,0.049842,0.0407146,0.107496,1938,0.210104,0.148504
355890,Fh1,0.467381,0.158945,0.153825,0.191284,2566,1,0.144426
74988272,Dicer1,0.436037,0.098445,0.0903705,0.149448,2110,0.994061,0.210995
2097,Chrnb2,0.420484,0.0760495,0.0606947,0.173039,1409,1,0.263971
74581442,Palmd,0.481736,0.19913,0.192718,0.239628,4486,0.943551,0.412976
71836878,Ddit4l,0.350947,0.0548452,0.0487729,0.0932016,1658,1,0.198165
71587812,Sidt1,0.395999,0.0378659,0.0259595,0.113074,1409,0.0537114,0.244016
71836801,Zfp536,0.390602,0.0582443,0.0519925,0.0977339,1658,1,0.444135
717,Npy,0.208811,0.0283359,0.0238253,0.0568274,852,0.451247,0.129817
71016663,Hdc,0.424206,0.0641529,0.0511462,0.14631,1658,1,0.101928
74511804,Entpd3,0.352353,0.0374053,0.0312029,0.0765834,1658,0.0498643,0.055682
79912528,Sox11,0.440857,0.151448,0.1486,0.169436,1890,1,0.0736035
2657,Tat,0.377553,0.012659,0.00165581,0.0821615,34,0.0699476,0.534723
1631,Cenpf,0.442219,0.1166,0.106193,0.182336,1409,1,0.162773
74357567,Nell1,0.427733,0.144634,0.141682,0.163277,1551,1,0.0377776
112647967,Il17rd,0.45973,0.258009,0.25551,0.273794,2248,1,0.0452986
77371821,Sstr2,0.401347,0.0951572,0.0871141,0.145962,1890,1,0.187749
74425521,LOC381765,0.449788,0.143983,0.139806,0.170366,1458,1,0.516372
73929578,Thbs2,0.411013,0.0796391,0.074346,0.113074,1962,1,0.179373
74988739,Zfhx4,0.333637,0.0410743,0.034772,0.0808832,1890,0.0483564,0.173757
74750011,Lrrc74b,0.391436,0.100716,0.095338,0.134689,1409,1,0.247347
2031,Apba2,0.449575,0.0656777,0.0483865,0.174898,1646,0.0558485,0.134518
74658055,Adap1,0.385781,0.0293366,0.0239725,0.0632191,640,1,0.321239
297,Crhr1,0.46182,0.0764307,0.0617066,0.169436,1145,1,0.193818
76085747,Smarca2,0.436169,0.0979368,0.0894874,0.151307,2646,1,0.304056
768,Pcbp3,0.408088,0.0541463,0.0392795,0.148053,2112,0.040966,0.130735
75890835,P2rx1,0.312943,0.0411061,0.0368694,0.0678675,1361,1,0.112795
70744325,Osbpl6,0.382932,0.03677,0.0305773,0.0758861,1658,0.0498643,0.191594
74640882,Epha1,0.378438,0.071618,0.0642087,0.11842,1900,0.886986,0.254079
75043156,Shisa2,0.414791,0.0838165,0.077492,0.123765,2351,1,0.110635
74511769,Gpr3,0.435503,0.120126,0.117875,0.13434,1658,1,0.0908086
74988454,Aacs,0.351644,0.0712845,0.0684402,0.0892504,2404,0.991714,0.255404
112202195,Pth1r,0.446136,0.195858,0.184899,0.265078,2058,1,0.396693
1526,Dennd5a,0.449801,0.10618,0.0950804,0.176293,1634,0.722716,0.274546
70436730,Anxa4,0.380133,0.0380724,0.0311477,0.0818129,1145,0.90264,0.0504154
73520966,Baiap2,0.304545,0.0612144,0.0553225,0.0984311,1476,0.99842,0.34186
73520986,Hs6st3,0.418061,0.150558,0.143872,0.192795,2725,1,0.153338
1946,Micu2,0.403964,0.0355787,0.0217647,0.122836,740,0.233544,0.170333
71717082,Mest,0.373718,0.0239044,0.0171653,0.066473,882,0.0618167,0.18722
77887874,Nnat,0.398328,0.165902,0.163686,0.179895,1453,0.436892,0.557812
321204,Sar1a,0.460025,0.0984768,0.0828274,0.197327,1919,0.998844,0.402862
72129294,Tshz2,0.401341,0.114074,0.104611,0.173852,1375,1,0.090411
2671,Thpo,0.406738,0.0389142,0.0250212,0.126671,1126,0.118682,0.332683
72109399,Wdfy2,0.378494,0.0986039,0.0897082,0.154794,2383,1,0.320385
75081206,Baiap3,0.392058,0.0331168,0.0254075,0.0818129,1145,0.102339,0.0961614
71249067,Pou6f2,0.391844,0.0330215,0.026217,0.0760023,1409,0.0537114,0.832975
77413684,Smpd1,0.411954,0.143236,0.133882,0.202324,1658,1,0.191219
75651223,Sytl4,0.395981,0.118379,0.114674,0.141778,2676,0.966622,0.15104
2095,Chrm3,0.452512,0.0775425,0.0572911,0.205462,1662,0.0859837,0.167567
71020445,Rgs8,0.358366,0.0271288,0.021176,0.0647298,1145,0.0450387,0.232046
978,Slc6a3,0.474819,0.0800362,0.0567208,0.22731,1634,0.0880228,0.0418386
1317,Taf1d,0.471605,0.0653441,0.0476322,0.177223,1658,0.0543993,0.0635551
72077480,Fam222a,0.414371,0.121412,0.114214,0.16688,1168,1,0.414504
74819681,Gbas,0.341878,0.0316714,0.0266218,0.0635677,1409,0.0538583,0.353184
72472766,Cort,0.34351,0.0531457,0.0477426,0.0872748,1658,0.609075,0.199208
75650862,Sgk3,0.397989,0.0855636,0.0772712,0.137943,2088,0.802632,0.201304
74988758,LOC545352,0.439188,0.176512,0.168396,0.227775,2277,0.658456,0.0895489
797,Pgrmc1,0.428675,0.0533522,0.0357287,0.164672,1452,0.0789932,0.216473
69120555,Cst3,0.384576,0.0464906,0.0330978,0.131087,909,0.0543993,0.142929
145,Acot7,0.415456,0.0376118,0.0306693,0.0814643,1662,0.0498643,0.150466
72129241,Klk8,0.359245,0.0431551,0.0371822,0.0808832,1145,1,0.117896
72128789,Arhgap25,0.383365,0.0879461,0.0871877,0.0927368,2777,1,0.146649
74882717,Prkdc,0.335984,0.0313855,0.0260514,0.0650784,1409,0.0530852,0.271975
673,Mrpl39,0.41336,0.116949,0.0985944,0.232888,2042,0.864243,0.26417
112195601,Aqp2,0.438146,0.217252,0.213011,0.244044,1359,1,0.632825
71836797,Spon1,0.415726,0.0601026,0.0506862,0.119582,1890,1,0.481999
71670695,Shb,0.393501,0.0804174,0.0728189,0.128414,1890,0.877198,0.545646
74988352,Veph1,0.379907,0.0790197,0.0759466,0.0984311,1370,1,0.299446
2579,Slc16a4,0.442244,0.0719357,0.0518821,0.198605,1145,1,0.472642
73817933,Arl16,0.357688,0.0262075,0.0211392,0.058222,1145,0.0450387,0.386949
73512191,TC1410973,0.425135,0.110834,0.105126,0.146891,1409,1,0.20917
73512205,Psmc6,0.371333,0.0362299,0.0305957,0.0718187,1658,0.0498643,0.286032
74749983,Trim23,0.370668,0.0378977,0.0324171,0.072516,1108,1,0.351877
74047773,Nptx2,0.379561,0.0327674,0.026309,0.0735619,1410,0.0537114,0.39638
1173,Chrna4,0.46767,0.060325,0.044155,0.162464,1409,0.0590278,0.164579
74882584,Fa2h,0.392591,0.0495084,0.0438238,0.0854155,1250,1,0.166403
74957922,Zfp114,0.338281,0.0388348,0.0332634,0.0740267,1442,0.344358,0.252766
77340488,Gm12429,0.451075,0.198526,0.191136,0.245206,2110,1,0.170607
70813922,Akr1b3,0.350426,0.0214266,0.0163373,0.0535735,882,0.0427096,0.306366
74581443,Panx2,0.453284,0.151051,0.149005,0.163974,5407,1,0.4525
75077242,St6galnac3,0.355993,0.0651694,0.0597932,0.0991284,1658,0.865625,0.284586
72104173,Pde6g,0.374145,0.0930288,0.0835265,0.153051,1409,0.938539,0.477583
1930,Best2,0.423277,0.0505408,0.0349928,0.148751,1426,0.0856771,0.2054
74819233,Smtn,0.342781,0.0794962,0.0745851,0.110517,1409,1,0.808723
2059,Gpr146,0.396194,0.0689179,0.0542186,0.161766,1526,0.0930581,0.117583
1156,Ascl2,0.44559,0.0423609,0.0269897,0.139454,1367,0.0519566,0.259854
74511839,Prss35,0.384375,0.0710621,0.0672812,0.0949448,2248,1,0.0691767
74988737,Tcea2,0.330511,0.0362458,0.0305037,0.072516,1658,0.0498643,0.175117
77869798,Acat2,0.412092,0.176305,0.170346,0.213945,3684,0.9584,0.243433
45841,Arxes1,0.435823,0.071761,0.0535563,0.186752,2110,1,0.38109
75774682,Atpif1,0.361479,0.066726,0.0607131,0.104707,1658,0.983101,0.231878
2637,Stat3,0.435717,0.0598008,0.0444861,0.156537,1034,0.943249,0.400531
75888748,Grin2c,0.395993,0.151003,0.146079,0.182103,2112,1,0.226637
73635786,Fam69b,0.374013,0.0923299,0.0885491,0.116212,1658,1,0.309671
72283804,Cbln4,0.345957,0.0272558,0.0212496,0.0651947,882,1,0.0996171
75041562,Mex3d,0.401322,0.0926794,0.0880708,0.12179,1849,0.366186,0.241078
74512038,Cks2,0.321291,0.0315285,0.0260146,0.0663568,1409,0.0537114,0.108695
75988610,Ddx26b,0.43674,0.184692,0.182195,0.200465,5386,0.954404,0.158673
108,Aqp4,0.422806,0.0321161,0.0223903,0.0935503,1158,0.0495186,0.228673
72339397,Dirc2,0.392284,0.0375006,0.0276153,0.0999419,1406,0.0528031,0.317708
71063818,Kctd4,0.380126,0.0592131,0.054605,0.0883207,1658,0.952727,0.172095
324210,Ccng1,0.474844,0.173573,0.164845,0.228704,5410,1,0.225054
77371755,Mme,0.433382,0.136184,0.129411,0.178966,1145,1,0.0990718
72129248,Neto1,0.363538,0.0380565,0.0312397,0.0811156,1658,0.0660066,0.387219
70634234,Csdc2,0.366092,0.0474595,0.0411561,0.0872748,1409,0.371256,0.213174
74724532,Adra2b,0.429421,0.132864,0.128914,0.157815,1807,1,0.172839
77414897,Vcam1,0.452732,0.223034,0.217353,0.258919,2616,1,0.0457418
1659,Abtb1,0.417892,0.0429486,0.0319756,0.11226,1494,0.172453,0.239203
74425552,Rasa4,0.379706,0.0913928,0.0865622,0.121906,1890,0.431507,0.062479
74272480,Ppfibp1,0.356571,0.0573548,0.0518821,0.0919233,1671,0.767026,0.104176
72128746,Psd,0.382141,0.0534792,0.0486809,0.0837885,1145,1,0.245311
74881536,Atg12,0.357042,0.0432663,0.0380837,0.0760023,1145,1,0.212049
72104186,Cdhr1,0.487811,0.226846,0.227987,0.21964,2646,1,0.790975
70743844,Cpne2,0.355046,0.0191077,0.0145711,0.0477629,792,0.041582,0.399308
79556595,Lpar1,0.368389,0.0992392,0.0948228,0.127135,1853,1,0.153566
73817425,Gpr12,0.373228,0.0392636,0.0309821,0.0915747,1586,0.0618371,0.241641
71016595,Stmn1,0.39165,0.0343557,0.0268977,0.0814643,1350,0.0847201,0.20533
75081003,Snx31,0.37845,0.0974761,0.0889907,0.151075,1578,1,0.282631
73930833,Gm5083,0.434461,0.0985721,0.0940501,0.127135,1890,1,0.185419
83158,Otud6b,0.520154,0.234264,0.225466,0.289831,2735,0.99007,0.186012
74047712,Gpc5,0.366167,0.0341492,0.0266954,0.0812318,1145,0.168695,0.106754
74724764,Npas2,0.379907,0.0704427,0.0628105,0.118652,1473,0.533598,0.404149
2371,P3h1,0.425354,0.0456488,0.0307061,0.140035,1138,0.0461176,0.466364
72283808,Crlf1,0.389045,0.0573707,0.0484969,0.113422,2110,0.213624,0.122742
121099,Pgf,0.470946,0.13323,0.116569,0.238466,1646,0.970993,0.441748
2567,St3gal3,0.454408,0.0515415,0.0348456,0.157002,1409,0.0537114,0.282519
75988600,B3gnt2,0.399244,0.0973173,0.0815947,0.19663,1658,0.783784,0.226124
79556607,Pitx2,0.365025,0.0939659,0.0868749,0.138757,1347,1,0.156407
278,Cnih1,0.458017,0.0546387,0.0371454,0.165137,1917,0.10219,0.20098
72119651,Cacnb2,0.395064,0.0424244,0.0368878,0.0773969,1102,1,0.266989
71015816,1110008P14Rik,0.37476,0.0365952,0.0305037,0.0750726,1658,0.0498643,0.227756
1207,Ghitm,0.469879,0.0660271,0.0477978,0.181174,1658,0.0543993,0.146519
74357577,Gdap10,0.329036,0.0368017,0.0305037,0.0765834,1658,0.0498643,0.225594
73520980,Prox1,0.362854,0.0542893,0.0488097,0.0889018,1215,1,0.045753
70634139,Ttc39b,0.360067,0.0340063,0.0222615,0.108193,1210,0.0540107,0.146579
74272036,Chchd2,0.338325,0.0546546,0.0479634,0.0969204,1715,0.563492,0.273179
74988452,Cyb5r1,0.339599,0.0567989,0.0527836,0.0821615,1409,1,0.160637
73788116,Stac,0.433269,0.146651,0.144534,0.160023,3638,0.8303,0.14935
74511986,Sipa1l1,0.382085,0.0568942,0.0463075,0.123765,2459,0.658257,0.33414
1032,Syt6,0.491364,0.0731905,0.0507046,0.215224,1418,0.921922,0.180053
73930840,Camkk1,0.37749,0.0623104,0.0550833,0.10796,1409,1,0.217723
73931419,LOC235953,0.429164,0.183707,0.182912,0.188727,3528,1,0.154189
73992927,Camk1d,0.367561,0.0444734,0.0389668,0.0792562,1145,1,0.116807
1683,Cdkn2c,0.428593,0.0498737,0.0333922,0.15398,1145,0.113252,0.261884
75041431,Six3os1,0.495004,0.202926,0.198624,0.230099,1900,1,0.638983
79912608,Kiss1,0.432516,0.181578,0.17914,0.196979,2711,1,0.0379797
67936016,Tfam,0.473218,0.151543,0.137856,0.238001,2522,1,0.3789
74425550,Decr1,0.403399,0.117712,0.114435,0.138408,1658,1,0.206604
74425544,Slc43a2,0.420088,0.12038,0.117783,0.136781,1409,0.993961,0.78289
199391,F2rl1,0.543828,0.242523,0.228244,0.332714,4984,0.757417,0.27492
70301274,Prkcd,0.390878,0.0334345,0.0268977,0.074724,1409,0.0874587,0.108503
72007564,Gpr171,0.354016,0.0322591,0.0259227,0.0722836,1409,0.0537114,0.245266
73718047,Lman2,0.390558,0.063311,0.0539979,0.122138,1890,0.938424,0.379735
75041574,A130014H13Rik,0.377264,0.0979209,0.0903889,0.145497,2708,0.729681,0.190753
74658130,Cs,0.399156,0.0938071,0.0861022,0.142475,2110,0.806291,0.120327
74273308,Sod3,0.353207,0.0335139,0.0259595,0.0812318,1409,0.0537114,0.827747
77280309,Pdgfra,0.383108,0.0873426,0.0824226,0.11842,1409,1,0.0868109
72080123,Nap1l5,0.370053,0.0724122,0.0682562,0.0986636,1409,1,0.117103
72340223,Prlr,0.431191,0.132912,0.123579,0.191865,2174,1,0.0563717
73636032,Gm261,0.37589,0.0906939,0.0840233,0.13283,3087,0.749537,0.402233
75774684,Dync1li1,0.351964,0.0685208,0.0646687,0.092853,1586,0.865582,0.165174
79488931,Satb1,0.416147,0.13566,0.128804,0.178966,2803,1,0.259387
75041526,Rgag1,0.361887,0.0733652,0.0665268,0.11656,1658,0.41409,0.117931
71250309,Crtc1,0.405696,0.0389142,0.0308901,0.0895991,1658,0.0498643,0.325016
74819487,Axin2,0.398792,0.12065,0.106414,0.210575,1409,1,0.258399
77371759,Osbpl9,0.455161,0.173589,0.171303,0.18803,1373,1,0.254488
1109,Brwd1,0.396458,0.0529869,0.0390036,0.141313,2110,0.040966,0.204538
72129255,Hs6st2,0.365722,0.0439016,0.0355816,0.0964555,1890,0.0483564,0.11748
77280434,9630013P03Rik*,0.354989,0.0753983,0.0684218,0.119465,1262,0.923865,0.0326041
74363345,Zdhhc23,0.392453,0.0613733,0.0474666,0.149216,1409,0.467306,0.0906497
1026,Syt3,0.46322,0.0590225,0.0406594,0.175015,1658,0.0516099,0.398144
67752308,Cplx1,0.448803,0.112327,0.10577,0.153748,4002,0.816601,0.153273
74988611,Kbtbd3,0.400098,0.0660589,0.0605659,0.100755,1658,0.855452,0.187434
75147762,Nos1,0.337641,0.0398672,0.0340913,0.076351,1853,0.0499611,0.101376
72472791,Necab1,0.386767,0.041392,0.0354528,0.0789076,772,0.890263,0.383484
77925099,Slc44a1,0.379794,0.119459,0.119108,0.121673,5065,0.66328,0.115257
77413700,Enpp2,0.377653,0.0563541,0.0484049,0.106566,1409,0.645638,0.138936
227160,Sc5d,0.487861,0.134866,0.115061,0.259965,1890,0.921347,0.215052
72472749,Bmp3,0.335557,0.0453787,0.0406594,0.0751888,1510,0.811801,0.1629
74988453,Sec14l1,0.34066,0.0500167,0.0449093,0.0822777,1370,0.965206,0.198494
73512195,Scn3b,0.398792,0.0805921,0.0749715,0.116095,1145,0.998012,0.243072
72128755,Ttll7,0.376273,0.0472212,0.0389668,0.0993608,2116,0.0409791,0.177347
77278981,Pdgfrb,0.318316,0.038946,0.0325275,0.0794887,1761,0.0511788,0.0809664
290,Col6a1,0.499008,0.0667736,0.0466939,0.193608,1145,0.924925,0.196815
1978,Ccdc137,0.440123,0.117553,0.114748,0.13527,2725,1,0.214469
74819344,Arl2,0.38403,0.0615003,0.0529308,0.11563,2110,0.887017,0.29695
74657929,Nhlh2,0.459385,0.18628,0.188303,0.173504,6906,1,0.304158
73817438,Rnasel,0.359558,0.0250004,0.0190602,0.0625218,626,0.982005,0.284994
79490116,Gpr139,0.454885,0.159262,0.151893,0.205811,1293,1,0.130934
2495,Pparg,0.53238,0.181166,0.160375,0.312493,5699,0.960963,0.29241
71015388,Psrc1,0.389409,0.0467447,0.0373846,0.105869,1890,0.0594059,0.14989
67870434,Inpp1,0.454006,0.130863,0.123358,0.178268,3265,0.86646,0.234248
71836837,Bcl11a,0.395566,0.108737,0.104666,0.134457,1409,1,0.231214
2147,Dip2a,0.388235,0.0768595,0.0661957,0.144218,1268,1,0.509218
118,Arx,0.440845,0.067123,0.0504839,0.172225,908,0.441318,0.249248
74272906,Sh3kbp1,0.404981,0.0795756,0.0737572,0.116328,1658,1,0.125487
76085741,Kank4,0.448351,0.214298,0.212882,0.223242,2465,1,0.375547
73635806,Fam65b,0.381645,0.120491,0.116036,0.148635,2158,1,0.0962154
73931409,Glrx,0.384859,0.0731746,0.0604923,0.153283,1488,1,0.22676
77332673,Iqsec1,0.366707,0.0500326,0.0457556,0.0770482,1340,1,0.166547
2559,Serpinf1,0.360186,0.0277323,0.021084,0.0697269,1145,0.0450387,0.149111
74658239,Exoc4,0.362232,0.0218873,0.0162454,0.0575247,882,0.0427096,0.334833
76115725,Gabrb2,0.401303,0.0971108,0.0929646,0.1233,2433,1,0.187273
1041,Tbr1,0.427708,0.0396925,0.0236597,0.140965,906,0.245009,0.133399
112202624,Klf7,0.505348,0.318239,0.313077,0.350843,2616,1,0.295439
73992932,Col4a5,0.353878,0.0465859,0.0399971,0.0882045,1409,1,0.101658
79567501,Adcy2,0.382649,0.0497784,0.0457004,0.0755375,1182,1,0.207558
75081207,Fam60a,0.35974,0.0265728,0.0210656,0.0613597,1145,0.0450387,0.101539
73788442,Map3k15,0.368848,0.0397719,0.0340177,0.0761185,1145,0.297251,0.492066
77866848,Gucy1a3,0.405207,0.0941565,0.0813188,0.175247,1409,0.995268,0.16444
67850945,Slco1a5,0.481554,0.188186,0.18707,0.195235,2197,1,0.169652
74581373,Akap13,0.349183,0.0811639,0.0774736,0.104474,1708,0.870662,0.157142
70813925,Parvg,0.399357,0.0360393,0.0287927,0.0818129,1554,0.0530852,0.33452
2167,Dtx1,0.457333,0.0948713,0.0748059,0.221615,1682,0.416577,0.145829
73931629,Rgs7bp,0.374521,0.0465382,0.0415609,0.0779779,1371,0.992748,0.250041
71923998,Itpk1,0.393746,0.0618339,0.0555433,0.101569,1145,0.769093,0.270342
72109337,Gm5607,0.557637,0.32167,0.317364,0.348867,2383,1,0.829156
74724776,Ccdc65,0.389786,0.0754459,0.0619826,0.160488,1409,0.815814,0.432505
69153759,Nrgn,0.43598,0.116076,0.11162,0.144218,4188,0.722263,0.391051
74819244,Nqo2,0.358629,0.0546705,0.049288,0.0886694,1409,1,0.154994
73520406,Prkch,0.426936,0.148096,0.14527,0.16595,5322,0.999127,0.281982
73718058,Ccr1,0.388926,0.0940612,0.0877028,0.134224,1890,0.979296,0.505681
72340194,Miat,0.423609,0.0990168,0.0946021,0.126903,1409,0.991091,0.168642
900,Rora,0.495337,0.133658,0.110332,0.280999,3613,0.248938,0.0437043
74819237,Rpl23,0.424218,0.126479,0.121426,0.158396,1409,1,0.364013
74641316,Avpr1a,0.321228,0.0525739,0.0475218,0.0844858,1614,0.370148,0.122421
74047829,Stk26,0.410416,0.101098,0.0985392,0.117257,1359,1,0.264872
2210,Fbxo2,0.444271,0.0684096,0.052894,0.166415,1145,1,0.35457
71587919,Map4,0.366073,0.0443622,0.0397027,0.0737943,1145,1,0.185081
684,Ncdn,0.400249,0.0503026,0.03847,0.125044,1848,0.119434,0.0925728
736,Nrgn,0.587864,0.303134,0.283107,0.429634,10573,0.438938,0.545615
79583813,Fam114a2,0.437568,0.11625,0.110387,0.153283,1145,0.964365,0.358411
74724649,Gpr151,0.461011,0.11004,0.100232,0.171993,2199,1,0.318427
74047922,Ogfod1,0.433915,0.0767325,0.0694705,0.122603,1145,1,0.54942
74581425,LOC277860,0.408678,0.044251,0.0350296,0.102499,1876,0.0483973,0.0937818
323588,Eif2d,0.473708,0.136422,0.12632,0.200232,2073,0.452921,0.361897
74657924,Slc22a8,0.369933,0.0270017,0.0211392,0.0640325,1145,0.0450387,0.493019
70562045,Gpr161,0.377754,0.0226973,0.0162822,0.0632191,882,0.0427096,0.242876
74882697,Pgrmc2,0.345499,0.0561318,0.0513854,0.0861127,1462,1,0.360552
74641319,Pcyt1b,0.361818,0.0524309,0.0469515,0.0870424,1409,0.410434,0.559693
293037,Ptcd2,0.404567,0.0426945,0.0348272,0.0923881,1890,0.0483564,0.393736
71016676,Camk2d,0.351763,0.0327038,0.026033,0.0748402,1409,0.0537114,0.249067
70928248,Igfbp6,0.388041,0.0289077,0.0226478,0.0684486,1226,0.0568236,0.0774702
70431430,Fryl,0.383214,0.0233962,0.0171836,0.062638,882,0.060927,0.211879
75774675,Rpn1,0.336461,0.0703633,0.06362,0.112958,2325,0.399442,0.0770843
75081398,Zfp330,0.443004,0.0783685,0.0731501,0.111331,2311,0.563914,0.253735
71924504,LOC433088,0.375356,0.194126,0.195036,0.188379,2701,1,0.577808
2393,Map3k7,0.427526,0.120825,0.111289,0.181058,4486,0.675898,0.223995
74357581,Pdp1,0.391493,0.0407567,0.0337602,0.0849506,1409,0.214209,0.312996
75041513,Tiam2,0.382423,0.047936,0.038562,0.107147,1145,0.700676,0.295189
75551459,Grik5,0.37707,0.0649311,0.0581006,0.108077,1658,1,0.170607
71836889,Ap2s1,0.374095,0.0547976,0.0473194,0.102034,1716,1,0.2065
75826557,Chrm5,0.428781,0.208263,0.20188,0.248576,3178,0.483819,0.12147
77280578,B3galt5,0.483198,0.217268,0.21704,0.21871,1890,1,0.088628
74641323,Ttpal,0.355604,0.0426786,0.036667,0.0806508,1214,0.390471,0.297481
67870478,Slc50a1,0.42811,0.114598,0.11116,0.136316,2706,1,0.227211
72109467,Brinp1,0.373906,0.126511,0.126044,0.12946,5442,0.738049,0.24746
70634417,Lgals1,0.350206,0.0208548,0.016227,0.0500872,882,0.0427096,0.157955
75041550,C1qtnf3,0.34275,0.0445528,0.0410089,0.0669378,1084,0.454351,0.0892593
77869820,Vstm2b,0.362634,0.10097,0.0939213,0.145497,1522,0.730803,0.183421
73997150,Grb14,0.339675,0.0161851,0.0115171,0.0456711,626,0.0347568,0.283716
1964,Fam136a,0.394091,0.0595785,0.0435479,0.160837,882,1,0.124326
71670693,Prkcq,0.37786,0.0574819,0.0489384,0.111447,2098,0.651462,0.181578
71670685,Phospho1,0.426402,0.0921711,0.0843912,0.141313,1145,1,0.661121
1589,Wnt2b,0.425706,0.0582284,0.0427383,0.156072,1883,0.125295,0.156723
72128779,Alox12b,0.336285,0.0170111,0.0124922,0.0455549,626,0.0439442,0.0508997
71063847,Adamtsl5,0.366801,0.0332915,0.0276705,0.0687972,1504,0.0546625,0.162494
100,Gata2,0.347533,0.0317032,0.0195938,0.108193,390,0.470292,0.14313
74272904,Sp8,0.444749,0.130974,0.12621,0.161069,1890,1,0.14941
832,Ppp1r7,0.480223,0.106005,0.0933326,0.186055,2027,0.99842,0.19618
73521809,Tle4,0.383873,0.0674407,0.0639511,0.0894829,986,0.904995,0.184018
70562057,Gpr26,0.372092,0.0196001,0.0147551,0.0502034,802,0.050075,0.265938
71670726,Drc1,0.346849,0.0321161,0.0272657,0.0627542,882,0.662252,0.249077
74658242,Triap1,0.399464,0.0524468,0.0444861,0.102731,1658,1,0.609766
70431433,Epb4.1l2,0.349786,0.0308772,0.0259227,0.0621732,1409,0.0537114,0.134007
74641112,Cables2,0.454226,0.116965,0.108253,0.171993,4219,0.670756,0.0780107
79589524,Gabrr2,0.425248,0.120539,0.109596,0.189657,1438,0.753774,0.109372
75773701,Spsb4,0.351983,0.105434,0.0994223,0.143405,1618,1,0.349593
73930808,Syn3,0.371823,0.0273511,0.0211024,0.0668216,1145,0.0450387,0.188737
72472786,Dchs1,0.400826,0.0912022,0.0880892,0.110866,2480,0.869942,0.167397
777,Pcsk1n,0.53587,0.246065,0.228392,0.357699,9992,0.0986323,0.387945
74882698,Ppp2r2c,0.331383,0.030909,0.0259227,0.0624056,1409,0.0537114,0.390111
71587875,Gabrg3,0.402307,0.0385648,0.0317916,0.0813481,1658,0.0577778,0.278688
71670744,LOC381557,0.391788,0.0508585,0.0445413,0.0907612,1025,0.995803,0.156646
112643861,Sec61a2,0.34828,0.0675201,0.0631416,0.0951772,1159,0.9272,0.345615
74658243,Bcl2l11,0.400587,0.0516527,0.0428303,0.107379,1658,0.958234,0.601946
72008304,Plcb4,0.391392,0.0387554,0.0315156,0.0844858,1708,0.0473196,0.17058
77869818,Lhcgr,0.370467,0.119935,0.109707,0.184544,1658,0.589623,0.0853994
73520974,Cpne8,0.397154,0.0690132,0.0615226,0.116328,1044,1,0.219161
74988601,Mpv17l2,0.421425,0.0867072,0.0788534,0.136316,1891,0.862028,0.366359
74819235,Taok1,0.459787,0.187884,0.185083,0.205578,2684,1,0.184057
75773703,Mri1,0.517474,0.323067,0.322589,0.326089,2741,1,0.396189
74512048,Nefh,0.33658,0.0500643,0.0445965,0.084602,1409,0.478876,0.186178
74273121,Cnksr3,0.432742,0.124525,0.10932,0.220569,2110,0.987923,0.172296
868,Pvalb,0.405514,0.0483172,0.034864,0.133295,846,0.95063,0.0838614
77414569,Gpalpp1,0.407736,0.142505,0.1401,0.157699,2569,1,0.120341
73997145,Ngp,0.360061,0.0406455,0.0364463,0.0671702,1323,0.982183,0.353478
71924301,Col25a1,0.38231,0.0423133,0.0361151,0.0814643,882,0.76907,0.488288
67809267,Clic1,0.399571,0.0682825,0.0590941,0.126322,1890,0.617963,0.344674
74047716,Pdzd8,0.36195,0.0281612,0.0215256,0.0700755,1145,0.0450387,0.207813
77395095,Tmeff1,0.374201,0.0918058,0.0826986,0.149332,1658,1,0.170483
112645384,Eva1c,0.490761,0.296209,0.293152,0.315514,3888,1,0.491504
70231995,Osbpl3,0.392077,0.0893439,0.0792214,0.153283,1743,1,0.313285
75080239,Rrad,0.440204,0.141568,0.136329,0.174666,1890,0.773831,0.344187
77414149,Slc29a4,0.44542,0.192459,0.185009,0.239512,3151,0.71411,0.324234
70743868,Camk1g,0.370216,0.0251592,0.0201089,0.0570598,1091,0.0461672,0.245507
71064290,Il16,0.386892,0.0397878,0.0319388,0.0893666,882,0.725501,0.201846
75651149,Gpr137,0.328885,0.0420115,0.0369062,0.0742592,1145,1,0.180473
73519704,Ntsr1,0.334428,0.0592608,0.054145,0.0915747,1145,0.465047,0.0284015
72077455,Schip1,0.360506,0.0426309,0.036759,0.0797211,1193,0.419216,0.435415
79588294,Aldob,0.414666,0.115996,0.111657,0.143405,1552,0.647831,0.0543764
74425515,Soat2,0.394324,0.0744929,0.0711631,0.0955259,2702,0.999611,0.529539
1259,Pde4d,0.402376,0.0497784,0.0396107,0.114003,2033,0.076511,0.0328164
2343,Kcnj8,0.388323,0.0462523,0.029823,0.150029,1145,0.0454161,0.117164
1685,Chuk,0.362609,0.071491,0.0684954,0.0904126,1361,1,0.265069
69120618,Man1a,0.337823,0.0310361,0.0259227,0.0633353,1409,0.0537114,0.0913053
112203270,Kdelr3,0.343773,0.0542893,0.0481841,0.092853,1890,0.365755,0.147289
71249081,Ttc9b,0.412299,0.0794962,0.073978,0.114352,1658,1,0.167923
79589520,Itpka,0.389641,0.0660589,0.0582478,0.115398,2071,0.36376,0.479381
72283801,Fam180a,0.412977,0.0481901,0.0351952,0.130273,1876,0.0511551,0.0851941
70744519,Klf10,0.369073,0.0271923,0.0203113,0.0706566,916,0.11,0.221864
72007750,Il34,0.365571,0.0369923,0.0303566,0.0789076,1618,0.0498643,0.301245
74357570,Tpd52l1,0.388166,0.0414397,0.034772,0.0835561,1890,0.0483564,0.064017
73817944,Tdrd3,0.33262,0.0268111,0.0213048,0.0615921,1145,0.0450387,0.333563
74750263,Dab1,0.434286,0.0869137,0.0806564,0.126438,2979,1,0.303941
73817429,Cadps2,0.323507,0.048476,0.0407882,0.0970366,2210,0.0405053,0.176518
77371787,S100a16,0.421557,0.151273,0.147533,0.174898,1340,1,0.137039
2375,Lhx2,0.389083,0.0694897,0.0543106,0.165369,1542,0.0927463,0.110021
74881163,Yipf1,0.414,0.0444575,0.0390772,0.0784428,1145,0.506374,0.343536
302,Cry2,0.438064,0.0637875,0.0484417,0.160721,1662,0.131203,0.164683
76085744,Pbx3,0.422837,0.160072,0.154966,0.19233,1658,1,0.336652
73635975,Slc8a1,0.386183,0.0540034,0.0476506,0.0941313,882,0.564989,0.517561
74047769,Dach1,0.371277,0.0466494,0.0401626,0.0876235,1655,0.0995927,0.360393
33,Anln,0.454132,0.0539557,0.0384332,0.152005,1658,0.0511108,0.519448
71717135,Pstpip1,0.378833,0.0421385,0.0358023,0.0821615,1658,0.163855,0.238249
1074,Trim9,0.349686,0.038676,0.0250396,0.124811,812,0.0927184,0.124663
74363343,Irs2,0.447165,0.157404,0.143044,0.248112,3578,0.687385,0.0742301
1355,Aktip,0.49941,0.0591178,0.0380469,0.192214,1409,0.064893,0.393627
74882585,Fbxo34,0.43561,0.115599,0.111896,0.138989,2725,1,0.171125
71587846,Stard13,0.375833,0.0519227,0.0436582,0.104126,1409,0.854417,0.226074
79591579,Plcxd2,0.347489,0.0478089,0.0412113,0.0894829,1880,0.436879,0.196771
74363334,Shisa9,0.412714,0.103258,0.100434,0.121092,2630,1,0.429993
75144644,Pitpnc1,0.395422,0.0724757,0.0672076,0.105752,1145,1,0.251706
80343396,Ankrd24,0.371948,0.138678,0.131343,0.185009,1890,1,0.200106
2619,Slc39a3,0.476457,0.10834,0.0927439,0.206856,1658,1,0.185779
74047746,Ttn,0.423566,0.0620404,0.0540347,0.112609,1541,0.996172,0.05398
112194935,Otx2,0.396941,0.158786,0.152004,0.201627,1361,1,0.320082
73520981,Dpp6,0.331509,0.0212043,0.0162822,0.0522952,882,0.0432071,0.189991
1583,Gpr84,0.369312,0.0514779,0.0377893,0.137943,1473,0.118333,0.174996
76085749,Sphkap,0.420961,0.0761448,0.0612834,0.170017,1890,1,0.262669
73636038,Rasl10a,0.366983,0.0611191,0.0554145,0.0971528,1658,1,0.0560251
73817930,Gyg,0.330273,0.0480471,0.0415609,0.089018,1890,0.948586,0.273018
74274686,Cdc25b,0.437054,0.0947918,0.0787615,0.196049,2716,0.92033,0.194798
71064032,Bok,0.426421,0.0684255,0.0568127,0.141778,1272,1,0.220018
77280331,Sox2,0.486299,0.223971,0.215513,0.277397,2741,1,0.200642
112647750,Slc35a4,0.374678,0.0977938,0.0858263,0.173388,970,1,0.270693
688,Ndn,0.426566,0.0389619,0.0308349,0.0902963,1662,0.0498643,0.150371
71670688,Prkg2,0.434518,0.114948,0.113865,0.12179,4115,1,0.132203
2501,Pnrc1,0.402954,0.0907575,0.0730581,0.202557,2424,0.0927463,0.312915
73512193,Slc8a1,0.405301,0.077336,0.0704088,0.121092,1363,1,0.342156
67,Actr2,0.463126,0.0639623,0.047485,0.168042,1658,0.0543993,0.15841
655499,Oxct1,0.406487,0.104925,0.100177,0.134922,1878,0.712519,0.233539
72081445,St8sia5,0.37916,0.0351499,0.0274129,0.0840209,1474,0.818966,0.236801
74583161,Lrsam1,0.404636,0.0398513,0.0311661,0.0947124,1169,0.955665,0.228787
71020389,Pde8b,0.354769,0.0550835,0.0494168,0.0908774,1740,0.958203,0.207306
72472805,Gfra2,0.317061,0.0460617,0.038838,0.0916909,2110,0.040966,0.427704
74425526,Gfpt2,0.397525,0.0356581,0.0278544,0.0849506,1409,0.0844655,0.19492
72104171,Sv2b,0.386528,0.0934259,0.0859182,0.140848,1493,0.827096,0.246312
73788474,Glra3,0.468812,0.166537,0.168212,0.155956,3342,0.920753,0.149802
2002,Hectd2,0.465021,0.0734605,0.0532252,0.201278,1890,0.0587559,0.208961
77869144,Vps35,0.360575,0.0909957,0.0886411,0.105869,1345,0.98342,0.15717
2271,Gpr37,0.387708,0.0286695,0.0162454,0.107147,882,0.0427096,0.238722
71670721,Ankrd50,0.349391,0.0291777,0.0242116,0.0605462,1316,0.051688,0.232379
356855,Zfp790,0.42253,0.121698,0.10691,0.215107,3475,0.753957,0.364694
227163,Flcn,0.471518,0.105656,0.089469,0.207902,2569,0.998377,0.260813
75043146,Cyb5a,0.404542,0.101256,0.0927439,0.155026,3367,0.671956,0.359164
71358652,Far2,0.376793,0.0280818,0.0218751,0.0672865,1145,0.0726073,0.306547
72103809,Aldh1a1,0.353859,0.0699979,0.0615594,0.1233,1330,1,0.143217
378,Erdr1,0.555026,0.256056,0.237775,0.371528,9459,0.542662,0.295957
79591573,Rcn1,0.364297,0.06563,0.0636016,0.0784428,2488,1,0.364606
73925715,Pot1b,0.414527,0.0744294,0.066674,0.123417,1145,0.824553,0.398046
74988460,Nkx2-1,0.401705,0.0980797,0.0903889,0.146659,1658,1,0.258203
73521822,Slc18a3,0.397851,0.135199,0.133403,0.146543,2664,1,0.259036
74363357,Hspb1,0.330235,0.0518591,0.0431983,0.106566,2345,0.0397728,0.159911
2413,Mtrr,0.416454,0.0380247,0.0281488,0.100407,882,0.764216,0.312208
74581384,Ngf,0.413555,0.117616,0.112503,0.149913,1769,0.742647,0.304566
75041442,Hspa1l,0.429346,0.124954,0.121518,0.146659,1686,1,0.349459
909,Rtn2,0.436275,0.0439016,0.0303198,0.129692,1178,0.226999,0.099173
362,Rcan1,0.417615,0.0624851,0.0474666,0.15735,1661,0.0543993,0.253048
1456,Gnb5,0.401284,0.041392,0.0286455,0.121906,1145,0.0511108,0.21228
75651232,Arl6ip5,0.329074,0.0649788,0.0575119,0.112144,1905,0.796532,0.196666
73931424,LOC432928,0.376448,0.0765736,0.0679067,0.131319,2198,0.969996,0.161158
77332671,Csrp3,0.4214,0.140552,0.137892,0.15735,1418,1,0.0714695
74047914,Csrnp2,0.369802,0.0379136,0.0315708,0.0779779,1658,0.0808581,0.257224
73787946,St6galnac5,0.401604,0.0486031,0.0417081,0.0921557,1658,0.623834,0.140046
72340234,Avil,0.364605,0.0684414,0.0650366,0.0899477,1323,1,0.596896
67936009,R74862,0.473589,0.187217,0.186095,0.194306,2941,0.666667,0.170444
74819486,Uba6,0.397079,0.120983,0.116312,0.150494,1864,1,0.139429
74047788,Asns,0.393928,0.0631522,0.0593885,0.0869262,1182,1,0.350306
74988743,Plk5,0.572305,0.356581,0.357784,0.348983,2718,0.963917,0.501417
73930836,Emb,0.393583,0.0534634,0.0455348,0.103544,1658,1,0.144656
77867710,Hgf,0.423277,0.188408,0.184365,0.213945,1658,1,0.0425829
1191,Cyr61,0.459153,0.0431551,0.0300622,0.125857,1145,0.968182,0.0524269
129,Atp6v1b2,0.431662,0.0423291,0.0278728,0.133643,1496,0.0561279,0.110469
74743259,Pcdhb13,0.404046,0.104449,0.101814,0.121092,1359,1,0.158514
72338697,Casr,0.387576,0.0245874,0.0170549,0.0721673,882,0.0679103,0.230594
1335,Cbs,0.450441,0.089185,0.0723406,0.195584,1662,0.993691,0.067436
79556603,Kif5a,0.343836,0.0415985,0.0364095,0.0743754,1409,0.890625,0.164024
70436739,Fam213a,0.404234,0.0237138,0.0168341,0.0671702,882,0.0426655,0.212783
74640879,Syne1,0.374691,0.0634699,0.0566104,0.106798,1897,1,0.264382
74658110,Csnk1a1,0.384959,0.0232532,0.0166133,0.0651947,890,0.0418016,0.18606
77869861,Gaa,0.380089,0.128671,0.12643,0.142824,2893,0.975834,0.267264
74425565,Fam49a,0.427495,0.137566,0.132851,0.167345,4745,0.852329,0.351315
74658043,Dgki,0.381061,0.0268111,0.0221695,0.0561302,626,0.729381,0.425298
73615561,Gng13,0.37825,0.0725234,0.0681091,0.100407,2934,0.761248,0.403519
75934916,Ank,0.362552,0.050795,0.0454796,0.0843696,1490,0.591204,0.21476
71670687,Plekhg1,0.392836,0.0586096,0.0545682,0.0841371,1346,0.985359,0.233687
74819653,Cyfip1,0.363651,0.0579901,0.0536299,0.0855317,1658,1,0.10859
356082,Cct2,0.487045,0.145507,0.130331,0.241371,1912,1,0.195131
1842,Slc34a1,0.415325,0.0639781,0.0489568,0.158861,1890,0.39286,0.108768
74047907,Sqrdl,0.406581,0.126257,0.117084,0.184195,2687,1,0.394907
73512201,Rnd2,0.369651,0.0726028,0.0608051,0.147124,1145,0.926673,0.189054
74658080,Fscn1,0.400876,0.081704,0.0753026,0.122138,1658,0.409971,0.353184
71920517,Wscd1,0.361787,0.0408043,0.0354344,0.074724,1145,1,0.249721
77887860,Sh3bgrl2,0.394267,0.152194,0.145215,0.196281,2612,0.667348,0.148285
75651229,Pir,0.349761,0.0996363,0.0950436,0.128646,2110,0.902904,0.128376
73635774,Lypd6b,0.426685,0.136438,0.124333,0.212899,1618,1,0.0829014
79591729,Ctnnb1,0.338419,0.0318461,0.027928,0.056595,848,1,0.135814
75043142,S1pr1,0.405295,0.0632475,0.0531516,0.127019,1890,0.981112,0.278263
70634298,Spock3,0.351506,0.0255245,0.020716,0.0558977,1126,0.0440099,0.309936
314,Tnrc6a,0.415481,0.0160898,0.0079663,0.0674027,389,0.0532428,0.116801
75042261,Qdpr,0.389045,0.0335933,0.0263458,0.0793725,1409,0.0534292,0.208068
71717165,A4galt,0.373793,0.0585619,0.0527468,0.0952934,1658,0.992593,0.182905
75146004,Pip4k2a,0.356897,0.0269858,0.0211024,0.0641488,1145,0.0450387,0.194243
898,Rnf149,0.437706,0.0556076,0.0379365,0.167228,1948,0.0475018,0.209044
1605,Cx3cr1,0.438711,0.0743817,0.0574383,0.181406,1145,1,0.28144
292,Crh,0.435566,0.0532886,0.035324,0.166764,941,0.0755647,0.277858
2149,Dkk1,0.337779,0.0597214,0.04605,0.146078,1145,1,0.0688035
1802,Pcbd1,0.377421,0.0406455,0.0278176,0.121673,1103,0.0511108,0.274447
74957897,Top1,0.428643,0.113915,0.110829,0.133411,1375,1,0.259894
293027,Tmub2,0.458218,0.16093,0.153052,0.210691,2110,0.713682,0.672227
75042270,Scara3,0.356408,0.0384218,0.0308349,0.0863451,1658,0.0498643,0.20601
355887,Ncaph2,0.452243,0.0721581,0.0576039,0.164091,2589,0.354911,0.169037
71670698,Tbc1d1,0.386691,0.0463,0.0402178,0.0847182,1145,0.90701,0.227351
79568055,Snapc2,0.372023,0.103401,0.0950988,0.15584,1409,1,0.32281
1623,Hoxd9,0.452807,0.0492702,0.0311661,0.163626,1182,0.174643,0.199
75080619,Exph5,0.367975,0.111183,0.109136,0.124114,1658,1,0.197991
483,Gas5,0.33326,0.0251433,0.0181035,0.0696107,931,0.0555204,0.211025
74658091,Gldc,0.432905,0.102718,0.0962579,0.143521,1122,0.803623,0.508858
75144623,C130018E23Rik*,0.438541,0.199479,0.196508,0.218245,3130,1,0.186851
77414895,Pias4,0.414258,0.169666,0.168322,0.178152,2723,1,0.016652
77280561,Hcn1,0.3887,0.0814339,0.0758546,0.116676,1409,1,0.176088
2085,Cdkn1a,0.491709,0.198192,0.192037,0.237071,2791,0.925,0.250022
73520967,Fam46a,0.40795,0.142362,0.13539,0.186403,2080,1,0.0235994
73931640,Nova1,0.434769,0.151098,0.146779,0.178385,4953,1,0.139176
71015194,Vill,0.356765,0.0571324,0.0515509,0.0923881,1145,0.311862,0.328321
73512366,Arhgap31,0.350407,0.0582443,0.0513854,0.101569,1145,0.769671,0.206177
2411,Mtpn,0.361297,0.0766689,0.0673731,0.135386,1658,0.5374,0.306067
75042243,Fam196a,0.358755,0.0518591,0.0438422,0.102499,2383,0.038429,0.265838
1117,Wrb,0.423384,0.0682984,0.050999,0.177571,2328,0.200083,0.0974125
2222,Fkbp6,0.483367,0.108229,0.0903889,0.220918,2910,0.188635,0.281038
1697,Nomo1,0.475101,0.11976,0.103635,0.221615,2270,1,0.393441
71250292,A230065H16Rik,0.452199,0.124097,0.121537,0.140267,1658,1,0.0738511
73636034,Hrh3,0.37144,0.0602614,0.0537771,0.10122,1313,0.888581,0.335783
75888752,Chrnb1,0.341645,0.0700138,0.0647606,0.103196,1409,0.77,0.137002
855,Ptprd,0.39148,0.115663,0.111142,0.144218,1144,0.827003,0.155676
75081001,Oxtr,0.394142,0.159532,0.157357,0.173271,2725,1,0.312678
67752116,Vtn,0.503584,0.199098,0.18696,0.27577,3798,1,0.135888
112650553,Dhrs3,0.461237,0.224321,0.222909,0.233236,952,0.9875,0.202162
2515,Pycrl,0.390401,0.0250639,0.0171469,0.0750726,882,0.0768662,0.214793
316,Srgap3,0.492198,0.0971744,0.0816683,0.195119,2062,0.999463,0.229063
1756,Kcnc4,0.432101,0.0592449,0.0436214,0.157931,1409,0.0554445,0.401936
76115727,Ckm,0.358692,0.0450293,0.0415057,0.0672865,1361,1,0.146076
71836806,Id2,0.421739,0.0735717,0.0657725,0.122836,1635,0.973186,0.248112
71717582,Kif26b,0.376775,0.0513668,0.0422048,0.109239,1658,1,0.334782
72103820,Igsf11,0.401058,0.0937118,0.0882364,0.128298,1145,1,0.201401
1970,Rabep2,0.437813,0.0800521,0.063436,0.185009,1092,1,0.547379
74958537,Il17rd,0.448175,0.1754,0.174964,0.178152,1863,1,0.584918
37,Setd5,0.514568,0.240077,0.225871,0.329808,5866,0.50154,0.142349
74641324,Celf3,0.401887,0.0619292,0.0557641,0.100872,1183,1,0.27869
1715,Fgf15,0.406104,0.0437269,0.0328035,0.112725,1182,0.175349,0.200724
74047775,Fzd6,0.380045,0.0357534,0.0299334,0.072516,1304,0.122852,0.0549487
71924387,Kcnip4,0.377973,0.0645182,0.058119,0.104939,1609,0.662671,0.436472
1349,Elf2,0.476846,0.0762401,0.05271,0.224869,1338,0.0906913,0.0768117
805,Pkia,0.707706,0.510586,0.493027,0.621499,16114,0.125809,0.105627
74047747,Gm12680,0.37717,0.0321797,0.0259227,0.0717025,1409,0.0537114,0.0437812
74882937,Slitrk1,0.445671,0.122778,0.120672,0.136084,4115,1,0.212639
1133,Ywhaz,0.457753,0.0549246,0.038562,0.15828,1145,0.0543993,0.128143
74658056,Col14a1,0.450184,0.146254,0.14538,0.151772,1361,1,0.520968
71016721,Dhcr24,0.384984,0.0460141,0.0388196,0.0914585,2110,0.040966,0.163623
72129295,Oxr1,0.38098,0.0506044,0.0467307,0.0750726,1366,1,0.201854
71924184,Gm1399,0.446857,0.0980479,0.086507,0.170947,1409,1,0.271215
74743271,Pcdhb2,0.418482,0.119808,0.112816,0.163974,3665,1,0.12547
75147768,Col5a1,0.396922,0.0769866,0.0687898,0.128762,1658,1,0.245005
72081545,Ticam1,0.372231,0.0240633,0.0188211,0.0571761,1019,0.0474039,0.349196
71670720,Trav3-3,0.40451,0.114106,0.110995,0.133759,1402,1,0.180196
73931385,Cspg5,0.408013,0.0747312,0.0693785,0.108542,1385,1,0.185878
75081005,9330182L06Rik,0.463446,0.211646,0.207308,0.239047,2679,1,0.105735
79908817,Notch3,0.405326,0.140472,0.138555,0.152586,2245,0.654519,0.0760564
1397,Pex14,0.480989,0.0768278,0.0574567,0.199187,1542,1,0.259822
74658032,Sun2,0.377704,0.0290983,0.0245244,0.0579895,699,1,0.162058
75084132,Recql4,0.374226,0.03704,0.0309085,0.0757699,1658,0.0492958,0.302595
1247,Map3k7cl,0.475315,0.0984133,0.0788718,0.221848,2718,0.0927463,0.312314
2303,Hax1,0.486424,0.113502,0.0856239,0.289599,1943,0.988368,0.2359
73636150,Tmem215,0.405125,0.0895821,0.0749347,0.182103,2046,0.664241,0.13618
72007561,Hap1,0.369306,0.0183929,0.0121978,0.0575247,631,0.0528053,0.210179
715,Npdc1,0.451627,0.0545593,0.0386724,0.15491,1658,0.0492998,0.140028
74988552,Psmb2,0.368534,0.058149,0.0489016,0.11656,1658,0.9625,0.230371
2161,Dph2,0.378425,0.0414238,0.0287375,0.121557,882,0.0543993,0.205351
126,Atp6v0a1,0.373856,0.041122,0.028572,0.120395,1145,0.0511108,0.150164
2155,Dok2,0.413781,0.0414556,0.0261802,0.137943,902,0.0532252,0.22288
70613990,Rgs12,0.40574,0.0389777,0.0263642,0.118652,1409,0.0537114,0.30282
70743883,Depdc7,0.425599,0.0559729,0.0500791,0.0932016,1658,1,0.247766
75774672,Ptk2,0.341658,0.079385,0.0714943,0.129227,2447,0.372877,0.158412
74749996,Trim37,0.33026,0.0224749,0.0164845,0.0603138,882,0.0427096,0.198462
2561,Sfn,0.390828,0.057736,0.0427199,0.152586,1409,0.0543993,0.321933
73512185,Hcn2,0.396997,0.0667895,0.0621297,0.0962231,1359,1,0.15858
71670700,Tmem25,0.372136,0.0237774,0.0184715,0.0572923,998,0.0474684,0.433337
500,Gls,0.406299,0.0440922,0.0288295,0.1405,1237,0.209423,0.135415
73771233,Nwd2,0.335262,0.0262075,0.0208264,0.0601976,640,1,0.243169
544903,Hoxa5,0.366657,0.0510173,0.043695,0.097269,1463,0.630239,0.134376
74658141,Gipc2,0.37943,0.0610397,0.0526548,0.114003,1944,0.859601,0.168235
74750075,Grb10,0.365213,0.0250798,0.0189131,0.0640325,1010,0.0447201,0.151147
77278951,Gsta4,0.412858,0.156229,0.15204,0.182684,1409,1,0.119634
73818759,Eya1,0.379436,0.0328944,0.0264562,0.0735619,1409,0.0537114,0.140066
1549,Vdac3,0.408759,0.0684572,0.0480553,0.197327,1595,0.0815982,0.18975
2193,Eps15l1,0.435491,0.171365,0.150035,0.306101,5815,1,0.40282
74724627,Agtr1b,0.40999,0.119713,0.115723,0.144916,1379,1,0.212241
74425523,Rps21,0.378614,0.035134,0.0263274,0.0907612,1409,0.0537114,0.228678
357103,Cyc1,0.473331,0.136136,0.120929,0.232191,2571,0.781629,0.186403
75934918,Rap2b,0.418896,0.124017,0.118391,0.159558,1409,1,0.272601
2575,Slc13a3,0.416511,0.0627869,0.052618,0.127019,1128,0.413149,0.0979538
614,Kifc2,0.443638,0.0526215,0.0360231,0.157467,1901,0.0475508,0.196519
79556597,Rorb,0.337484,0.0327991,0.026493,0.0726322,1409,0.0569621,0.135206
74272905,Tll1,0.393734,0.0940771,0.0887883,0.127484,1787,1,0.110285
2747,Ltn1,0.449569,0.105132,0.0865438,0.222545,1510,1,0.316994
2125,Cr1l,0.403826,0.0435522,0.028572,0.138175,1145,0.112195,0.208592
74357568,Kcnj4,0.38452,0.0609444,0.052434,0.114701,1409,0.851419,0.377851
74047911,Ifit3,0.363167,0.0393113,0.0323251,0.0834399,1658,0.050897,0.0766886
74511739,Ghsr,0.38806,0.0531616,0.0500791,0.0726322,2084,0.571429,0.061341
73992929,Cidea,0.377597,0.0564018,0.0515509,0.0870424,1658,1,0.0374452
2021,Agtr1a,0.426446,0.0413761,0.0315156,0.103661,1678,0.0717791,0.409563
75084145,Slc35f1,0.382913,0.0564653,0.0516245,0.0870424,1409,1,0.242591
74581420,Scai,0.361592,0.0600073,0.0511646,0.115863,1145,1,0.230057
104826,Bcap29,0.647126,0.407059,0.388417,0.524811,10218,0.564626,0.185953
74958656,Nat8l,0.374672,0.0633428,0.0594988,0.0876235,1145,0.393046,0.250274
71358552,Ahsa2,0.371289,0.0317667,0.0259227,0.068681,1409,0.0537114,0.257683
75651191,Coro1c,0.368396,0.084293,0.0775288,0.127019,1661,0.984971,0.195966
70928169,Stx12,0.350941,0.0224114,0.0163373,0.0607786,882,0.0427096,0.161629
70301277,Ric8b,0.304376,0.0229991,0.0168525,0.0618245,882,0.0742459,0.148445
1140,Zfand5,0.384156,0.0463953,0.0306325,0.145962,1123,0.206151,0.0708823
74881790,Bad,0.465178,0.14349,0.135133,0.196281,2110,1,0.470555
77869087,Ldb3,0.460647,0.272288,0.274092,0.260895,2781,0.590238,0.0616768
75042266,Acsl3,0.381162,0.0582919,0.0497112,0.112493,1658,1,0.144039
74272466,Atp9b,0.366274,0.0794009,0.0718438,0.127135,1890,0.954546,0.207413
75080269,9530085C10Rik*,0.356608,0.0579901,0.0519189,0.0963393,1743,0.413645,0.225824
71670737,Esr2,0.359081,0.0607221,0.0559664,0.0907612,1890,1,0.0611648
70613978,Chst15,0.376172,0.022745,0.0165949,0.0615921,882,0.0427096,0.196987
74272894,Scube1,0.420503,0.0666465,0.0587629,0.116444,1890,1,0.249985
75749772,Efr3a,0.348845,0.0452834,0.0412665,0.0706566,1361,1,0.481778
75042241,Abcc4,0.432183,0.132197,0.119421,0.212899,2383,0.926316,0.305306
79488933,Anxa5,0.370806,0.0792579,0.0708504,0.132365,1335,1,0.133612
73520976,Dnah11,0.395246,0.110898,0.103764,0.155956,2782,1,0.125397
74750264,Syt13,0.416097,0.0734287,0.068477,0.104707,2819,0.941048,0.289945
77340500,Tob2,0.426854,0.145793,0.145031,0.15061,1754,1,0.427458
2323,Irak1,0.416059,0.0452517,0.0294367,0.145148,1362,0.153881,0.244967
72119579,Cachd1,0.398742,0.109849,0.106193,0.132946,1340,1,0.163401
75774683,Nucb2,0.344062,0.0588002,0.054881,0.0835561,1658,0.950968,0.258077
79490114,Clu,0.369381,0.0471894,0.0422784,0.0782103,1145,1,0.312832
1253,Pcdha10,0.454935,0.0536698,0.0362807,0.16351,1890,0.0551787,0.226424
75041549,Nipa2,0.336304,0.0307661,0.0257939,0.0621732,1145,1,0.216965
74581367,Gpnmb,0.391813,0.057323,0.0505207,0.100291,1409,1,0.371344
79591351,Tbr1,0.361529,0.0992392,0.0906833,0.153283,1909,0.377367,0.379495
77278975,Rec8,0.337886,0.0713639,0.0658645,0.106101,1890,1,0.0949321
73732144,Entpd2,0.466371,0.227084,0.220149,0.270889,4987,0.921771,0.248787
323397,Pdha1,0.542573,0.28752,0.279023,0.341197,5235,1,0.124287
73931636,LOC433258,0.355711,0.0737623,0.0687898,0.105171,1658,1,0.166775
75038485,Cbfa2t3,0.456793,0.169571,0.163061,0.210691,1923,0.793713,0.122477
74750009,Ube2b,0.352686,0.0227608,0.0164293,0.0627542,882,0.0427096,0.203538
73930835,Cabp7,0.359169,0.037167,0.0309269,0.0765834,1658,0.0498643,0.147041
72104185,Adssl1,0.358881,0.0343398,0.0280752,0.0739105,1468,0.0634371,0.238209
74581372,Ccdc37,0.408665,0.16938,0.166575,0.187101,1803,0.959425,0.281162
1952,Ergic1,0.446857,0.100383,0.081098,0.222196,1462,1,0.104015
70634396,Fabp5,0.382857,0.0278594,0.0216727,0.0669378,1145,0.0450387,0.239462
70928373,Vopp1,0.366638,0.0267634,0.0210656,0.0627542,1145,0.0450387,0.178829
734,Nr5a1,0.556118,0.222113,0.199893,0.362464,2287,1,0.0291599
75988666,Ltk,0.438409,0.163313,0.162693,0.167228,1971,0.876684,0.185154
75551477,P2rx7,0.358761,0.090821,0.0865806,0.117606,1658,1,0.307085
74819517,Rcor1,0.344796,0.0354199,0.0306509,0.0655433,1453,0.978836,0.209758
72080044,Phf6,0.404805,0.116203,0.113166,0.135386,1022,0.877953,0.128844
73520977,Layn,0.336813,0.0263346,0.0216543,0.0558977,1145,0.0450387,0.074115
72338699,Calcb,0.338319,0.0365476,0.0305589,0.0743754,1658,0.0498643,0.107671
76085746,Vav3,0.47293,0.236408,0.228502,0.286345,2916,1,0.207052
75043159,Rb1cc1,0.395899,0.0501437,0.0442838,0.0871586,1409,0.743284,0.210059
73817435,Ppp3ca,0.371509,0.0269223,0.0210656,0.0639163,1145,0.0450387,0.183859
75988557,Nxf7,0.424589,0.14511,0.140744,0.17269,3378,0.566838,0.22323
677,Mtif2,0.462316,0.0575772,0.0427015,0.15154,1409,0.0543993,0.539506
73512206,Lats2,0.392146,0.0634222,0.0534091,0.126671,1658,1,0.187144
79,Adcy5,0.433683,0.0907575,0.0764801,0.180941,1461,0.525312,0.182611
71020432,Kcnd2,0.346365,0.0376118,0.03135,0.0771644,1697,0.0493733,0.126708
74881503,Pptc7,0.362527,0.0320844,0.0261434,0.0696107,1409,0.0534021,0.204448
357093,Hmg20a,0.454923,0.105354,0.0914376,0.19326,2795,0.572303,0.174187
2127,Cryaa,0.395435,0.0683461,0.0513302,0.175828,1840,0.0543993,0.0974701
112203915,P2ry12,0.322722,0.0853413,0.0824042,0.103893,1409,1,0.314119
75041433,Fmnl1,0.459925,0.139519,0.136384,0.159326,1816,1,0.192897
2183,Eif5a,0.412105,0.0712368,0.0550465,0.173504,1563,0.0974851,0.125814
75749384,Ppap2b,0.34656,0.068632,0.061449,0.114003,2383,1,0.15237
71670692,Zim1,0.365295,0.0472053,0.038838,0.100058,2110,0.040966,0.371379
72472788,Dusp4,0.396163,0.0824981,0.0781543,0.109936,1151,0.972094,0.206847
70431435,Mtmr12,0.356966,0.0340221,0.0259227,0.085183,1409,0.0537114,0.373743
340,Ddx5,0.322684,0.0228561,0.01045,0.10122,326,0.143105,0.115586
79488937,Rora,0.370661,0.0837053,0.0789638,0.113655,1145,1,0.221781
77414162,Ddx19b,0.466289,0.217808,0.207952,0.28007,4789,0.81529,0.0466357
112196265,Sigmar1,0.4673,0.227688,0.227987,0.225799,2725,1,0.334522
73512365,Ppapdc2,0.429208,0.153894,0.153328,0.157467,4480,0.778448,0.168257
1199,E4f1,0.418136,0.0163281,0.00757994,0.0715863,389,0.0532428,0.216577
75749751,Grik1,0.394054,0.112756,0.110148,0.129227,4578,0.773646,0.226975
71249750,Zmat4,0.39325,0.0453787,0.0323067,0.127949,1409,0.242798,0.222984
71015817,Pdia3,0.376662,0.0374053,0.0305221,0.0808832,1658,0.0498643,0.317624
2523,Rela,0.415739,0.0458711,0.0286823,0.154445,1042,0.218438,0.145618
72283799,Agrp,0.380057,0.0601503,0.0535195,0.102034,1227,0.884077,0.0792989
70743234,Eya2,0.412343,0.115726,0.105935,0.177571,1890,0.894248,0.566874
324213,Pdcl,0.573761,0.300958,0.286823,0.390238,6486,1,0.208053
74988742,Cep72,0.421507,0.132848,0.126375,0.173736,2151,0.845758,0.0785082
77332708,Hba-a1,0.369676,0.0455217,0.0405858,0.0766996,1095,0.854545,0.150861
77869130,Usp11,0.326877,0.0385489,0.0330794,0.073097,1409,1,0.110009
74658078,Megf9,0.385612,0.0591337,0.0516429,0.10645,1658,0.792819,0.264423
71836892,Maged2,0.37454,0.0720628,0.0638223,0.124114,1658,0.556483,0.223655
1071,Trim28,0.461883,0.0612939,0.0431247,0.17606,932,0.426148,0.235833
2631,Ssr1,0.417873,0.0483172,0.0344225,0.136084,1388,0.0528507,0.38993
1510,Mtf2,0.482508,0.125431,0.103727,0.262522,2301,0.71851,0.0774359
67870466,Pfkm,0.389553,0.0348322,0.0279648,0.0782103,1145,0.981685,0.139629
72338724,LOC381076,0.342938,0.0402008,0.0344041,0.0768158,1658,0.125222,0.0878979
74819255,Atp1b2,0.428894,0.0855636,0.0760018,0.145962,1183,1,0.252586
77874614,Tm7sf3,0.311305,0.0864372,0.0804909,0.123998,1759,0.388133,0.0603796
73636096,LOC433436,0.345763,0.0478248,0.0428855,0.0790238,1183,1,0.0724233
176962,Cers4,0.4777,0.200114,0.192277,0.249622,5016,1,0.34272
74881144,Chst12,0.352554,0.0325609,0.0262538,0.0723998,1416,0.0565803,0.454617
75651181,Lgals1,0.399633,0.140695,0.138794,0.152702,1783,0.783546,0.185315
986,Snca,0.55677,0.261774,0.242245,0.385125,10137,0.332824,0.272294
71717143,Spg21,0.331559,0.0312267,0.0259227,0.0647298,1409,0.0537114,0.267943
73925724,Lppr3,0.360908,0.0441081,0.039022,0.0762347,1409,1,0.233354
71717560,Ajap1,0.366519,0.0320685,0.0261066,0.0697269,1409,0.0537114,0.163166
2159,Reep5,0.350024,0.0708874,0.0563896,0.162464,1886,0.112628,0.13558
932,Atxn1,0.498274,0.180467,0.166814,0.266705,1658,1,0.275425
77414121,Zfp189,0.433576,0.195953,0.192424,0.218245,2611,1,0.0326912
537,Grm1,0.374584,0.0170587,0.00380837,0.100755,98,0.105424,0.32121
77340498,Fbxo44,0.402044,0.101558,0.0955036,0.139802,2745,1,0.183864
74511818,Kif5c,0.354318,0.0213472,0.0149943,0.0614759,802,0.055452,0.131148
74819683,Slc35f2,0.363883,0.0675837,0.0638775,0.0909936,1409,1,0.0514818
77332098,Adamts15,0.426854,0.12316,0.116661,0.164207,1658,1,0.150757
112645600,Nr2f6,0.331139,0.0435045,0.0380837,0.0777455,975,0.380901,0.0742429
112203056,Ptger4,0.402571,0.16201,0.157284,0.191865,1890,1,0.253138
74882950,Tm4sf1,0.402213,0.0642164,0.0581006,0.102847,1974,1,0.188109
72103854,Nell2,0.324574,0.0470783,0.0422416,0.0776293,1151,0.9974,0.666512
369,Acsbg1,0.456674,0.160025,0.154726,0.193492,5257,1,0.126526
71924388,Ly6h,0.367078,0.040169,0.033613,0.0815805,1409,0.449367,0.252265
112650769,Pla2g16,0.463446,0.241745,0.229017,0.322138,2828,0.985166,0.341736
72472800,Fgd3,0.38447,0.0225385,0.0166685,0.0596165,882,0.0427096,0.229774
71717105,Pmfbp1,0.353433,0.0350704,0.028112,0.0790238,1510,0.0531159,0.357904
74658171,Pomgnt2,0.369996,0.0615798,0.0558193,0.0979663,1890,0.395131,0.203316
71358591,Asb4,0.363544,0.0176464,0.0121426,0.0524114,626,0.0347568,0.357202
74988457,Ifit2,0.365979,0.0856272,0.0827354,0.103893,1145,0.987283,0.382061
1810,Pigt,0.424689,0.0582284,0.0415241,0.163742,1020,0.441598,0.380529
74743303,Ptprk,0.356088,0.0275417,0.0212128,0.0675189,882,0.160071,0.269058
72080207,Slc9a1,0.385945,0.0808939,0.074254,0.122836,2265,0.677645,0.339622
71249069,Thrb,0.389014,0.039216,0.0326747,0.0805346,1409,0.238206,0.282761
73929593,Sfmbt2,0.446744,0.129529,0.128344,0.137013,4486,1,0.108645
74988582,Ttc25,0.427237,0.112454,0.107499,0.143754,1658,1,0.0972234
72119658,Htr4,0.456994,0.134738,0.127847,0.178268,3030,1,0.0440115
71717136,Rab3ip,0.367724,0.0326879,0.0269713,0.0687972,1465,0.0507343,0.38053
75259441,Mrps28,0.366268,0.082244,0.0773816,0.112958,1910,0.839956,0.13094
324215,Bzw1,0.434656,0.103178,0.0896898,0.188379,1409,1,0.435921
1599,Asb6,0.442709,0.0487778,0.0318836,0.155491,1157,0.10961,0.332526
85,Agpat3,0.44842,0.0632316,0.0457188,0.173852,1658,0.143379,0.204155
74586665,Glipr1,0.460747,0.126336,0.124223,0.139686,5075,0.662377,0.0842476
75988636,Rasl11a,0.440393,0.160088,0.155481,0.189192,1877,1,0.179598
70927425,Slc28a3,0.408188,0.0296066,0.0214888,0.0808832,1145,0.0450387,0.0258303
70231307,Cdh24,0.388016,0.0578789,0.0525076,0.0918071,1900,0.721084,0.461122
79556652,Sox10,0.46718,0.202338,0.200776,0.212202,2725,1,0.21072
73635776,4932418E24Rik,0.424413,0.186185,0.188119,0.173969,4650,1,0.128322
352,Drd1,0.404284,0.0593243,0.0412297,0.17362,1521,0.142914,0.108922
74272919,Nenf,0.35755,0.0757477,0.0683666,0.122371,1957,0.785124,0.143867
149,Usp48,0.400977,0.0411538,0.0276521,0.126438,1289,0.240582,0.12098
71836845,Adamts4,0.389936,0.0877714,0.0837841,0.112958,1409,0.593744,0.289608
67779875,Nde1,0.376988,0.035134,0.0273945,0.0840209,1409,0.0966773,0.390735
73512423,Grm5,0.356044,0.0265411,0.0210656,0.0611273,1145,0.0450387,0.206309
73997149,Pkp2,0.363186,0.0475865,0.0427015,0.0784428,965,1,0.0758586
72119607,Tyro3,0.388926,0.0611668,0.0535379,0.109355,1555,0.855508,0.341921
70927829,Pqlc1,0.417032,0.0552741,0.0475218,0.104242,1412,0.629886,0.109402
74881158,Mycl,0.444912,0.0887562,0.0840784,0.118303,1218,0.955947,0.127947
70436744,Slc7a14,0.352661,0.0268587,0.0213968,0.0613597,1157,0.049162,0.185532
73635826,Atp10b,0.427344,0.154656,0.14676,0.204532,2832,0.558226,0.148396
2741,Zbtb18,0.387714,0.0963802,0.0790558,0.205811,1409,1,0.289805
75038464,Camk4,0.406487,0.0635811,0.0536115,0.126554,1698,0.460667,0.176597
72338696,Gpr83,0.393972,0.0471259,0.0412481,0.0842533,957,0.990683,0.125297
74583163,Pik3r3,0.430244,0.113217,0.109615,0.135967,3831,0.962189,0.214841
73929872,Utrn,0.324862,0.0368335,0.0305957,0.0762347,1658,0.0498643,0.344891
71587931,Gpr115,0.347093,0.0257628,0.0210472,0.0555491,1144,0.0450387,0.118577
75988547,Igfn1,0.46022,0.192633,0.19178,0.198024,2722,0.978093,0.136592
1104,Vipr2,0.473652,0.113518,0.094786,0.231842,1490,1,0.177041
74047915,Atp6v1d,0.370825,0.040026,0.03181,0.0919233,1658,0.0506808,0.162395
71836808,Sostdc1,0.366845,0.0419321,0.0362623,0.0777455,1145,0.380445,0.458427
585,Icmt,0.461745,0.156086,0.137984,0.270424,1483,0.739828,0.175911
1387,Nes,0.459348,0.0551788,0.0393531,0.155142,1685,0.0650641,0.180645
71670710,Zyx,0.380032,0.0609444,0.0534091,0.108542,2000,0.473514,0.138681
1730,Gnaz,0.440022,0.0585937,0.0429775,0.157234,1409,0.0548779,0.329582
74658160,Gpr162,0.357111,0.0439492,0.0353056,0.0985474,1890,0.0549138,0.328673
74363347,Filip1l,0.463465,0.193221,0.190142,0.212667,2773,0.891812,0.154166
74047840,4833420G17Rik,0.410128,0.106482,0.102697,0.130389,2755,1,0.538393
79591699,Tyr,0.44129,0.180101,0.177319,0.197676,2245,1,0.118442
390,Enc1,0.537012,0.25388,0.235512,0.369901,10098,0.604598,0.354643
74882606,Rap1gap2,0.381181,0.0204578,0.0133937,0.0650784,389,0.809091,0.248793
1707,Eps8l1,0.441993,0.11741,0.106616,0.18559,3715,1,0.306061
74047926,Pacsin1,0.428172,0.0586572,0.0516429,0.102963,1076,0.853393,0.232812
720,Nr2f1,0.573591,0.218507,0.205541,0.300407,2724,1,0.109195
72080185,2310003H01Rik,0.319019,0.0413444,0.0331898,0.092853,1775,0.0511788,0.708178
74958645,AI852640,0.343252,0.0268111,0.0211024,0.0628704,1145,0.0450387,0.253156
67755429,Gipc1,0.422875,0.110167,0.0987968,0.181987,1742,0.622996,0.190131
1532,Setbp1,0.474649,0.141743,0.123542,0.256711,1202,0.844636,0.120318
74274688,Arl5a,0.45459,0.103559,0.0890275,0.195352,2716,0.689775,0.589738
75042246,Cacna2d1,0.364818,0.0508585,0.0433087,0.0985474,2307,0.116456,0.117747
71836876,Cox6a2,0.370492,0.0589272,0.0535931,0.0926206,1399,0.350852,0.0849587
70743880,Adck4,0.396759,0.075303,0.0633808,0.15061,1447,0.998615,0.179515
2417,Kat8,0.379712,0.0608968,0.045682,0.157002,1909,0.0764969,0.186468
71924400,Fhod3,0.358642,0.0354358,0.027744,0.0840209,1409,0.130171,0.388307
77874602,Sostdc1,0.428493,0.201274,0.202138,0.195816,3705,1,0.207713
73994716,Lzts1,0.379907,0.0527645,0.0442286,0.106682,2110,0.167622,0.234199
77868319,Lamc1,0.452644,0.195635,0.191817,0.219756,1658,1,0.231391
1205,Gatm,0.434072,0.0476977,0.0348456,0.128879,1696,0.0818507,0.161561
70560342,Cckbr,0.401874,0.0514621,0.0453325,0.0901801,1296,0.737698,0.278742
70927810,Slc24a3,0.40404,0.0278594,0.0215991,0.0674027,1145,0.0450387,0.3771
73930852,Slc39a6,0.349579,0.0342922,0.0271185,0.0796049,1409,0.0594059,0.371665
2727,Wnt11,0.439225,0.0768119,0.0581742,0.194538,1853,0.139367,0.0398351
74988637,Selplg,0.367492,0.0615956,0.0559296,0.0973852,1406,0.405035,0.3544
73512199,Psmc3,0.318335,0.0353881,0.0261802,0.0935503,1409,0.0537114,0.170752
74274687,Unc5b,0.428762,0.0847059,0.0691945,0.182684,2716,0.589192,0.367216
782,Pde1a,0.433978,0.0442034,0.0323067,0.119349,1243,0.221397,0.234019
74658175,Sptlc2,0.377289,0.0456329,0.0395555,0.0840209,882,0.951435,0.238843
1091,Ucn3,0.385386,0.0458076,0.0293263,0.149913,1339,0.076555,0.0685572
1972,Smarca2,0.361504,0.0621516,0.0562608,0.0993608,1658,1,0.20381
2277,Gtf2i,0.485439,0.110294,0.0923943,0.223359,3036,0.188635,0.645037
982,Arid1b,0.471342,0.06509,0.0455164,0.188727,1934,0.0557641,0.285119
75041454,Lrfn2,0.401134,0.0794644,0.0762225,0.0999419,1220,1,0.339443
2279,Guk1,0.477474,0.089455,0.0653678,0.241604,1706,0.0888416,0.25727
77371863,Kcne3,0.425806,0.138138,0.132539,0.173504,3824,0.667402,0.105289
45668,Dbndd2,0.468938,0.111724,0.0938845,0.224404,2383,1,0.302472
79556618,Cux1,0.373574,0.11463,0.107333,0.160721,1323,1,0.392914
72339555,Cables2,0.392139,0.0355946,0.0276889,0.0855317,1145,0.165439,0.073509
74957933,Gkn3,0.312498,0.0311473,0.0260882,0.0631028,1409,0.0537114,0.0679274
79912554,Fos,0.383409,0.0997475,0.0922471,0.147124,1890,0.998341,0.391491
698,Neurod6,0.465417,0.087962,0.0679619,0.214294,2291,0.140634,0.319232
75551470,Gabrr1,0.402301,0.111311,0.0988152,0.190238,3710,0.651631,0.117587
2569,Sla,0.406356,0.0598644,0.0472274,0.139686,1187,0.143462,0.0619378
73512189,Pcdhac1,0.406174,0.0657571,0.059646,0.104358,965,1,0.104212
955,Sema7a,0.36387,0.0541146,0.0394635,0.146659,877,0.741497,0.116406
73925720,Adamtsl3,0.371308,0.0474118,0.0409353,0.0883207,1409,0.998711,0.301614
75041515,Magi3,0.34784,0.0821805,0.0769401,0.115282,1697,0.486402,0.206875
72007749,Fut8,0.375237,0.0787338,0.0717886,0.122603,1675,0.601151,0.288738
79556644,Cd44,0.424563,0.105513,0.101648,0.129924,2039,1,0.0621448
72339542,Nek7,0.397512,0.0516685,0.040549,0.121906,1373,0.704261,0.152534
71836832,Lppr2,0.358586,0.0576725,0.0517349,0.0951772,1409,1,0.191643
75080997,Arhgap26,0.354361,0.0321638,0.0265298,0.0677513,1409,0.0534292,0.193471
2697,Trps1,0.426076,0.0540669,0.0389116,0.149797,1265,0.0713653,0.287097
77332092,Spsb1,0.376291,0.0512873,0.0438606,0.0981987,1409,1,0.0783674
1081,Tubb4a,0.423597,0.0559571,0.0390772,0.16258,1145,0.0543114,0.246316
1768,Lphn2,0.467488,0.0709986,0.0547706,0.173504,1409,0.997062,0.235412
2357,Kpna1,0.408439,0.0372306,0.0239173,0.121325,882,0.0488329,0.316331
67850953,Apln,0.430294,0.11876,0.114067,0.148402,915,1,0.195211
73636095,Pcdh17,0.323406,0.0403596,0.0350112,0.0741429,1021,1,0.309091
2551,Scarb1,0.488997,0.137089,0.124259,0.218129,3714,0.721128,0.434228
77,Adcy4,0.457992,0.0980479,0.0765537,0.233818,2273,0.205674,0.0680394
74957887,Tmprss5,0.4005,0.0720787,0.0677963,0.0991284,1340,1,0.218261
75934914,Cyp51,0.411408,0.10375,0.0929278,0.172109,1658,0.99776,0.206451
250,Cds2,0.443443,0.0442351,0.0292159,0.139105,1145,0.0511108,0.119444
74583129,Slc4a2,0.397255,0.0294795,0.0220959,0.0761185,1145,0.0450387,0.141331
77887876,Gjc1,0.40028,0.14924,0.143651,0.184544,1885,0.89183,0.0845176
71250312,AI593442,0.4124,0.0627869,0.0557641,0.107147,1409,0.694301,0.493324
1181,Hspb8,0.478986,0.12721,0.102863,0.280999,2718,0.359865,0.0478059
74750017,Ednrb,0.419756,0.0658047,0.0538139,0.141546,1722,0.360481,0.287214
77371775,C1qa,0.504142,0.290665,0.290448,0.29204,4126,1,0.154147
72472773,Nrep,0.364611,0.0682349,0.0558929,0.146194,965,1,0.278264
79591395,Cacna2d3,0.355372,0.0795121,0.0758362,0.102731,1659,0.633402,0.156304
75551475,P2rx5,0.38398,0.102178,0.095154,0.146543,1658,1,0.245675
1506,Kif15,0.424626,0.0634063,0.0439894,0.186055,1672,0.0511358,0.148506
71587783,Nrxn3,0.389315,0.0630093,0.0555433,0.110169,1823,0.715377,0.193629
76135815,Pknox2,0.399734,0.0804651,0.0701328,0.145729,1182,1,0.399195
112205214,Nr1h3,0.450887,0.199606,0.189774,0.261708,1409,1,0.199554
1243,Nr1d1,0.47797,0.0446163,0.0268793,0.156653,890,0.0586125,0.2983
72081395,Gsn,0.278335,0.0256834,0.0210656,0.0548518,1145,0.0450387,0.167064
71924008,Utp23,0.411527,0.0910593,0.0886779,0.106101,2738,0.968912,0.365771
73931626,Clmn,0.349679,0.0491431,0.0438238,0.0827426,1658,0.80968,0.164687
75080694,Tns3,0.380107,0.0571007,0.0489384,0.108658,1763,0.627936,0.246032
72340221,A930009E05Rik,0.336599,0.0171699,0.0115723,0.0525276,626,0.0347568,0.223867
73636097,Gsg1l,0.343296,0.054464,0.0479266,0.0957583,1021,1,0.171127
67870113,Pir,0.408759,0.0936959,0.086323,0.140267,887,0.671178,0.357483
74581365,Jak1,0.391474,0.0779714,0.0734813,0.106334,1409,1,0.103357
72119580,Kcnj9,0.324963,0.0727299,0.0648894,0.122255,1145,1,0.279573
74425568,Glcci1,0.377591,0.0849759,0.0794054,0.120163,1409,1,0.360941
73636029,Vwa5b2,0.371904,0.073397,0.0650182,0.126322,1419,0.911055,0.234855
75043144,Tmem11,0.387966,0.0477454,0.0392243,0.101569,1869,0.166086,0.298674
2573,Slc12a3,0.409808,0.0223002,0.00767193,0.114701,389,0.0532428,0.345375
74658082,Itgav,0.326048,0.0363093,0.0314236,0.0671702,882,0.800357,0.221558
74511780,Prokr2,0.390024,0.0366588,0.0305037,0.0755375,1658,0.0498643,0.288676
70928338,Arg2,0.35556,0.0510967,0.0395003,0.124346,882,0.259053,0.128622
79591571,Magel2,0.457471,0.202116,0.195919,0.241255,1361,1,0.192523
79907941,Dyrk1a,0.386823,0.069172,0.0572911,0.144218,1145,1,0.296113
77414145,Gprc5a,0.437148,0.168919,0.162251,0.21104,2110,1,0.0438243
72109410,Adora2a,0.377195,0.0510014,0.044431,0.0925044,1651,0.806847,0.275478
74881366,Il31ra,0.373235,0.0317349,0.0261802,0.0668216,1409,0.0530852,0.0930897
2743,Zfp358,0.430915,0.103655,0.089929,0.190354,1890,0.986118,0.288407
77371789,Cab39l,0.440939,0.176845,0.174983,0.188611,3963,1,0.0809691
74641314,Rab27b,0.35234,0.0813069,0.0729845,0.133876,1658,1,0.525187
74641322,Gpr156,0.424909,0.1389,0.138389,0.142127,5498,0.667438,0.245439
227534,Tcea1,0.446123,0.109786,0.0931118,0.215107,1658,1,0.249168
70634149,Tesc,0.377628,0.060452,0.0495456,0.129343,1409,0.917325,0.234825
71920511,Phactr1,0.381256,0.0204736,0.0134305,0.0649622,626,0.062328,0.344191
74749957,Tnxb,0.3694,0.0275259,0.0211392,0.0678675,1145,0.0450387,0.342172
29,Prkag2,0.370536,0.02751,0.0163557,0.0979663,626,0.085883,0.12785
71249743,Brinp2,0.395045,0.0327832,0.0261802,0.0744916,1423,0.0534292,0.301258
72109489,Ace,0.36141,0.0523198,0.0470986,0.0852992,1409,0.789142,0.202739
73929595,St8sia3,0.379499,0.0540987,0.0482761,0.0908774,1658,1,0.315862
71717640,Calb1,0.356596,0.0261758,0.0210656,0.0584544,1145,0.0450387,0.14152
73521003,Pcdh7,0.384388,0.0366588,0.0298414,0.0797211,915,1,0.416216
73512187,Pcdhb9,0.385499,0.0549564,0.0506678,0.0820453,1256,0.937313,0.504145
74047839,Tspan6,0.373254,0.0516685,0.0461236,0.0866938,1335,0.996269,0.263855
79912542,Thra,0.414377,0.11814,0.115539,0.134573,2683,1,0.21299
73636098,Htr2c,0.347257,0.0326879,0.0262354,0.0734457,1409,0.0537114,0.142498
75144624,Sptb,0.373963,0.0423609,0.0362623,0.0808832,1145,1,0.282079
713,Rrp1,0.394895,0.063041,0.0482761,0.156304,1824,0.0941412,0.172271
71924514,LOC433093,0.449111,0.216808,0.212367,0.244858,2264,1,0.222166
72109295,Ptpn3,0.413542,0.0929494,0.082901,0.156421,2446,0.966879,0.372147
71924331,Scrg1,0.424758,0.109547,0.108787,0.114352,4100,1,0.331763
73636151,Fam184b,0.377164,0.0510967,0.0426648,0.104358,1890,0.122472,0.0877278
72109389,Ighm,0.402979,0.130847,0.124922,0.168274,2383,1,0.128036
75774667,Stxbp2,0.380158,0.0943948,0.0907017,0.117722,1658,1,0.21204
73817932,Ehbp1l1,0.456862,0.135008,0.130349,0.164439,1366,1,0.461018
75042262,Pdia5,0.410605,0.0666465,0.0537035,0.148402,1409,1,0.195076
74425543,Fasn,0.368829,0.0375959,0.0302462,0.0840209,1457,0.585718,0.251153
72077467,Dgat2,0.359289,0.0513509,0.0450013,0.0914585,1140,1,0.16553
75988568,Podn,0.395246,0.0715386,0.0596092,0.146891,1045,0.843188,0.148803
1742,Dtd1,0.418595,0.0468718,0.0308349,0.14817,1041,0.158394,0.189767
121098,Gabpb1,0.517819,0.202672,0.182066,0.33283,3888,1,0.282022
1914,Rnf128,0.433482,0.0408996,0.0258491,0.135967,1272,0.116253,0.0362895
73817444,Dlg2,0.360663,0.02832,0.0217831,0.0696107,1145,0.0626151,0.390764
466,Fzd3,0.464438,0.067679,0.0538323,0.155142,2021,0.139365,0.104667
1313,9130024F11Rik,0.44365,0.0552582,0.0320492,0.201859,959,0.100486,0.170393
748,Oaz2,0.429227,0.0892486,0.0771608,0.165601,1597,0.280404,0.288025
79556708,Htr2b,0.383892,0.129402,0.121794,0.177455,1409,1,0.0869897
75988508,Slc38a1,0.383616,0.0956495,0.0911432,0.124114,4323,0.637899,0.134625
112195815,Clec11a,0.526035,0.314109,0.306031,0.365137,2741,1,0.376651
74819347,Rap1b,0.494414,0.172176,0.162343,0.234282,2115,1,0.340362
74357571,Rgs5,0.394324,0.0507473,0.0409721,0.112493,1890,0.465896,0.140319
75144656,Synpo2,0.414509,0.134278,0.12781,0.175131,1366,1,0.221393
75144703,Cacybp,0.386302,0.0809257,0.0746403,0.120628,1391,0.982615,0.21719
74988746,Txnrd1,0.39787,0.1122,0.110111,0.125392,1342,1,0.199682
71249056,Foxp1,0.461802,0.154783,0.149814,0.186171,2646,1,0.236017
74047878,Tsg101,0.463823,0.187709,0.18385,0.212086,2646,1,0.272871
77869816,Prkca,0.320029,0.0733334,0.0687898,0.102034,1658,0.937173,0.283456
74958626,Slc2a13,0.340829,0.0267952,0.021176,0.0622894,1145,0.0450387,0.169024
503,Glud1,0.36291,0.0850077,0.0794606,0.120046,3010,0.864879,0.150399
71924239,Unc5d,0.372532,0.0642323,0.0567392,0.111563,1409,0.572428,0.297801
71670712,Zfp618,0.409613,0.081021,0.075597,0.115282,1409,1,0.120205
74881145,Lrrc3b,0.367529,0.0317826,0.0259595,0.0685648,1409,0.0537114,0.248711
74363344,LOC433727,0.459209,0.179545,0.171671,0.229285,5008,1,0.239993
112646675,Oprd1,0.407341,0.195048,0.189609,0.229402,2848,0.862113,0.645777
70613977,Cyp46a1,0.389183,0.0233485,0.0165213,0.066473,882,0.0427096,0.239265
77869838,Pgf,0.348995,0.0996363,0.0875189,0.176177,1890,0.981481,0.119863
112645814,Pwp2,0.475258,0.293937,0.280954,0.375944,2616,1,0.329167
73521813,Ppp1r2,0.31,0.025461,0.0186371,0.0685648,626,0.383902,0.260746
74658088,Nt5m,0.399307,0.047793,0.0418184,0.0855317,1145,0.424097,0.30688
75749783,Parm1,0.341859,0.044934,0.0413401,0.0676351,1361,1,0.168941
71015800,Fam107b,0.42838,0.0598326,0.049196,0.127019,1658,1,0.125868
71250313,Ccdc184,0.391763,0.0342922,0.0268058,0.0815805,1409,0.0622711,0.228605
77371763,Ndufv2,0.389422,0.0921552,0.0822387,0.154794,1306,1,0.230872
79556642,Gja1,0.422881,0.119125,0.118906,0.120511,1379,1,0.152294
91,Akap8,0.427206,0.0501596,0.0333922,0.156072,909,0.052076,0.16255
75084530,Per3,0.365596,0.0365794,0.0284432,0.0879721,882,0.718902,0.181063
70805955,Usp46,0.344821,0.0311314,0.0259227,0.0640325,1409,0.0537114,0.163187
112646890,Nr2f2,0.403475,0.157007,0.155039,0.169436,1168,1,0.522402
74988285,Ascl5,0.582686,0.373497,0.37563,0.360023,2741,1,0.322937
74586667,Gpd1,0.402307,0.038946,0.0308717,0.0899477,1658,0.0498643,0.243556
77371817,Kcns3,0.432516,0.155387,0.153383,0.168042,1658,1,0.0861597
73992940,Mroh1,0.388882,0.0717769,0.0636016,0.123417,1409,1,0.370181
75038442,Rarb,0.383478,0.0966979,0.0890643,0.144916,2383,1,0.109711
79587715,Calca,0.383114,0.0588002,0.0543658,0.08681,1145,0.888521,0.159412
424,Fgf12,0.466026,0.0522245,0.0323619,0.177687,1190,0.153768,0.23272
939,Sema3c,0.449198,0.08334,0.070832,0.162347,1140,0.509367,0.193452
191,Car8,0.423522,0.0389777,0.0310189,0.0892504,1661,0.0498643,0.216004
74724669,Mchr1,0.519733,0.255992,0.257552,0.246136,2822,1,0.180475
74641238,Vti1a,0.458739,0.124478,0.119421,0.156421,2632,0.95905,0.514235
71717604,Plch1,0.376881,0.03677,0.0287375,0.0875073,1145,0.200765,0.147053
1724,Aldh1l1,0.395773,0.0347845,0.0199617,0.128414,595,0.157736,0.228031
752,Tenm3,0.475409,0.13585,0.119163,0.241255,1687,1,0.0601667
2476,Pdlim2,0.464808,0.102622,0.0882732,0.19326,2276,1,0.5933
2737,Ywhab,0.479382,0.127623,0.110295,0.237071,2270,1,0.229163
75042239,Cdkl5,0.348142,0.0273194,0.022519,0.0576409,1145,0.0811307,0.449413
72129296,Hist2h2aa1,0.375275,0.0800521,0.0774,0.0968042,1268,1,0.153948
72077451,Wwox,0.399897,0.0938865,0.0863966,0.141197,1409,0.434283,0.255813
73788443,Sparc,0.34469,0.0218555,0.0163741,0.0564788,890,0.043489,0.225233
75041560,Cst6,0.324699,0.0233803,0.0186555,0.0532249,1014,0.0496197,0.180006
76115738,Ntrk3,0.393602,0.139011,0.137598,0.147937,2364,0.609302,0.12762
72080054,Inpp4b,0.357299,0.0390889,0.0339625,0.0714701,913,0.994647,0.168625
75038484,Casc1,0.394863,0.097365,0.0888251,0.151307,2394,0.329445,0.106165
73929581,Rln3,0.39111,0.0672819,0.061633,0.102963,1409,1,0.272011
74988343,Thnsl1,0.398058,0.100446,0.0984472,0.113074,1361,1,0.180299
74511997,C130021I20Rik,0.37793,0.0608809,0.0466571,0.150726,1676,0.287079,0.0575666
71670694,Pvr,0.366419,0.0430439,0.0350848,0.0933178,1890,0.048484,0.336696
77371829,Alk,0.427212,0.137931,0.131563,0.178152,1624,1,0.0955835
75146005,Mpnd,0.345775,0.0272717,0.0214888,0.0638001,1145,0.0450387,0.288871
2527,Traf7,0.431129,0.0568306,0.0399051,0.163742,909,0.948718,0.245164
73992909,Gas7,0.349152,0.0408043,0.0353976,0.0749564,1409,0.208925,0.323361
1418,Shh,0.391123,0.0582284,0.0459028,0.136084,902,0.998792,0.31771
74882926,Slc12a2,0.415431,0.0657412,0.0596276,0.104358,1146,1,0.0956679
74818623,Ccdc91,0.443619,0.137677,0.12862,0.194887,2110,0.610506,0.351013
17,Mageh1,0.50482,0.241967,0.231078,0.31075,7532,0.628953,0.109472
75749417,Gabre,0.385028,0.0725393,0.0605475,0.148286,1658,0.986264,0.161338
71670714,Xlr4c,0.38939,0.0424086,0.0297862,0.122138,1215,0.261086,0.0993403
73817988,Ppp1r17,0.371722,0.0478089,0.0390588,0.10308,1890,0.192507,0.458808
73817927,Arl4d,0.397073,0.0479042,0.0392243,0.102731,2110,0.0414053,0.436138
1938,Obfc1,0.424978,0.042218,0.0319388,0.107147,1662,0.0490126,0.296838
866,Ptprt,0.381068,0.0470306,0.0318468,0.14294,1049,0.181553,0.0464693
67870133,Uqcr11,0.46317,0.153497,0.144442,0.210691,1917,0.890971,0.122884
73787952,Dgkb,0.353546,0.0263822,0.0211024,0.0597327,1145,0.0450387,0.189319
70744391,Dnaja4,0.40955,0.0716498,0.0661773,0.106217,1930,0.707686,0.234094
74641304,Pou4f1,0.436169,0.0882638,0.0821099,0.127135,1272,1,0.236872
75042263,Nek2,0.441748,0.105195,0.0940501,0.175596,1409,1,0.0682097
71587811,Trib2,0.438045,0.106879,0.0979321,0.163393,3903,0.843274,0.323539
72080144,Eps15,0.356144,0.081974,0.0797917,0.0957583,2687,0.75457,0.288041
77278977,Slc9a7,0.349403,0.0775584,0.072175,0.111563,1890,0.537042,0.195006
73931427,Gata3,0.363538,0.0651853,0.0584502,0.107728,2110,0.743752,0.256161
71670678,Npr1,0.479344,0.224257,0.22232,0.23649,5359,1,0.13861
840,Prkca,0.348474,0.0251275,0.0149575,0.0893666,626,0.11566,0.167638
1343,Cstb,0.422612,0.0756524,0.0558009,0.201046,1559,0.509719,0.145018
75651225,Laptm4b,0.374666,0.0663924,0.0613938,0.0979663,1145,1,0.256712
659,Mapre2,0.45855,0.063994,0.0476874,0.166996,1658,0.0556203,0.173555
196,Ctnnb1,0.474216,0.062914,0.0442838,0.180593,1261,0.140676,0.211485
72472801,Fibcd1,0.397587,0.0235868,0.0171653,0.0641488,882,0.0759076,0.279794
348,Dlx1,0.457257,0.0662336,0.0484233,0.178733,1662,0.0567755,0.174973
2181,Eif2ak3,0.339756,0.0364364,0.0223903,0.12516,848,0.0545074,0.218205
2339,Kcnj15,0.440443,0.0673613,0.0527468,0.159675,1658,1,0.577269
74363341,Arl15,0.416956,0.120698,0.113681,0.16502,1658,1,0.0582163
74988690,Gabra2,0.28613,0.0861831,0.0854399,0.0908774,1359,1,0.0946532
77413682,Prkcsh,0.384721,0.123779,0.123064,0.128298,1658,0.9956,0.220122
74272035,Lipm,0.461795,0.245318,0.248979,0.222196,8034,0.581601,0.0520495
356088,Pias2,0.441899,0.07462,0.05983,0.168042,3071,0.0684081,0.239092
75774681,Hmox2,0.360142,0.0526533,0.0466387,0.090645,1658,0.901099,0.191197
549,Hap1,0.411044,0.0581807,0.0387092,0.181174,1063,0.0990291,0.196061
74640880,Syne2,0.377038,0.0798933,0.0730397,0.123184,2080,0.745786,0.116743
74819325,Agps,0.393821,0.0830699,0.0762593,0.126089,2559,0.865261,0.127151
1124,Ywhag,0.498795,0.100145,0.0806196,0.223475,3078,0.187823,0.269253
70431434,Mtus2,0.355981,0.0320844,0.0259227,0.0710052,1409,0.0537114,0.22926
75774674,Hspbp1,0.369971,0.0983021,0.09118,0.143289,2389,0.644849,0.162525
71670740,Lrp1b,0.397248,0.0794485,0.07407,0.113422,1347,1,0.17421
71670727,Rps6ka3,0.33788,0.021379,0.016227,0.0539221,882,0.0427096,0.258862
74271623,Ppp1r9b,0.348223,0.0587684,0.0541634,0.0878559,1805,0.426217,0.349128
1373,Lmo1,0.48488,0.0854207,0.0626081,0.229518,1703,0.0942928,0.0539078
70743905,Tspan33,0.397851,0.0372147,0.0305405,0.0793725,1658,0.0498643,0.456172
71249083,Ube2ql1,0.441391,0.116997,0.111914,0.149099,1411,1,0.151611
356859,Ap1b1,0.467965,0.11328,0.096957,0.216386,2716,0.581361,0.208165
70744514,Abhd3,0.411565,0.0581331,0.0527284,0.0922719,1542,1,0.279419
74958606,8030498B09Rik,0.344752,0.0324973,0.0259411,0.0739105,1409,0.0537114,0.182615
79912544,Dlx6os1,0.437851,0.147953,0.14481,0.167809,1361,1,0.130509
73930839,Samd14,0.398278,0.100303,0.0930014,0.146426,1409,1,0.5688
75080209,Rnf32,0.391518,0.0468559,0.0423336,0.0754213,1146,1,0.462691
2577,Slc16a14,0.401661,0.0452834,0.030007,0.141778,1145,0.0488329,0.201736
77414600,Tmem14a,0.435321,0.159119,0.152739,0.199419,2061,1,0.0992558
79568022,Cyp26b1,0.466716,0.258708,0.255841,0.276816,3367,1,0.232229
75081397,Ssb,0.419003,0.0397878,0.0308533,0.0962231,1658,0.0498643,0.262502
77280339,Ugdh,0.375833,0.0580695,0.0542002,0.0825102,1361,1,0.205159
485,Gata2,0.469741,0.0766054,0.0593149,0.185822,1259,0.438026,0.105041
72081556,Mesdc2,0.401585,0.0492702,0.044063,0.0821615,1409,0.355887,0.28696
74047912,P3h3,0.370015,0.0592608,0.0529308,0.0992446,1658,1,0.519497
77414565,Cyhr1,0.422549,0.159977,0.158848,0.167112,1169,1,0.0568679
79556605,Dkk3,0.332193,0.0411697,0.0364279,0.0711214,1145,0.645012,0.0625635
74425540,Tnip2,0.415946,0.125145,0.117434,0.173852,1658,0.986637,0.295908
75080228,Ceacam14,0.459699,0.153814,0.151084,0.171063,1962,1,0.0555888
112649906,Hnrnph2,0.363519,0.0934576,0.0917688,0.104126,2343,0.892228,0.354972
864,Ptprm,0.379097,0.044124,0.0285168,0.142708,750,0.0945296,0.0624992
1088,Uchl1,0.501023,0.112248,0.093351,0.23161,3108,0.252189,0.304349
320,Tomm70a,0.406161,0.0337998,0.0196306,0.1233,626,0.0511108,0.320518
72472802,Slc6a11,0.414352,0.0492384,0.0406594,0.103428,882,1,0.218483
79567709,Ptgds,0.34179,0.0571165,0.053078,0.0826264,1145,1,0.163184
71250305,A530079E22Rik,0.452858,0.124653,0.118942,0.160721,1658,1,0.352427
73635978,C130096N06Rik,0.362734,0.0489207,0.0428671,0.0871586,1145,1,0.163077
73931642,Pgbd5,0.369469,0.0624851,0.0555985,0.105985,1414,0.348373,0.273842
74988750,Armc2,0.427501,0.163662,0.157928,0.199884,3157,1,0.14809
324008,Siae,0.426754,0.157833,0.152427,0.191981,3168,0.282123,0.148598
62,Actc1,0.445345,0.0908687,0.0730949,0.203138,1409,0.944901,0.181356
73992715,Cd63,0.38784,0.0380406,0.0309085,0.0830912,1658,0.0498643,0.197554
945,Sema4d,0.373266,0.0337362,0.0235677,0.0979663,1000,0.141132,0.0738969
71587822,Cacna1g,0.386729,0.0387077,0.0263274,0.116909,1409,0.0537114,0.244706
74988768,Glul,0.2745,0.000412967,0,0.0030215,0,0,0.152799
70616018,Cttn,0.383999,0.0236344,0.0175332,0.0621732,882,0.0461291,0.225254
326,Dbh,0.489776,0.0766848,0.0540347,0.219756,1676,0.122921,0.0543147
77887888,Pip5k1b,0.403531,0.0905669,0.0828642,0.139221,1409,1,0.159594
73992911,Gucy2c,0.364843,0.0621516,0.0591493,0.0811156,1898,0.726197,0.0235253
247,Cdk5r1,0.440273,0.0729522,0.0576958,0.16932,1662,0.104787,0.290465
77280315,Mfsd2a,0.399163,0.11471,0.111068,0.137711,1373,1,0.0667253
75042251,Hsp90b1,0.349805,0.0319573,0.0253339,0.0737943,1308,0.0542295,0.226503
79589522,Grik1,0.39974,0.0966979,0.0909225,0.133178,3095,0.814073,0.159872
2341,Kcnj16,0.376687,0.0425515,0.0319204,0.109704,1130,0.214844,0.0469222
70562103,Kcnh7,0.376724,0.0437904,0.0359863,0.0930854,1658,0.0954952,0.25067
76115744,Slc9a6,0.421337,0.116647,0.113515,0.136432,1361,1,0.206856
77414652,Itm2c,0.387225,0.0993821,0.0919712,0.146194,1890,0.848441,0.209697
1287,Synj1,0.466823,0.0774631,0.0644295,0.159791,2059,0.673819,0.127368
1065,Tnni3,0.360738,0.0462206,0.0367406,0.106101,1574,0.132184,0.0906068
74363336,B230312C02Rik,0.366745,0.0313537,0.0252787,0.0697269,1371,0.0550221,0.0827892
1063,Trappc10,0.398937,0.0641529,0.049288,0.158048,1798,0.155951,0.190702
544516,Slc25a25,0.405653,0.120412,0.11208,0.173039,1658,0.955766,0.298071
75774671,Tmem246,0.373762,0.0900745,0.0850351,0.121906,1722,1,0.20004
71064061,Col9a1,0.4065,0.0231262,0.0165581,0.0646136,882,0.0427096,0.204538
74957898,Ubap1,0.408138,0.0602297,0.0523972,0.109704,1145,1,0.259799
74749943,Slc9a2,0.361887,0.0227767,0.0165029,0.0624056,626,1,0.138037
77874616,Prune2,0.436169,0.201925,0.20028,0.212318,3369,0.704815,0.0670794
74047898,Cd34,0.386968,0.0527327,0.0465467,0.0918071,1890,1,0.528123
70813909,Stard5,0.38452,0.0184406,0.0117379,0.0607786,626,0.0337193,0.266599
71920515,Rftn1,0.380359,0.0632952,0.0574751,0.100058,1145,1,0.0633566
72340145,Ero1lb,0.402583,0.0732381,0.0677411,0.10796,1293,1,0.208076
74988710,Grin2b,0.426647,0.129815,0.125603,0.156421,2658,1,0.235906
73992924,C230030N03Rik,0.361234,0.0547023,0.0505759,0.080767,1409,1,0.0661099
1615,Gli3,0.403387,0.0446799,0.0286823,0.145729,1076,0.180957,0.0908925
657,Map4k3,0.379059,0.0416462,0.0339809,0.0900639,1397,0.148828,0.037099
71836883,Tm6sf1,0.418789,0.105847,0.100618,0.138873,1183,1,0.250717
1653,Srfbp1,0.415676,0.0478089,0.0307797,0.155375,990,0.167019,0.255104
72008120,Btg3,0.369758,0.0244921,0.0173124,0.0698431,884,0.0568994,0.169654
1127,Ywhah,0.456542,0.0549882,0.0385436,0.158861,1145,0.0543993,0.124522
73521827,Zfyve9,0.314807,0.0158992,0.0115171,0.0435793,626,0.0347568,0.19353
74641325,Impa1,0.37304,0.0277165,0.0213968,0.0676351,1145,0.0450387,0.163229
2247,Gabrb1,0.386365,0.0643276,0.0480737,0.166996,1658,0.0559231,0.276849
74047778,Dnal4,0.383892,0.0591178,0.0514774,0.107379,1145,1,0.500524
788,Pdxk,0.402791,0.0372306,0.0291055,0.0885532,1256,0.155254,0.0739295
74425563,Plxdc2,0.362194,0.0747471,0.0704456,0.101917,1813,0.700122,0.275159
74881549,Atp2a2,0.407805,0.0329421,0.0259595,0.0770482,1409,0.0537114,0.180385
293463,Anapc16,0.440336,0.0756842,0.0565368,0.19663,1890,0.434727,0.544887
356089,Nxf1,0.448784,0.0824505,0.0686058,0.169901,2980,0.362957,0.171269
67870467,Nfs1,0.39893,0.0525421,0.0449093,0.100755,1145,1,0.23628
71836787,Pdzrn3,0.462122,0.133055,0.126136,0.176758,2326,1,0.272577
2425,Nfkbie,0.469911,0.067806,0.047853,0.193841,1583,0.0933842,0.606362
74819246,Fam210a,0.384589,0.0833241,0.0761489,0.128646,1409,1,0.324616
73929597,Slc16a2,0.381131,0.0746994,0.0694705,0.107728,1658,1,0.417993
55,Pmch,0.496146,0.153481,0.142602,0.222196,5611,0.410112,0.106816
74750015,Maoa,0.41127,0.0937435,0.0888251,0.124811,2637,0.719749,0.131933
72080145,Rtn4r,0.350753,0.0559571,0.0507046,0.0891342,1145,0.905975,0.369102
75043153,Cd33,0.495362,0.262901,0.25448,0.316095,1741,1,0.249392
633,Lhx1,0.465605,0.110643,0.0831586,0.284253,2132,0.135932,0.314948
74047444,Gda,0.368483,0.026414,0.0211392,0.0597327,1145,0.0450387,0.28932
917,Rxrg,0.445602,0.0743976,0.0586893,0.17362,936,0.407936,0.176853
73992918,Slitrk6,0.362238,0.0522721,0.0447253,0.0999419,1658,0.423119,0.166845
67881555,Slc25a36,0.524296,0.190648,0.175921,0.283672,2403,1,0.158631
74425553,Amot,0.369871,0.0599755,0.0545682,0.0941313,1890,0.724412,0.172681
74357548,Fgd5,0.339863,0.0238568,0.0195018,0.0513655,882,0.130979,0.0899826
79907936,Cxcl12,0.485112,0.24651,0.241601,0.277513,4820,1,0.305267
74658020,Sox2ot,0.422944,0.140727,0.138518,0.154678,4967,0.99,0.0854419
73592542,Zbtb24,0.392284,0.0407249,0.0321044,0.0951772,1658,0.0516042,0.241725
74047902,St6galnac6,0.410216,0.0732223,0.0669868,0.112609,1658,1,0.567551
75041444,Il11ra2,0.398127,0.0673454,0.0631968,0.0935503,1317,0.987658,0.20658
70634224,Fam134b,0.365314,0.0331962,0.0261986,0.0773969,1422,0.0528647,0.236631
70744323,Stxbp6,0.397117,0.0300037,0.0238253,0.0690296,1286,0.0544961,0.108919
74581445,Pcdhb18,0.418049,0.105529,0.100361,0.138175,995,1,0.149053
79591569,Gabrq,0.373994,0.0548452,0.0516429,0.0750726,1403,1,0.683662
74724728,Prokr1,0.425222,0.117743,0.113625,0.143754,2634,0.996326,0.930835
876,Os9,0.327203,0.034181,0.026769,0.0809994,1445,0.0489674,0.108563
75145999,Lims2,0.486449,0.223193,0.220499,0.240209,1540,1,0.748425
79556714,Sssca1,0.423264,0.166426,0.158259,0.218013,2049,0.696539,0.146975
72129253,Spink8,0.369877,0.0496514,0.0405674,0.107031,2144,0.196078,0.174461
71836807,Sbk1,0.418387,0.0703791,0.063436,0.114236,1496,1,0.361922
79556616,Htr1a,0.329871,0.0328468,0.0217463,0.102963,626,1,0.341331
75773705,Atp5sl,0.309479,0.0371353,0.0310557,0.0755375,1409,1,0.253683
75077171,Polk,0.32232,0.051192,0.0472458,0.0761185,1409,0.614177,0.259091
71717583,Dyrk1b,0.429516,0.112931,0.100729,0.190006,1826,1,0.359825
71836836,Ppp2ca,0.3798,0.0782255,0.0743644,0.102615,2633,0.856968,0.246574
70743906,Zmynd11,0.369325,0.0179164,0.0117011,0.0571761,626,0.034141,0.31035
560,Hist1h2bc,0.35123,0.0244286,0.0147919,0.0852992,579,0.141698,0.217235
74743255,Myo10,0.474041,0.206357,0.204511,0.218013,1359,1,0.486954
1522,Prrx2,0.556318,0.221668,0.211742,0.28437,2386,0.896561,0.148138
74640881,Synpo,0.356966,0.0561794,0.0487729,0.102963,1889,1,0.357577
76115730,Itgb1,0.398698,0.0797344,0.0699856,0.141313,1658,1,0.267725
2006,Ankrd33,0.467507,0.063454,0.0438422,0.187333,1636,0.0924661,0.32672
73931420,LOC329302,0.395799,0.106228,0.100931,0.139686,2578,1,0.160672
74581371,LOC434002,0.329595,0.0406455,0.034772,0.0777455,1890,0.0483564,0.206928
79907893,Dbh,0.418695,0.157039,0.154303,0.174317,1526,1,0.0587646
71016666,Col5a2,0.344238,0.0322273,0.0259227,0.0720511,1409,0.0537114,0.0807886
72103808,Cds1,0.345675,0.0267952,0.0210656,0.0629866,1145,0.0450387,0.372814
75042249,Myo5c,0.380641,0.0924888,0.0873901,0.124695,2295,0.672429,0.0821383
77874608,Cyp39a1,0.407102,0.176813,0.172554,0.203719,2351,1,0.0398627
73817984,Nt5dc2,0.37476,0.0321956,0.0261802,0.0701917,1409,0.0537114,0.365442
851,Ptgds,0.382103,0.0714433,0.0657725,0.107263,1416,0.588637,0.203732
79556660,Wnt5a,0.47025,0.218793,0.215072,0.242301,2706,1,0.21201
73636094,Clic5,0.336825,0.0267793,0.0220407,0.0567112,1033,0.75,0.0987112
1984,Clic6,0.463691,0.0773996,0.0597012,0.189192,1658,0.0950431,0.0582243
73769320,Tmem204,0.396062,0.0960466,0.0934614,0.112377,1272,1,0.330843
1405,Prnp,0.444899,0.0470941,0.0323067,0.1405,1323,0.0514535,0.111168
77340494,Adrb1,0.442307,0.159659,0.154414,0.192795,2868,1,0.283233
2609,Slc35a3,0.384921,0.0410585,0.0285352,0.120163,1145,0.0511108,0.170433
74511895,Rwdd2a,0.403104,0.029003,0.0216543,0.0754213,1145,0.0464137,0.230174
71670739,Midn,0.390395,0.0553376,0.0463627,0.112028,1021,1,0.401393
77869854,Apba1,0.386792,0.100716,0.0966074,0.126671,1010,1,0.1073
356858,Gde1,0.406902,0.0615798,0.0450381,0.166066,2372,0.0891089,0.203526
293466,Cdc27,0.546678,0.257231,0.245428,0.331784,4085,1,0.545431
77413694,Tbl3,0.413868,0.128115,0.124738,0.149448,2262,1,0.063783
72340183,6330403A02Rik,0.38747,0.0706809,0.0620745,0.125044,1409,1,0.145275
74988733,En2,0.430614,0.161121,0.149354,0.235445,1909,1,0.236796
71358651,Sema6a,0.370442,0.0221096,0.0162638,0.0590354,882,0.0427096,0.169963
74581428,Mrc1,0.457791,0.123795,0.114895,0.180012,3631,1,0.159176
1211,Gphn,0.493272,0.127797,0.113736,0.216618,2351,1,0.332439
73931628,D030063F01Rik,0.385461,0.0522562,0.0471538,0.0844858,1361,1,0.0757068
234,Cdh13,0.415011,0.0209819,0.0125106,0.0744916,626,0.0413208,0.103634
75041443,Il10ra,0.384545,0.0498102,0.0442286,0.0850668,766,0.76789,0.20527
74581379,Stoml2,0.443324,0.183183,0.182746,0.185938,3914,1,0.38813
73931404,Flrt3,0.400242,0.09314,0.0798101,0.177339,1475,1,0.248703
73994670,Grsf1,0.428543,0.139789,0.128528,0.210924,2110,0.976667,0.174733
74274684,Lrmp,0.377233,0.0782255,0.0713287,0.12179,1409,1,0.306555
72283807,Crim1,0.380861,0.0445369,0.0370534,0.0918071,1896,0.0698305,0.177918
74658022,Cdh18,0.422511,0.129163,0.124499,0.158629,1890,0.332937,0.12384
1059,Tiam1,0.505329,0.089185,0.0697833,0.211737,1859,0.991111,0.217321
609,Kcnj6,0.443644,0.0677425,0.0502815,0.178036,1056,1,0.177713
73520999,Nrip3,0.389949,0.12092,0.114582,0.160953,1890,0.965829,0.142063
2659,Tcf19,0.445451,0.0457758,0.0289215,0.152237,1025,0.0432231,0.386257
73907494,St8sia1,0.39207,0.0664401,0.0627737,0.0895991,1347,1,0.320668
74581422,Apol8,0.517285,0.236725,0.235972,0.241488,2567,0.994903,0.236072
2533,Rhbdf1,0.432277,0.13558,0.129006,0.177106,2654,0.485253,0.653863
77414177,Hiatl1,0.403355,0.134596,0.126817,0.18373,2716,0.68192,0.13283
74988759,Fndc3b,0.425448,0.133706,0.122273,0.205927,1177,0.779695,0.159658
79907904,Vim,0.431819,0.153703,0.145619,0.204765,1475,1,0.119335
71247631,Grm4,0.396866,0.0497784,0.0429407,0.0929692,1145,0.692674,0.165522
276267,Adamts16,0.42794,0.111517,0.102918,0.165834,3690,0.948302,0.243921
79591669,Gad2,0.42563,0.120983,0.11909,0.132946,1658,1,0.237099
74882565,F13a1,0.371979,0.0214902,0.0142952,0.0669378,626,0.115382,0.37012
189,Camk2g,0.498839,0.140917,0.123542,0.250668,2271,1,0.24084
172,Nrcam,0.480656,0.111041,0.0948412,0.213364,2432,0.696272,0.100751
75041548,Dock6,0.362094,0.0738417,0.0707768,0.0932016,1145,0.61769,0.394868
71670684,Cdk14,0.393495,0.0376753,0.0319572,0.0737943,1145,0.481924,0.583468
77340480,Kcng1,0.331459,0.0456329,0.0405306,0.0778617,843,0.985782,0.158712
2239,Fzd1,0.369845,0.0450928,0.0365934,0.0987798,1948,0.0509318,0.154666
77280421,Emp1,0.414189,0.14411,0.138941,0.176758,2328,1,0.0449232
71016665,Bcat1,0.35111,0.0348163,0.0277808,0.0792562,1495,0.053976,0.134206
293034,Tcf25,0.407209,0.0773519,0.0664533,0.146194,1890,1,0.20721
1361,Gmps,0.452399,0.0783367,0.0645031,0.165718,1065,0.654189,0.116866
74988744,Brk1,0.362282,0.0622945,0.0560584,0.101685,1755,0.931318,0.15239
112651200,S1pr5,0.440361,0.206563,0.203481,0.226031,2465,1,0.252773
71587899,Rph3a,0.341909,0.0314014,0.0259227,0.0660081,1409,0.0537114,0.165133
72340134,Rreb1,0.386861,0.0716657,0.0656621,0.109587,957,1,0.214226
72109423,Rnf13,0.366268,0.0356422,0.0295838,0.0739105,1598,0.0490518,0.205783
577,Prmt2,0.534746,0.189107,0.16939,0.313655,1002,0.776106,0.308754
1966,Trap1,0.427651,0.0732858,0.063804,0.133178,1518,0.41631,0.287051
73520988,Hspb3,0.367391,0.0644546,0.0516245,0.145497,1658,1,0.0475702
79912556,Chrm3,0.371502,0.0913928,0.086231,0.123998,1890,1,0.190319
1278,Runx2,0.410329,0.0450452,0.0280016,0.152702,1174,0.170673,0.0538791
72340126,Lhpp,0.34538,0.0643593,0.0620378,0.0790238,1295,0.951506,0.722033
71064277,Pogk,0.431806,0.0568624,0.0500607,0.0998257,1409,0.394297,0.181827
74511967,Serpinb1c,0.348688,0.0212043,0.016227,0.0526438,882,0.0427096,0.124015
1274,Rasgrf1,0.356263,0.0238409,0.0153807,0.0772807,715,0.0649485,0.0934166
80343407,Cyr61,0.355171,0.105481,0.0973249,0.157002,1823,1,0.0508678
79490064,Calml3,0.473294,0.207405,0.20326,0.233585,1379,1,0.11168
72472777,D430041D05Rik,0.378243,0.0510967,0.0450749,0.0891342,1145,1,0.360943
1381,Mki67,0.494006,0.118696,0.10404,0.211273,1409,0.664614,0.0819971
74882525,Snx33,0.364925,0.0383901,0.0326379,0.074724,1135,0.926306,0.141085
74957910,Usp13,0.38951,0.10591,0.103231,0.122836,1658,1,0.346441
2499,Ppm1g,0.39261,0.04711,0.0334658,0.133295,1409,0.0537114,0.385014
70612723,Cldn1,0.404881,0.124716,0.121077,0.147705,3728,1,0.18231
73636099,Kcnh1,0.352215,0.054464,0.0493984,0.0864614,1409,0.631009,0.25591
79490110,Apoe,0.370316,0.0951413,0.0877764,0.141662,1375,1,0.120513
2191,Ephb6,0.430677,0.0534316,0.0383964,0.148402,1659,0.0498643,0.262379
74641311,Ldb2,0.421676,0.116568,0.106322,0.18129,1348,1,0.335226
75041511,Tcerg1l,0.409073,0.0991439,0.0936822,0.133643,1170,0.342836,0.18769
72081426,Sncg,0.367015,0.0486507,0.0434743,0.0813481,1417,0.610848,0.18311
427,Fgf13,0.465442,0.0508426,0.0318468,0.170831,1154,0.137296,0.314499
73771240,Mafb,0.369695,0.107657,0.100986,0.149797,1890,1,0.200829
1119,Xbp1,0.472497,0.0557665,0.035416,0.184311,1009,0.209623,0.146389
71587834,Ano2,0.4289,0.0693308,0.0549362,0.160256,1658,0.828128,0.209415
74988711,Ttyh3,0.485527,0.191569,0.191228,0.193725,5729,1,0.3549
76115740,Prdx5,0.368766,0.0419638,0.0368326,0.0743754,1145,0.739965,0.234213
74819345,Dad1,0.393991,0.0774631,0.0693601,0.128646,2110,0.94247,0.198543
71924145,Tmem255b,0.411,0.0631999,0.0508518,0.141197,1409,0.837748,0.179174
74819329,Vezt,0.456667,0.131641,0.122677,0.188263,1382,1,0.230767
74357572,Vat1,0.449688,0.113375,0.109836,0.135735,2032,1,0.345983
70634310,Cish,0.382605,0.0426786,0.037311,0.0765834,1145,1,0.22396
74511770,Gpr50,0.400336,0.0618974,0.0569047,0.093434,1658,1,0.153536
276271,Pyurf,0.479357,0.240379,0.240847,0.23742,3594,1,0.353571
942,Sema4a,0.361234,0.0317508,0.0227398,0.0886694,1021,0.119119,0.0425566
934,Scg2,0.465511,0.0943948,0.0780991,0.197327,1271,0.551405,0.158109
74272916,Col27a1,0.497433,0.264934,0.262851,0.278094,4435,0.931878,0.687144
356492,Hpd,0.437901,0.118442,0.108253,0.182801,2716,0.968056,0.25245
2446,Ogn,0.520643,0.260995,0.261508,0.257757,2872,0.83696,0.244517
72472808,Gpc2,0.31118,0.0467765,0.0403098,0.0876235,2075,0.104167,0.136899
77414587,Tinf2,0.463258,0.196636,0.193252,0.218013,1658,1,0.0514522
74511808,Idh1,0.394713,0.0702203,0.0640063,0.109471,1658,0.800885,0.125533
2571,Slc11a2,0.392447,0.0635969,0.0494352,0.153051,1542,0.0927463,0.171644
74743256,Ndufb8,0.413122,0.0819104,0.0746771,0.1276,1145,1,0.195839
73636111,Scn4b,0.419687,0.0693308,0.0608603,0.122836,1658,0.6173,0.143481
584,Htr1b,0.39765,0.0564177,0.03847,0.169785,1231,0.451772,0.073868
476,Slc6a1,0.34833,0.0217284,0.0148471,0.0651947,692,0.116792,0.0943646
71064051,Lzts3,0.395629,0.0220461,0.0164477,0.0574085,886,0.0487805,0.418613
2503,Psmd4,0.362784,0.0484283,0.0345513,0.136084,1409,0.0826323,0.153273
73512496,Rbpms2,0.346811,0.0539399,0.0504287,0.0761185,1213,1,0.0968137
71587918,Slc17a8,0.347834,0.0268905,0.021452,0.0612435,1145,0.0450387,0.304735
71020431,Gpc3,0.356897,0.0421068,0.0350296,0.08681,1735,0.103106,0.112457
75146003,Zswim6,0.458613,0.176273,0.175571,0.180709,4977,1,0.167113
32576,Mapk3,0.701543,0.493337,0.480093,0.57699,11483,0.928506,0.192004
73931410,Ier5,0.43625,0.103242,0.0907753,0.181987,4062,0.88655,0.20501
74724787,Adrbk2,0.37926,0.0771454,0.0656253,0.149913,1409,0.792675,0.256894
71247614,Gabbr2,0.415105,0.135898,0.128693,0.181406,2601,1,0.190238
1478,Cpt1a,0.463867,0.0936641,0.0710159,0.236723,2052,0.769396,0.120544
1944,Tsen34,0.448998,0.111946,0.0910145,0.24416,2039,0.470356,0.320806
72340182,Fam189a1,0.434367,0.115964,0.10921,0.158629,1417,0.725275,0.5183
70928304,Col9a3,0.346748,0.0679172,0.0644663,0.0897153,1900,0.584273,0.113789
75749390,Hspa4l,0.336267,0.0521133,0.0439894,0.103428,2383,0.0615385,0.137015
77887858,Psg16,0.371484,0.105323,0.102127,0.125508,1693,0.857886,0.419035
73732153,LOC545854,0.384903,0.103925,0.0949148,0.160837,2155,0.721739,0.0719549
994,Sod1,0.449324,0.0436792,0.0264194,0.152702,892,0.047694,0.283246
75749409,Zfp61,0.353728,0.089328,0.0830114,0.129227,2110,1,0.384625
79591675,Cnr1,0.392026,0.0679331,0.0632336,0.0976177,1409,1,0.210461
75041501,Sulf1,0.390815,0.0646929,0.0587077,0.102499,1302,0.451552,0.0953128
74800883,Uaca,0.455531,0.165235,0.161276,0.190238,2701,1,0.115015
77371867,Rfx1,0.492594,0.200003,0.191154,0.255898,4781,0.497003,0.500043
1337,Cdh3,0.347181,0.0524309,0.0390956,0.136665,1703,0.211187,0.0511945
71247671,Ankrd6,0.413134,0.0862784,0.0794606,0.129343,1293,1,0.41372
73520971,Cd9,0.366833,0.0347528,0.0262354,0.0885532,1145,1,0.115129
323593,Sdccag8,0.396608,0.0898045,0.0816683,0.141197,2383,0.996057,0.280271
73635999,Cadm2,0.375118,0.0578313,0.0534643,0.0854155,1146,1,0.21404
75042259,Nkd2,0.506835,0.203942,0.200832,0.223591,4596,1,0.341844
2224,Flt1,0.401617,0.0385171,0.0237333,0.1319,1145,0.118328,0.294466
75041538,Lonrf3,0.309303,0.0263822,0.0216727,0.0561302,1146,0.0454662,0.391094
665,Mcm3ap,0.436947,0.0424403,0.0259227,0.146775,1076,0.109728,0.163917
182,Calm2,0.335997,0.0334662,0.027836,0.0690296,1506,0.0538462,0.130736
73616034,Msi2,0.386566,0.0500643,0.0441366,0.0875073,1262,0.457248,0.467253
74819229,Prdx4,0.449368,0.173621,0.16181,0.248228,3838,0.972497,0.46874
1270,Cytip,0.34742,0.0394225,0.0329323,0.0804184,1741,0.0923077,0.042501
67752306,Serinc1,0.418582,0.117457,0.110995,0.15828,2970,0.635156,0.131335
2071,Tspo,0.472923,0.0828476,0.0643559,0.199651,1145,1,0.373023
73788105,Slit1,0.386886,0.0534634,0.0431431,0.118652,1447,0.467205,0.19912
71924492,LOC545810,0.348983,0.0346257,0.0298782,0.0646136,838,0.93599,0.32769
2713,Usp25,0.40736,0.0617068,0.0469515,0.15491,1890,0.070477,0.36114
75084111,Ppp1r3b,0.351901,0.0428374,0.0344593,0.0957583,1658,0.240214,0.412791
1752,Irx2,0.426992,0.0602138,0.0462339,0.148518,948,0.418461,0.132021
2507,Ptn,0.384928,0.0549882,0.0392795,0.154213,1625,0.0805841,0.116187
73615560,Cacng3,0.349052,0.0413444,0.037403,0.0662406,1403,0.726567,0.31898
71249057,Plagl1,0.434825,0.118045,0.110976,0.162696,3266,1,0.282506
2051,Ciao1,0.406061,0.0572754,0.0415425,0.156653,1479,0.203117,0.169706
73931641,Pde5a,0.355805,0.0459982,0.0409905,0.0776293,1409,0.847826,0.0892136
79912613,Pcp4,0.406368,0.122413,0.119531,0.140616,2646,1,0.2723
74743257,Nrg1,0.410699,0.0753189,0.0665636,0.130622,1145,1,0.30521
923,S100b,0.414007,0.0660271,0.0454796,0.195816,1572,0.0595938,0.182314
73521811,Tshz3,0.350646,0.0570212,0.0534275,0.0797211,1250,1,0.285771
77371825,Ptprz1,0.407278,0.102575,0.0974537,0.134922,1890,1,0.0911728
727,Nr3c1,0.412739,0.0597055,0.0399235,0.18466,1062,0.0800971,0.0872481
74881364,Tmem74,0.39711,0.0770819,0.0731501,0.101917,1409,1,0.184946
74750012,6430709H04Rik,0.388166,0.0617862,0.0469883,0.155259,1409,1,0.460976
71836846,Arhgap12,0.366789,0.0493178,0.0444126,0.0803021,1409,1,0.295046
232,Cdh11,0.354732,0.0544481,0.0402362,0.144218,1518,0.0659398,0.0988799
75749388,H2-T23,0.350395,0.0702362,0.0623873,0.119814,2383,1,0.445259
70928199,Cast,0.373963,0.0324973,0.0260882,0.0729808,1409,0.0537114,0.189803
77414123,Tm2d3,0.388474,0.131212,0.1215,0.192562,1905,1,0.143597
75651128,Adamts18,0.37803,0.103242,0.0898002,0.188146,1409,1,0.724576
73992934,Med26,0.401899,0.0994457,0.0969938,0.114933,1409,1,0.218068
594,Impact,0.601597,0.291634,0.274331,0.40093,3096,0.666272,0.255114
73732146,Ppp1r1b,0.403016,0.180721,0.181974,0.172807,6335,1,0.31601
73636154,Tmtc1,0.371779,0.0323385,0.026125,0.0715863,1409,0.0537114,0.185325
730,Nr3c2,0.438026,0.106418,0.0914008,0.201278,1408,0.456419,0.126251
1092,Vamp2,0.555277,0.28193,0.26447,0.392214,12462,0.0807759,0.164017
71587888,Mturn,0.358611,0.0366905,0.0305037,0.0757699,1658,0.0498643,0.326955
72283796,Fezf1,0.342386,0.0424721,0.0362071,0.0820453,1968,0.0430361,0.0554724
72077454,Coro2b,0.375902,0.068076,0.0636936,0.0957583,1251,0.648938,0.204319
75988632,Nrxn1,0.38184,0.109786,0.10623,0.132249,1890,0.825607,0.374213
67870084,Chchd3,0.422128,0.120713,0.118887,0.132249,2925,0.876072,0.329376
74988458,Itgbl1,0.450849,0.20588,0.204898,0.212086,2397,1,0.0609321
71016585,Rbm19,0.390294,0.033768,0.0268793,0.0772807,1409,0.0742574,0.516628
1416,Sh3bgr,0.441158,0.0851983,0.0666372,0.20244,2110,1,0.309978
72128750,Fbxw7,0.397343,0.0769866,0.0723774,0.106101,1145,1,0.0908547
73732151,Notum,0.412764,0.134596,0.130368,0.161302,3716,1,0.254144
77340468,Hpse,0.398956,0.124255,0.114858,0.183614,2618,0.857321,0.231149
2423,Nfix,0.424432,0.0624375,0.0461236,0.165485,1542,0.0930581,0.123075
67870081,Sgsm3,0.460484,0.156197,0.146153,0.21964,3091,0.989319,0.238008
74425516,Sh3d19,0.369186,0.0320526,0.0257203,0.0720511,882,0.555758,0.293088
72119652,Cacng4,0.440606,0.111453,0.107793,0.134573,1340,1,0.299882
72472776,Mcu,0.353169,0.0276688,0.021176,0.068681,1145,0.0468945,0.21121
74800903,Selk,0.372312,0.077209,0.0699489,0.123068,1707,0.996375,0.27445
72340131,Gabra1,0.370555,0.0372306,0.0305957,0.07914,1145,1,0.136366
31,Dopey2,0.45336,0.0601026,0.0429039,0.168739,1202,0.157856,0.150308
1738,Gpr85,0.457596,0.0688226,0.050723,0.183149,1860,0.0900576,0.279696
75042265,Nrm,0.348305,0.0474118,0.0397211,0.0959907,1665,0.351504,0.154381
124,Atp5j,0.415538,0.0390572,0.0237333,0.135851,1189,0.0630677,0.348074
72008494,Pcsk1,0.36982,0.0275259,0.021176,0.0676351,1145,0.0450387,0.117396
70562055,Gpr155,0.415425,0.0675837,0.0619274,0.103312,882,1,0.326422
1130,Ywhaq,0.45823,0.0560682,0.0387276,0.165601,1145,0.0543993,0.151691
75043150,9830166N24Rik*,0.377829,0.0994933,0.095154,0.126903,2373,0.987988,0.303977
79587728,Ly6e,0.378231,0.0380247,0.0325275,0.0727484,1017,0.572554,0.257958
73994720,Map3k5,0.395786,0.0885338,0.0862678,0.102847,1363,0.998507,0.212082
620,L1cam,0.543596,0.263267,0.246698,0.367926,9894,0.778534,0.63235
75084090,Plxna4,0.381281,0.0991915,0.0962947,0.11749,1890,1,0.290854
74641113,Nav2,0.412588,0.0447434,0.0361151,0.0992446,1658,0.380507,0.212761
77371773,Hbb-b2,0.416197,0.164726,0.159068,0.200465,2616,1,0.17681
74425518,Dynlt3,0.408866,0.0888356,0.0782647,0.155607,2804,0.338283,0.159682
72081482,Scarb2,0.368145,0.0606585,0.0541634,0.101685,1658,0.770423,0.143233
75041430,Cubn,0.407021,0.0842453,0.0782095,0.122371,1890,1,0.185829
75651167,Mfsd6,0.347357,0.0922187,0.0861942,0.130273,1658,0.990625,0.19872
112649047,Lrrc3,0.326482,0.0782573,0.072359,0.115514,1361,1,0.13289
321200,Dlst,0.453015,0.119951,0.105788,0.209413,3105,1,0.193035
227540,Syn1,0.454659,0.112677,0.09876,0.200581,3456,0.671553,0.245611
1663,Slc22a13,0.417572,0.0366747,0.0236781,0.118768,1197,0.0521948,0.0403817
73992946,Snhg11,0.372871,0.0415826,0.035416,0.0805346,1145,1,0.137758
70928306,3632451O06Rik,0.352981,0.0490796,0.044155,0.0801859,1520,0.426977,0.226201
2251,Gas1,0.407416,0.0831176,0.0679619,0.17885,2270,0.141137,0.22497
71249084,Limch1,0.432503,0.109023,0.10439,0.138292,1409,1,0.219619
70743842,Prdx3,0.355611,0.0156928,0.0115171,0.0420686,626,0.0347568,0.199649
75773511,Scg5,0.393414,0.0887085,0.0851087,0.111447,1658,1,0.204493
73817433,Map2k6,0.334622,0.0262869,0.0210656,0.0592679,1145,0.0450387,0.139423
74425572,Sorbs1,0.408872,0.102352,0.0928359,0.162464,1409,1,0.214339
74047843,Tfap2c,0.368364,0.0430598,0.0363543,0.0854155,1145,1,0.08777
74641161,Mm.86217,0.418092,0.072571,0.0661773,0.112958,1409,1,0.143094
2440,Ntf3,0.390294,0.0511285,0.0379733,0.134224,1658,0.0574511,0.06919
1424,Tcf7l1,0.53683,0.141012,0.123137,0.253922,1409,1,0.1979
322963,Cep78,0.401906,0.0899792,0.0777312,0.167345,2350,0.955665,0.308554
72472769,Cotl1,0.325973,0.0243809,0.0172204,0.0696107,884,0.0858086,0.349483
1778,Mx2,0.468555,0.0893439,0.0726166,0.195003,1601,0.993782,0.173129
74988749,Grip1,0.390049,0.0696326,0.0656805,0.0945962,1250,1,0.164372
324211,1700037H04Rik,0.469063,0.179736,0.172444,0.225799,4609,0.771575,0.196501
70927811,Fam84a,0.341733,0.0360552,0.0305037,0.0711214,1658,0.0498643,0.102517
70814342,Galnt10,0.403801,0.117442,0.114269,0.137478,2401,0.67184,0.366069
77413692,Il4ra,0.356213,0.0691402,0.0616698,0.116328,1486,0.981043,0.0560559
1870,Tcea3,0.449324,0.116774,0.102219,0.208716,1890,1,0.148535
74581395,Hpcal1,0.468109,0.175416,0.164698,0.243114,3541,1,0.220434
565,Hlf,0.461921,0.0555441,0.0377893,0.167693,1193,0.167482,0.153453
71836840,Acat1,0.369739,0.0839594,0.0776392,0.123881,1890,1,0.455744
75038463,Amotl1,0.383534,0.0779078,0.0730581,0.108542,1718,0.252332,0.14966
79556674,Uchl1,0.385788,0.037723,0.0328955,0.0682162,906,1,0.18901
71924056,Gpr123,0.396156,0.0735082,0.0684402,0.10552,1145,1,0.276261
1536,Srprb,0.416944,0.0429645,0.0266034,0.14631,984,0.127963,0.218219
77866882,Ptn,0.434976,0.126987,0.122199,0.157234,1178,1,0.123578
74274683,Gckr,0.337189,0.0439175,0.0367958,0.0889018,1409,0.526726,0.0515599
1251,Papola,0.473501,0.0663606,0.0482393,0.180825,1658,0.0815747,0.179694
355892,Dag1,0.511222,0.196096,0.181551,0.287972,3105,0.993704,0.190505
72080065,Gng12,0.42022,0.124796,0.124738,0.12516,5618,0.840841,0.542256
654929,Fam20c,0.379656,0.0416303,0.0349192,0.0840209,1890,0.0483564,0.469045
74357582,Teddm3,0.390074,0.0701727,0.0648526,0.103777,1340,1,0.0508734
80343346,Edc3,0.318649,0.10348,0.101501,0.115979,1658,0.789203,0.0526509
321202,Mvp,0.45405,0.151511,0.137708,0.238698,3105,1,0.363325
75774113,Man2b1,0.35128,0.0670754,0.0615226,0.10215,1658,0.837706,0.175212
80343348,Pxylp1,0.287699,0.089328,0.079571,0.150959,1347,1,0.0928904
67936212,Tspyl4,0.504965,0.201321,0.198881,0.216734,4870,1,0.200385
1814,Pxn,0.449167,0.0547023,0.0366118,0.168972,1416,0.0537114,0.2653
799,Pip4k2c,0.44301,0.0733652,0.0550098,0.189309,1145,0.895861,0.0343825
71015387,Osbpl10,0.388392,0.0451881,0.0365566,0.0997095,1890,0.0654072,0.136615
71670722,Kctd8,0.352353,0.0421862,0.0371638,0.0739105,1145,0.351688,0.434835
73931415,Stam,0.445194,0.141918,0.136034,0.179082,1974,1,0.0932316
72080134,Ndnf,0.389899,0.108039,0.105254,0.125625,2142,0.955114,0.196259
75081205,Gdf1,0.556049,0.278689,0.276465,0.292737,2112,1,0.362296
2329,Irf9,0.430934,0.0530822,0.0383596,0.146078,1672,0.0646768,0.175539
73512203,Etv1,0.391725,0.0679649,0.0627921,0.100639,1658,1,0.235025
112650122,Ebpl,0.463565,0.235995,0.227472,0.289831,2383,0.930182,0.540971
74047714,Ankfn1,0.393137,0.0666465,0.0608787,0.10308,2149,0.801321,0.105756
79591641,Chrm4,0.455149,0.210073,0.210417,0.207902,5255,0.806701,0.233873
74724774,Aifm3,0.360299,0.0362935,0.027836,0.0897153,1409,0.053755,0.395453
79488953,Adcy7,0.366469,0.0724281,0.068845,0.095061,1363,1,0.106231
74047715,Lrp8,0.367931,0.0281135,0.0214888,0.0699593,1145,0.0450387,0.231647
74743270,Pcdhb19,0.397336,0.117759,0.116992,0.122603,3914,1,0.267581
67779877,Ctsb,0.429057,0.0652806,0.0571255,0.116793,1145,1,0.194383
112195365,Crlf3,0.415023,0.160168,0.159473,0.164555,5030,1,0.292698
74425571,Stat2,0.42504,0.0905033,0.0792582,0.161534,1409,1,0.145902
74724531,Gpr173,0.434129,0.167331,0.163889,0.189076,2328,1,0.615487
79591635,Epha4,0.359163,0.0529869,0.0494536,0.0753051,1185,0.870683,0.307876
1229,Mgp,0.489857,0.0566718,0.0357103,0.189076,1658,0.0681082,0.072623
74641320,Ctnnd1,0.359577,0.0413603,0.0340177,0.0877397,1409,0.0537114,0.375023
77868786,Gbx2,0.494226,0.27348,0.270799,0.290413,2770,0.754976,0.0346388
72128776,Raver2,0.381463,0.0485554,0.0434559,0.080767,1409,0.618674,0.0650907
75042245,B830028H17Rik*,0.358887,0.0512873,0.0436766,0.0993608,2374,0.0371834,0.206986
655307,Psg16,0.39905,0.0643593,0.0570703,0.110401,1424,0.771379,0.142399
2010,Ldlrap1,0.419913,0.0377071,0.0236781,0.126322,1126,0.0933613,0.0815906
1754,Kcnab2,0.431624,0.0594832,0.0435846,0.159907,1409,0.0663351,0.304433
70814343,Mob3b,0.312874,0.0359123,0.0305589,0.0697269,1658,0.0510938,0.161871
74881733,Atrx,0.430871,0.101415,0.096773,0.130738,1890,1,0.210165
77340460,B230362M20Rik,0.44333,0.181753,0.175387,0.221964,2521,0.777755,0.064129
2293,Hip1,0.462492,0.101701,0.0849432,0.207554,2670,0.188635,0.175741
75774677,Arhgdia,0.40463,0.109849,0.0959451,0.197676,2039,0.9978,0.17173
53,Mansc1,0.375821,0.0250957,0.0168893,0.076932,882,0.0497738,0.120869
73616035,Syt17,0.38071,0.0305596,0.02469,0.0676351,1335,0.0530852,0.287959
71670738,Pcdh20,0.343936,0.0482695,0.0424256,0.085183,1890,0.3328,0.231171
74819342,Dmrt3,0.463032,0.172112,0.164827,0.218129,3656,1,0.217397
2000,Dlx6os1,0.411471,0.0656618,0.0498583,0.165485,1542,0.0927463,0.124434
74425541,Gtdc1,0.438491,0.142966,0.135685,0.18896,1890,0.776614,0.213038
2687,Tnfrsf12a,0.391487,0.0328309,0.0194282,0.11749,626,0.0488329,0.285209
643,Lix1,0.37675,0.0173287,0.00546418,0.0922719,100,0.0777667,0.101099
113,Arhgap5,0.406839,0.0417732,0.0285536,0.125276,1145,0.0511108,0.282084
70436736,Sema3e,0.379731,0.0219826,0.016227,0.0583382,882,0.0427096,0.186766
356090,Gaa,0.443738,0.072714,0.0574567,0.169088,2898,0.0967925,0.117972
76115733,Ltbp3,0.42017,0.111692,0.0929462,0.230099,2851,0.972906,0.230357
73512188,Pdxk,0.448144,0.15707,0.158811,0.146078,2706,1,0.135907
61002,Limk2,0.6558,0.408059,0.382897,0.566996,12422,0.613464,0.23209
71670713,2900026A02Rik,0.390633,0.0506202,0.0440446,0.0921557,1409,0.962782,0.225597
77340486,Gm6753,0.41068,0.142458,0.132005,0.208483,1890,1,0.0859928
75934919,Zfyve28,0.448113,0.169348,0.16617,0.189425,2383,1,0.229678
71670728,Serpina9,0.361492,0.0449499,0.0410089,0.0698431,1347,1,0.175156
820,Plxnc1,0.372864,0.0368335,0.0270449,0.0986636,1181,0.236399,0.0329003
70927830,Ctu1,0.401523,0.0338792,0.0273025,0.0754213,1145,0.116162,0.506852
1472,Ano1,0.426277,0.0673454,0.0471538,0.194887,1410,0.055771,0.0942736
1282,Slc19a1,0.429334,0.0369447,0.0221879,0.130157,1145,0.0459689,0.452744
77340472,Kpnb1,0.326281,0.0445052,0.0396475,0.0751888,882,1,0.254217
1732,Gng11,0.401146,0.0332756,0.0195386,0.120046,626,0.0488329,0.349745
73519850,Shoc2,0.374634,0.0490319,0.0432167,0.0857641,1182,1,0.179063
1940,Zbtb48,0.447353,0.05583,0.0389852,0.162231,1658,0.0528713,0.614828
1691,Cpe,0.466634,0.0826252,0.0652574,0.19233,1658,0.959707,0.176267
2689,Tnfrsf1a,0.44102,0.0472847,0.0298782,0.157234,966,0.0660742,0.425742
1617,Gpc4,0.419825,0.0462841,0.0324355,0.133759,1346,0.0530852,0.0778135
71836830,Vwa5a,0.384357,0.0611033,0.0570335,0.08681,1021,0.521657,0.302564
2359,Kpna4,0.402276,0.10726,0.0911984,0.208716,3060,0.188635,0.347417
350,Dlx3,0.491998,0.101733,0.0818339,0.227426,2289,0.139977,0.221326
1431,Tsc2,0.43401,0.0486984,0.0274313,0.183033,965,0.121464,0.134659
2539,Rorb,0.351619,0.0776219,0.0652206,0.155956,1572,0.53299,0.130614
112204135,Vdr,0.45953,0.210423,0.199047,0.282278,1890,1,0.212051
73992944,Dcbld2,0.395855,0.0827999,0.0787063,0.108658,1375,1,0.120959
844,Npepps,0.459122,0.109547,0.0941789,0.206624,1419,0.588497,0.057128
70743895,Uap1,0.366588,0.0320685,0.0260698,0.0699593,1409,0.0537114,0.380617
74750020,Msmo1,0.402709,0.0457441,0.0341649,0.118884,1658,0.097048,0.251271
199398,Pitx1,0.55527,0.285376,0.274405,0.354678,2741,1,0.32301
1500,Fzd5,0.440581,0.0637717,0.0500423,0.150494,1966,0.128943,0.101677
72077452,Wls,0.377453,0.0549882,0.0483681,0.0968042,1409,0.433914,0.208035
73636153,Iqsec3,0.405684,0.0340539,0.0262538,0.0833236,1409,0.0537114,0.161819
75934527,Pcdh1,0.388888,0.060865,0.054605,0.100407,1869,1,0.268641
70743899,Camkk2,0.386911,0.0283836,0.0156198,0.109006,406,0.0532428,0.20929
72340108,Lxn,0.359389,0.0711098,0.0665452,0.0999419,1272,1,0.301512
75084131,Rarres1,0.438874,0.142728,0.138536,0.169204,3794,1,0.123131
77280576,Tnnt1,0.432566,0.131133,0.118096,0.213481,1890,1,0.143835
73512501,Stap2,0.338306,0.026001,0.0202561,0.0622894,562,0.229842,0.260813
74749970,Tom1l2,0.367931,0.0417415,0.0367406,0.0733295,1145,0.452628,0.174613
76115732,Ipo5,0.383999,0.0670595,0.0542554,0.147937,1658,0.792115,0.242711
1613,Gcgr,0.418852,0.034308,0.021176,0.117257,1145,0.0450387,0.285621
70813926,Tppp3,0.403167,0.0505726,0.0387644,0.12516,1409,0.0670776,0.286357
73997147,Pam,0.376618,0.0314808,0.0247636,0.0739105,626,0.330275,0.199793
2663,Tmbim6,0.375162,0.0429327,0.0292159,0.129576,1238,0.18717,0.230326
74882938,Slitrk4,0.44038,0.0908687,0.0842624,0.132597,2331,1,0.191691
1460,Ifngr2,0.405037,0.0489048,0.0316628,0.157815,1220,0.0572334,0.09213
72283800,Anxa3,0.35927,0.0285583,0.0220039,0.0699593,1145,0.0841584,0.0491119
74583117,Odc1,0.398228,0.0322273,0.0259778,0.0717025,1409,0.0534292,0.194226
75084472,Neu2,0.341338,0.0412491,0.0349744,0.0808832,1890,0.0483564,0.132012
70562043,Gabra3,0.417979,0.0843724,0.0812636,0.104009,3517,0.92699,0.172554
75084969,Plcb1,0.385486,0.0848806,0.0791846,0.12086,2979,0.589494,0.235017
1667,Vash2,0.374547,0.0443622,0.0310925,0.128181,882,0.0581624,0.224531
71717125,Zbtb16,0.351813,0.0327038,0.0261986,0.0737943,1414,0.0528647,0.215276
71924090,Dab1,0.359119,0.0368335,0.0298414,0.0809994,1620,0.0497775,0.217455
76115726,Casq2,0.416442,0.121635,0.11817,0.143521,1359,1,0.0575882
77280333,Olfml3,0.386961,0.0606903,0.0515141,0.118652,1409,1,0.163407
2421,Ndufs1,0.409538,0.0676313,0.0541267,0.152934,1146,1,0.247561
75077191,Nhlh1,0.338244,0.0303849,0.0251867,0.0632191,1363,0.0537114,0.239711
73929583,Sez6l,0.412287,0.0833082,0.0748243,0.136897,1808,1,0.239014
72129289,Tshz1,0.392893,0.0989056,0.0912536,0.14724,2112,1,0.32602
73929596,St8sia6,0.364278,0.053781,0.0482761,0.0885532,1658,1,0.390622
75888738,Chrne,0.387294,0.147795,0.146907,0.153399,2741,1,0.291088
74881878,Pkd2l1,0.391317,0.11571,0.111326,0.143405,3671,1,0.0902677
2077,Cbr3,0.511034,0.203831,0.191265,0.283207,1870,0.592212,0.272748
1846,Slc39a14,0.431486,0.0515256,0.0350664,0.155491,1661,0.0628845,0.442297
71924481,LOC270764,0.352096,0.0385807,0.0346249,0.0635677,882,0.370233,0.243416
527,Grik1,0.432039,0.0513668,0.0344225,0.158396,1145,0.0690585,0.15403
1179,Crabp1,0.425976,0.0855477,0.0758546,0.146775,1646,1,0.0628486
74273117,Pitrm1,0.407548,0.101383,0.0929094,0.15491,2309,0.987065,0.340296
73592536,Fxyd7,0.407774,0.0594832,0.0536483,0.0963393,1890,0.452953,0.276701
75988537,9430020K01Rik,0.421074,0.13828,0.134783,0.160372,3765,1,0.178277
75080645,D630014O11Rik,0.470024,0.187535,0.180686,0.230796,2708,1,0.218456
77371803,Aspa,0.401529,0.150908,0.150936,0.150726,2725,1,0.117984
74819476,Ap2a2,0.400952,0.124287,0.122732,0.134108,2778,1,0.170674
74818622,Ndufs2,0.43352,0.122048,0.114545,0.169436,2115,0.459414,0.207939
75650864,Dusp6,0.36549,0.0791309,0.0736836,0.113539,1658,0.389387,0.11514
70813924,Kctd9,0.408138,0.0557823,0.0488648,0.099477,1658,0.405743,0.264792
74988757,LOC433311,0.499918,0.257231,0.255087,0.270773,2765,0.793851,1.03199
76115728,Got2,0.390081,0.0547817,0.0479266,0.0980825,1890,0.5288,0.292249
1717,Folr2,0.45137,0.0793056,0.0627185,0.184079,1092,0.504171,0.201158
73636019,Lmod2,0.384884,0.07489,0.0712551,0.0978501,1366,1,0.224603
72008305,Lypd1,0.408577,0.0588955,0.052526,0.0991284,1658,0.593032,0.241617
71250315,Aim1,0.402891,0.0491431,0.041984,0.0943637,1404,0.51959,0.101576
72128777,Acan,0.355485,0.0509697,0.0455532,0.085183,1409,0.977312,0.143753
544902,Tecr,0.427877,0.0912022,0.0724694,0.209529,1679,0.756245,0.128897
1844,Slc38a1,0.424858,0.0543846,0.0389668,0.151772,1319,0.0815534,0.187051
71836805,Tmx2,0.386666,0.0552741,0.0483497,0.0990122,1658,0.349673,0.201563
96,Ap2b1,0.510519,0.1443,0.118059,0.310052,3981,0.237744,0.0602373
71064219,Dact2,0.364065,0.0169793,0.0115539,0.0512493,626,0.0347568,0.249664
72007932,Ufsp1,0.385398,0.033355,0.026033,0.0796049,1409,0.0537114,0.378466
71670681,Pald1,0.395566,0.0861354,0.082717,0.107728,1359,1,0.0935358
2705,Ugp2,0.443085,0.046157,0.0300254,0.148053,1196,0.136076,0.155389
878,Rab1,0.430903,0.0690767,0.0496192,0.191981,1214,0.738393,0.25106
2655,Taf13,0.412933,0.0241586,0.00912536,0.119117,389,0.0532428,0.50331
1001,Sst,0.601885,0.276593,0.254351,0.417083,12130,0.0945122,0.201924
73817426,Zfp804a,0.393344,0.0411538,0.0306141,0.107728,1424,0.117056,0.146303
74047443,Dock10,0.363513,0.0261281,0.0210656,0.0581058,1145,0.0450387,0.136235
276275,Csrp2bp,0.439602,0.169332,0.158369,0.238582,2898,1,0.364651
73992709,Tmem178,0.387451,0.0365158,0.02802,0.0901801,1409,0.111049,0.194633
73817428,Bmp5,0.312749,0.0590384,0.0526916,0.0991284,2269,0.362637,0.180979
79591683,Slit2,0.400198,0.129767,0.12437,0.163858,1985,0.759313,0.251919
655502,Uqcrc2,0.373392,0.0296542,0.0175148,0.106334,626,0.277244,0.381851
73992945,Dgkh,0.348261,0.0287012,0.0221879,0.0698431,1145,0.084919,0.177599
74881927,Ppapdc1a,0.400512,0.10213,0.0968466,0.135503,1658,0.972152,0.0865848
2107,Cldn12,0.445226,0.102225,0.0909041,0.173736,2850,0.790305,0.0636848
74882636,Itga5,0.378017,0.0674089,0.0616882,0.103544,1658,1,0.0926948
71670682,Pclo,0.370134,0.0439334,0.0397211,0.0705404,1272,1,0.472569
2029,Anxa11,0.449638,0.159802,0.149023,0.227891,2522,1,0.136306
72103807,Npy1r,0.370178,0.0380089,0.0307613,0.0837885,1409,0.125789,0.206713
1826,Rtn4rl1,0.420277,0.0544799,0.0389668,0.152469,1157,0.0560989,0.311731
70743887,Fgfr1op2,0.389616,0.0289871,0.0229054,0.0674027,1243,0.0566718,0.407373
445,Fgfr2,0.437989,0.0502708,0.0293631,0.182336,658,0.0902913,0.0672438
74819651,Fam212b,0.344984,0.0368176,0.0311845,0.0723998,1658,0.0498643,0.218697
74272039,Rrm2,0.320563,0.0514621,0.0465283,0.0826264,1645,0.428918,0.0874919
75080646,C530008M17Rik,0.424563,0.138058,0.134857,0.15828,2677,0.931087,0.154996
72472771,Cage1,0.379166,0.0597691,0.0560584,0.0832074,1101,1,0.213713
2285,Hdgf,0.397098,0.0216172,0.0110387,0.088437,547,0.068662,0.219418
74988572,Lysmd2,0.422568,0.110739,0.107425,0.131668,2061,1,0.271718
72080084,Mtch2,0.357663,0.0219031,0.0163741,0.0568274,882,0.0427096,0.331126
79568024,Lhx2,0.313194,0.138932,0.135777,0.158861,1417,1,0.131678
1850,Slc6a6,0.403688,0.0533204,0.0384148,0.147472,1658,0.0511108,0.204254
1922,Slc4a10,0.462856,0.116981,0.101538,0.214526,3670,0.660576,0.24418
356087,Homer3,0.509973,0.168491,0.156125,0.246601,3516,1,0.252659
71016632,Rspo2,0.46332,0.17486,0.174504,0.177106,3151,0.994857,0.143904
1409,Tmem2,0.510588,0.209771,0.178515,0.407205,6787,0.158785,0.0216416
1840,Slc2a3,0.411013,0.0403437,0.0252419,0.135735,882,0.0758691,0.206544
73930842,Jdp2,0.439803,0.161883,0.158756,0.181639,3794,1,0.5149
74882196,Cyp4v3,0.355046,0.031862,0.0281856,0.0550843,906,1,0.267252
74581400,Ptchd4,0.446217,0.176337,0.17524,0.183266,1912,1,0.0597899
2595,Slc26a7,0.548247,0.18458,0.160227,0.338408,5864,0.305074,0.707661
70615598,Gpd2,0.401146,0.0594196,0.0544946,0.0905288,2061,1,0.447609
74641163,Stk33,0.422204,0.07435,0.0698385,0.102847,1409,1,0.049906
72472761,C230009H10Rik,0.300265,0.0609127,0.0566288,0.0879721,1658,1,0.239599
74988562,Taldo1,0.369739,0.0364046,0.0305037,0.0736781,1658,0.0498643,0.472191
79908802,Limk1,0.351568,0.041535,0.0349928,0.0828588,1890,0.0483564,0.137987
75042226,Dpy19l1,0.406418,0.0770819,0.0725062,0.105985,1340,1,0.399504
74819475,Lrtm2,0.392805,0.101749,0.096681,0.133759,1409,1,0.268096
73521825,Timm10,0.390382,0.100764,0.0979873,0.118303,2741,1,0.0388157
77869128,Snd1,0.39802,0.124478,0.120506,0.149564,3156,0.868296,0.271127
73788094,Slc30a3,0.378909,0.0510332,0.0451853,0.0879721,1409,0.996788,0.2711
1796,Wash,0.427156,0.0440128,0.0293631,0.136549,1145,0.0522743,0.32671
70615597,Pgm2l1,0.386252,0.023698,0.0165213,0.0690296,882,0.0427096,0.179069
71924185,Ntng1,0.41405,0.0425039,0.028572,0.130506,1302,0.116282,0.220579
71015807,Tmeff2,0.398748,0.0293524,0.0229606,0.0697269,1230,0.0547914,0.180696
75551476,Glra4,0.466528,0.219158,0.218494,0.223359,2397,1,0.235301
112644736,Kank2,0.447874,0.198907,0.194705,0.22545,4321,0.988969,0.323157
74363351,Pvrl1,0.362872,0.0536063,0.0465835,0.0979663,1658,0.338743,0.710905
72472806,Gnai1,0.336505,0.0614368,0.0539243,0.10889,2110,0.396657,0.330008
75038412,Tnfaip8,0.388499,0.119872,0.112062,0.169204,2716,1,0.0750843
2525,Relb,0.412757,0.0590225,0.0430143,0.160139,1447,0.169713,0.168914
2433,Nr2e3,0.425907,0.044521,0.0275049,0.152005,863,0.159581,0.0636107
654925,Gabarapl1,0.51126,0.185343,0.180318,0.217083,2636,0.752221,0.26233
1898,Fam89b,0.496636,0.14079,0.128951,0.215572,2640,0.674265,0.729432
2485,Plg,0.4346,0.0883273,0.0762409,0.164672,1409,0.474532,0.575638
75042255,Rdh5,0.37589,0.104052,0.101078,0.122836,1691,1,0.273583
75081396,Plcl1,0.39052,0.037993,0.0308717,0.082975,1658,0.0498643,0.175113
71670743,Evi5,0.449908,0.130545,0.127681,0.148635,4645,1,0.154065
80516770,Eomes,0.356941,0.120269,0.117691,0.136549,2596,0.786238,0.25524
1158,Atp5o,0.444378,0.103845,0.0887883,0.198954,1890,0.996326,0.151015
1265,Plxnb3,0.40763,0.0401531,0.0311661,0.0969204,1235,0.159581,0.0292499
73817441,Spata2l,0.419254,0.104449,0.0997719,0.133992,1317,0.975556,0.351622
74581378,Cnnm2,0.279546,0.0322591,0.0271369,0.0646136,1145,0.141091,0.39063
1143,Zbtb20,0.370875,0.0422656,0.0223167,0.168274,626,0.0621939,0.0950557
74819575,D11Wsu47e,0.327046,0.0037167,0.000754314,0.0224288,26,0.0579065,0.415866
2703,Tyr,0.323136,0.0539399,0.0404386,0.139221,1644,0.0552877,0.215768
74047919,Tex261,0.386315,0.0677901,0.0599956,0.117025,2110,0.343813,0.157954
70560288,Npsr1,0.403192,0.0728569,0.065423,0.119814,1658,0.995062,0.210018
75041453,Insig1,0.351211,0.0174558,0.0120322,0.0517141,626,0.0418994,0.182484
74047777,Epb4.1l1,0.407454,0.0808304,0.0758914,0.112028,2574,1,0.214793
2454,Otp,0.341005,0.0575295,0.0430695,0.148867,1409,0.0559231,0.224939
75774665,Zfp932,0.371069,0.0927588,0.089469,0.113539,1520,0.917413,0.209937
276066,Pappa2,0.467306,0.147763,0.131876,0.248112,4576,0.639329,0.27964
2369,Ldb3,0.419731,0.08415,0.0692129,0.178501,1920,0.71971,0.0174464
937,Sema3a,0.535431,0.205483,0.192589,0.286926,1409,1,0.145167
77371845,Gpr146,0.386899,0.0933623,0.0885491,0.123765,1409,1,0.274758
72007746,Rell1,0.37427,0.0692197,0.0631048,0.107844,1890,0.792453,0.206672
211,Ccnl2,0.414333,0.0199654,0.0121242,0.0694945,626,0.046875,0.101381
74581448,Plekhh2,0.378344,0.0270017,0.0210656,0.0644974,1145,0.0450387,0.203074
71924364,Rnf220,0.39551,0.0290189,0.0219119,0.0739105,1145,0.0450387,0.396895
950,Sema5a,0.360393,0.034308,0.024874,0.0938989,968,0.453488,0.0441864
74658083,Mela,0.39433,0.114614,0.113331,0.122719,2808,1,0.48202
73635977,Baz1a,0.403393,0.0924411,0.0879052,0.121092,1340,1,0.2197
75081394,Tmem47,0.349215,0.048476,0.0417817,0.0907612,1890,0.0699241,0.207664
70436738,Rab3b,0.47148,0.130784,0.128712,0.14387,2929,1,0.265496
70301273,Hmbox1,0.388637,0.0338157,0.0265482,0.0797211,1409,0.0561056,0.131419
74750064,Yjefn3,0.475509,0.204609,0.199176,0.238931,1379,1,0.0858969
73992719,Fat3,0.385273,0.035817,0.028296,0.0833236,1409,0.109158,0.294394
70634129,Dusp18,0.38334,0.0669483,0.0566472,0.132016,1386,0.376277,0.506238
77279001,Tac2,0.369927,0.0985086,0.0915296,0.142592,1689,0.902462,0.0989976
1353,Etv6,0.434562,0.0649153,0.042444,0.206856,1130,0.123744,0.0514293
74750013,Galntl6,0.392635,0.0600073,0.0538875,0.0986636,1375,0.550171,0.283345
72472807,Gnal,0.369965,0.116822,0.112742,0.142592,4018,0.737735,0.287529
70231997,Gal,0.377176,0.0609921,0.0486073,0.139221,1154,1,0.271469
74882788,Purg,0.368967,0.0409314,0.0347353,0.0800697,1145,0.753085,0.162315
732,Nr4a2,0.479501,0.0976191,0.0774368,0.225102,2716,1,0.502819
71670701,Trappc1,0.367435,0.0383265,0.0333738,0.0696107,894,0.729476,0.103738
74657980,Slc9a3r2,0.386622,0.076796,0.0697281,0.121441,1863,0.913105,0.268595
1854,Snap25,0.360964,0.0625328,0.0583766,0.0887856,1250,1,0.113097
1750,Ikbkb,0.405822,0.038533,0.0242484,0.128762,883,0.0488329,0.365802
2267,Gnpnat1,0.399301,0.0433616,0.0278728,0.141197,1409,0.0525209,0.0593036
1284,Sox5,0.452481,0.043171,0.0266034,0.147821,1230,0.233307,0.219662
2305,Hs3st1,0.341953,0.0701727,0.0557641,0.161185,1816,0.121848,0.239762
74581441,Palm2,0.379624,0.0491113,0.0431799,0.0865776,1254,0.919889,0.717501
112646029,Lhx9,0.30919,0.0364523,0.0310189,0.0707728,1145,0.287766,0.205287
73992763,F5,0.340553,0.0327038,0.0261802,0.0739105,1409,0.0537114,0.185782
74743293,Ptpn5,0.369739,0.0233803,0.0169629,0.0639163,882,0.0426655,0.288464
2299,Hoxb13,0.412073,0.0341651,0.0263642,0.0834399,1409,0.0531469,0.552914
75043140,Trps1,0.403619,0.0852936,0.0818891,0.106798,1375,1,0.350967
72129243,Mgll,0.358837,0.0258104,0.0201273,0.0617083,1057,0.0449355,0.406489
75080996,Zfp260,0.37594,0.0510809,0.043879,0.0965718,1658,0.386792,0.194236
74273120,Arc,0.383804,0.0575136,0.0505943,0.10122,2110,0.490592,0.191813
73992937,Csf2rb2,0.397324,0.0966502,0.0898002,0.139919,1464,0.741546,0.0596689
70744322,Pamr1,0.406393,0.0427421,0.0361151,0.084602,1407,0.18228,0.0819431
73512351,Scube1,0.383497,0.0630887,0.0588549,0.0898315,1145,0.880137,0.137914
75259443,Fam3c,0.352748,0.0590861,0.0538323,0.0922719,1890,0.419473,0.319394
74988549,Gm2a,0.371728,0.0594673,0.0500791,0.118768,1658,1,0.187319
70560265,Heatr5b,0.432089,0.0775743,0.070372,0.123068,2110,0.973549,0.239542
293472,Stac2,0.478679,0.116981,0.100342,0.22208,1662,1,0.270276
73992915,Pard3,0.434198,0.140838,0.138279,0.157002,6134,0.589213,0.293888
73521814,Prkcg,0.357173,0.0173446,0.0118483,0.0520628,626,0.0347568,0.201636
75084101,Tnfaip3,0.357763,0.0549564,0.0485337,0.0955259,1761,0.316308,0.311448
74047776,Itpr3,0.427714,0.128226,0.125014,0.148518,1340,1,0.397207
71836804,Pck2,0.389014,0.0505726,0.0434743,0.0954096,1890,0.294692,0.34629
357095,Paip2,0.409174,0.0540987,0.0398315,0.144218,1890,1,0.201583
72472779,L3mbtl4,0.377716,0.0721898,0.0676675,0.100755,1284,0.944812,0.130791
73907496,Gpr116,0.369569,0.0481583,0.0429591,0.0809994,1183,1,0.277965
112203487,Rgs19,0.406952,0.195445,0.195607,0.194422,2646,1,0.430494
74819242,Parp8,0.41068,0.0909798,0.0833425,0.139221,1145,0.970696,0.15915
1669,Zfp280c,0.450127,0.084293,0.0679803,0.187333,1542,0.981744,0.22079
73925723,Atp8a2,0.363494,0.0276212,0.0211208,0.068681,1145,0.0450387,0.205046
72128790,Atp10a,0.354192,0.0578631,0.0531884,0.0873911,1268,1,0.172202
51,9130024F11Rik,0.453479,0.0620086,0.0446517,0.171644,1658,0.158159,0.124971
653,Lrp5,0.375425,0.0261122,0.0171836,0.0825102,882,0.0872644,0.08147
73635973,Adamts19,0.39711,0.0597055,0.054329,0.0936665,1056,1,0.454387
74357576,Smoc2,0.345844,0.0384536,0.0314972,0.082394,1699,0.0555943,0.199432
75651230,Pole4,0.325804,0.075843,0.0692313,0.117606,2095,0.883562,0.209925
75147764,Kcnk2,0.337541,0.031862,0.0259227,0.0693783,1409,0.0537114,0.237451
73635976,B4galt5,0.509126,0.244381,0.243938,0.247182,6768,1,0.254538
71920516,Kirrel3,0.368753,0.0519862,0.0379733,0.1405,1145,0.0543993,0.299913
74882718,Psmd13,0.337704,0.0311949,0.0260146,0.0639163,1409,0.0530852,0.333327
823,Pmaip1,0.475873,0.166076,0.153751,0.243928,1361,1,0.244045
73521824,Strn,0.358975,0.0461253,0.040641,0.080767,1309,0.997634,0.215007
1255,Pcnt,0.406406,0.0380406,0.0297126,0.090645,1287,0.154875,0.0538771
74988362,Ndufaf2,0.365458,0.0594673,0.0545682,0.0904126,1299,1,0.33162
70301084,Rapgef5,0.408094,0.03677,0.0301542,0.078559,1633,0.0518671,0.141994
75988633,Tagln3,0.382166,0.0813228,0.0753762,0.118884,1890,1,0.179147
73512200,Sparc,0.352661,0.0749853,0.0627921,0.152005,1156,0.952607,0.207963
72080025,Pcsk2,0.396031,0.0792738,0.0641719,0.174666,1113,1,0.486165
74047842,Vps39,0.372908,0.0497784,0.0434007,0.0900639,1145,1,0.235762
79490066,Cdh13,0.370222,0.0703474,0.0623689,0.120744,1379,1,0.157958
74882555,Enpp6,0.372268,0.0202513,0.0129705,0.0662406,626,0.0590576,0.0942848
77371805,Rmnd1,0.354468,0.0780031,0.0747691,0.0984311,1340,1,0.147669
72008122,Gas6,0.371797,0.0230626,0.0165213,0.0643812,885,0.0426655,0.206577
1486,Dok4,0.462643,0.131101,0.118667,0.209646,1145,0.444193,0.461854
79556662,Calb2,0.342072,0.0312743,0.0269161,0.058803,1022,0.936755,0.248376
75233089,Sypl,0.414276,0.140155,0.135225,0.171296,3235,0.999611,0.22461
73929582,Rragd,0.391072,0.0572595,0.0517901,0.0918071,1409,1,0.539432
74882656,Manea,0.376844,0.0686955,0.0624609,0.108077,1671,0.71419,0.164229
79556700,Trap1,0.355736,0.0524468,0.049104,0.0735619,1228,0.903606,0.281097
75934915,Capns1,0.380754,0.0672819,0.0614674,0.104009,1631,0.436907,0.156704
73636037,Sstr4,0.361058,0.0391683,0.031718,0.0862289,1658,0.143783,0.182909
73992923,Bsn,0.416749,0.105894,0.0937741,0.182452,2493,0.707744,0.236641
77874604,C1ra,0.436344,0.154831,0.149667,0.187449,1568,1,0.114223
1401,Pknox1,0.536278,0.131657,0.108768,0.276235,1662,1,0.138314
72129254,Efcab3,0.368596,0.0623422,0.0554881,0.105636,1890,0.8472,0.147283
112204995,Grb7,0.497552,0.307565,0.302719,0.338175,3159,1,0.122851
79568026,Cdh8,0.335538,0.0792262,0.0765721,0.0959907,1409,1,0.348554
73930834,Tmem130,0.390614,0.0628028,0.0564264,0.10308,1682,1,0.323565
79591337,Sema3a,0.370498,0.115678,0.112043,0.13864,1658,0.935428,0.227669
357100,Cd47,0.521283,0.189647,0.172977,0.294945,3481,0.601539,0.286073
74047845,Meis3,0.454364,0.172477,0.169721,0.18989,1362,1,0.402181
73992941,Lppr4,0.35954,0.0328944,0.0259962,0.0764672,1409,0.0537114,0.342175
1934,Wbscr17,0.372714,0.0275735,0.0182507,0.0864614,919,0.0934637,0.166594
2259,Gjb5,0.444843,0.0604679,0.0434375,0.168042,1409,0.0543993,0.28821
74425547,Jup,0.377164,0.086199,0.0792398,0.130157,1658,1,0.362004
73732152,P4ha2,0.407837,0.0998745,0.0964602,0.121441,2741,0.987435,0.467338
75081208,Dhrs7,0.37648,0.0367858,0.0305037,0.0764672,1658,0.0498643,0.307732
791,Per1,0.445401,0.0701409,0.0547338,0.167461,1542,0.0927463,0.118492
71920519,Sertad4,0.356853,0.026557,0.0211208,0.0608948,1145,0.0450387,0.320178
74800914,Phyh,0.349246,0.0372941,0.0307797,0.0784428,1658,0.0498643,0.239545
71587898,Tmem35,0.349466,0.0316714,0.0259227,0.0679837,1409,0.0537114,0.230338
71924067,Ano6,0.378695,0.0904557,0.0850167,0.124811,2963,0.6872,0.345229
67870080,Gtf2f1,0.46816,0.185597,0.177779,0.23498,5155,1,0.472025
74882936,Slc2a1,0.399627,0.0607538,0.0561688,0.0897153,1363,0.998507,0.222529
74988767,Gm1335,0.262129,0.000746518,5.51937e-05,0.00511331,3,0.0140187,0.136866
2151,Dmwd,0.387137,0.0129767,0.00167421,0.0843696,34,0.0699476,0.309937
79556738,Pvalb,0.37267,0.0483807,0.0430327,0.0821615,626,0.981685,0.223188
75077193,Bnip3,0.37331,0.0297336,0.0236045,0.0684486,1278,0.0537114,0.15576
74511837,Ndst4,0.36237,0.0319573,0.0259962,0.0696107,1409,0.0537114,0.113491
73520997,Lin7a,0.371553,0.0894074,0.0843176,0.121557,1890,0.992048,0.216322
1538,Suv39h2,0.373643,0.0170746,0.00408434,0.0991284,100,0.0777667,0.0364965
73992917,Scml2,0.353627,0.0175035,0.0115907,0.0548518,626,0.0347568,0.130156
75651234,Napb,0.336436,0.0695691,0.0617434,0.119001,1890,0.993691,0.251762
2547,P3h4,0.399834,0.0753189,0.0594252,0.175712,1660,0.0927463,0.134028
73635770,Dpysl5,0.433263,0.155959,0.154211,0.166996,6065,0.995074,0.254793
77332711,Mpzl1,0.380723,0.0784955,0.0704088,0.129576,1658,0.994505,0.0375606
276073,Map2k4,0.365571,0.0860878,0.0799021,0.12516,1387,0.508603,0.457533
77371865,Rora,0.47517,0.16039,0.150201,0.224753,1544,0.655071,0.222899
1435,Ucn,0.39937,0.0467765,0.0289951,0.159094,1202,0.220783,0.168646
1772,Mmaa,0.452538,0.0853571,0.0694337,0.185938,2270,0.992674,0.411675
106,App,0.430765,0.0649311,0.0473378,0.17606,1330,1,0.1723
1144,Ikzf1,0.41712,0.0629298,0.0421864,0.193957,1186,0.10251,0.0760653
71717081,Kifc3,0.367435,0.0318938,0.0259411,0.0694945,1408,0.0533016,0.269702
2725,Wnt10b,0.385876,0.0818946,0.0730581,0.137711,1981,0.28788,0.164031
2218,Fhl1,0.384049,0.0437904,0.0308901,0.125276,1658,0.0498643,0.186374
70436737,Cap2,0.374421,0.0209819,0.0146999,0.0606624,782,0.0598755,0.225562
74819239,Fn3krp,0.374848,0.127384,0.125639,0.138408,2646,1,0.39888
72081517,Igsf3,0.259562,0.0317191,0.0259962,0.0678675,1409,0.0537114,0.209506
72080165,Appl2,0.352246,0.0651853,0.0584502,0.107728,1890,0.973663,0.193145
74881341,Doc2g,0.424733,0.135072,0.129227,0.171993,2334,1,0.188905
75749739,Crtac1,0.375463,0.0830541,0.0790558,0.108309,2616,1,0.159597
2234,Frs3,0.553011,0.198987,0.176988,0.337943,6403,1,0.248826
74047904,Nedd4l,0.427507,0.123175,0.12161,0.133062,5460,0.668447,0.31924
74819260,Sms,0.373957,0.0293048,0.0228134,0.070308,890,0.469242,0.239889
1383,Mmp15,0.482357,0.0996839,0.0803989,0.221499,1124,0.746009,0.147942
618,Klc2,0.40114,0.0822917,0.0669868,0.178966,1994,0.473051,0.111874
1816,Raf1,0.407171,0.0538128,0.0387276,0.149099,1662,0.0498643,0.175044
72283805,Cdh23,0.343133,0.0276053,0.0212496,0.0677513,882,1,0.069635
75084156,Slc35f3,0.388361,0.0658683,0.0565184,0.124927,1409,1,0.316943
73512202,Kcnj9,0.385712,0.0905033,0.0777128,0.171296,1359,1,0.527321
74512027,Rims3,0.36763,0.0400896,0.0303014,0.101917,1412,0.0947146,0.386114
72472787,Ddr1,0.391775,0.0676472,0.0638591,0.0915747,1297,0.96791,0.399097
2391,Pam16,0.445615,0.070268,0.0544762,0.170017,1542,0.0927463,0.439818
74425549,Ilf3,0.383836,0.0872473,0.0820915,0.119814,1658,1,0.243963
75041516,Lnx2,0.372751,0.0802268,0.074162,0.118536,1663,0.854173,0.205417
74583139,Bend5,0.431254,0.0936324,0.0808772,0.174201,3191,0.701084,0.137132
74047758,C4b,0.366205,0.0377865,0.0308349,0.0816967,1658,0.0498643,0.232726
67936005,Rnf10,0.493862,0.193634,0.191044,0.209994,2565,1,0.29937
72119590,Kl,0.376762,0.0273035,0.0211024,0.066473,1145,0.0450387,0.239161
73930819,Tnr,0.375877,0.0283836,0.0222615,0.067054,1145,0.102601,0.365384
75038431,Drd3,0.387627,0.116473,0.111289,0.149216,2528,1,0.27697
74819249,Cd4,0.385204,0.0902333,0.0844648,0.126671,1658,1,0.0859182
32386,Ppp3r1,0.621637,0.359551,0.336019,0.508193,8637,0.195125,0.16003
75042267,Arid5a,0.379762,0.068759,0.0623873,0.109006,1658,0.922006,0.13259
1954,Smg9,0.509967,0.154323,0.137322,0.261708,1110,0.449613,0.219274
71836803,Cib2,0.374182,0.0368335,0.0305037,0.0768158,1658,0.0498643,0.355967
1543,Tm7sf3,0.445169,0.0552423,0.0408986,0.145845,1145,0.454422,0.0530113
77332706,Hapln1,0.452362,0.169793,0.167991,0.181174,2896,1,0.0486322
119504,Pvr,0.378745,0.0403278,0.0268793,0.125276,1409,0.0525209,0.169826
74641318,Htr3b,0.342323,0.0544481,0.0483865,0.0927368,1409,0.694827,0.182312
261,Chrm4,0.434675,0.0550835,0.0372742,0.167577,1046,0.102435,0.338971
1822,Rgs3,0.436872,0.0594673,0.0433639,0.161185,1409,0.0562085,0.344258
625,Lsamp,0.336078,0.0322591,0.0239909,0.0844858,1288,0.0481026,0.0769037
71587885,Dlk1,0.407353,0.0342445,0.0267506,0.0815805,1449,0.0517357,0.198254
75551473,P2rx2,0.383327,0.0997633,0.0942709,0.134457,1661,0.589044,0.124592
75084100,Pola1,0.422869,0.152448,0.148416,0.17792,2120,1,0.104038
71064082,Scn3b,0.36918,0.0278594,0.0218199,0.0660081,1145,0.053249,0.433084
71670485,Lgi2,0.330172,0.0355787,0.0232734,0.113306,1059,0.103769,0.237697
75147760,Nrn1,0.391499,0.0726346,0.0680355,0.101685,1890,0.379621,0.247629
75080620,Fam120a,0.401083,0.136756,0.132796,0.161766,3665,1,0.259993
2521,Rasd1,0.352322,0.0567036,0.0416529,0.151772,2029,0.115077,0.0623501
74988748,E030007A22Rik,0.407284,0.12659,0.12597,0.130506,2473,1,0.399349
356850,Psmc2,0.380842,0.0614845,0.0472274,0.15154,1658,0.0543993,0.248261
73512190,D930028M14Rik,0.402138,0.101542,0.0989624,0.117838,2522,1,0.067382
1736,Gpc6,0.446249,0.067949,0.0500791,0.180825,1890,0.0893204,0.0902799
198,Cbx5,0.332162,0.036897,0.0305037,0.0772807,1640,0.0472313,0.0751805
74882166,Cops4,0.349215,0.0198224,0.0149759,0.0504358,807,0.0529566,0.114504
70232000,Prph,0.374754,0.0352134,0.0285904,0.0770482,1409,0.104137,0.594416
357097,Ing4,0.410956,0.0496355,0.035232,0.140616,1890,0.0495859,0.299143
74988614,Mgat2,0.487177,0.234518,0.231795,0.251714,2554,1,0.536358
70231305,Ecel1,0.397349,0.109214,0.108805,0.111795,3946,1,0.289075
71924321,Ncald,0.40741,0.0486189,0.0413769,0.0943637,1658,0.385704,0.269228
71924389,Tcn2,0.374132,0.0550835,0.0504103,0.084602,1409,1,0.063602
329,Dcn,0.413034,0.0750171,0.0532803,0.212318,1685,0.163243,0.144946
76115734,Map1a,0.407837,0.147318,0.145399,0.159442,1659,1,0.468699
70814344,Atf3,0.357876,0.103972,0.10152,0.119465,3559,0.737919,0.273321
79591691,Ngfr,0.424262,0.176353,0.175663,0.180709,2523,0.87199,0.0831166
70436746,Nipal3,0.352391,0.0210454,0.016227,0.0514817,882,0.0427096,0.235379
73788454,LOC433228,0.368797,0.0321638,0.0259595,0.0713539,1409,0.0537114,0.102116
73636091,Clstn2,0.361906,0.0783208,0.0751187,0.0985474,1815,1,0.200506
74581449,Slc2a12,0.399577,0.071348,0.0676123,0.0949448,2522,1,0.326687
75988622,Dgkb,0.380497,0.0992868,0.0934614,0.136084,1409,1,0.270325
73512204,Rgs17,0.384645,0.0561794,0.0509438,0.0892504,1658,1,0.255746
77280540,Adcy8,0.3665,0.0621674,0.0561136,0.100407,1560,0.705438,0.193484
1585,Grin1,0.418456,0.0387713,0.0238621,0.132946,1020,0.17405,0.290732
318,D16Ertd472e,0.352874,0.0323862,0.0220959,0.0973852,1029,0.0933373,0.0771037
74657927,Chst14,0.376084,0.0468559,0.0399235,0.090645,1145,1,0.0215289
70743884,Saraf,0.417954,0.0383424,0.0308349,0.0857641,1658,0.0498643,0.206304
2549,Scand1,0.435648,0.0313061,0.0173124,0.119698,882,0.0426655,0.365229
80517057,Hmgcs1,0.34865,0.114233,0.10737,0.157583,2400,0.965405,0.144702
356493,Cops7b,0.497333,0.207246,0.203462,0.231145,4141,1,0.21494
71836842,Plekhb1,0.344338,0.0422656,0.0353056,0.0862289,1890,0.0483564,0.164686
79591721,Tacr1,0.36972,0.0824823,0.0786327,0.106798,1361,1,0.0637291
77413704,Dtna,0.391505,0.0765101,0.0648526,0.150145,1361,1,0.172245
598,Itga3,0.500584,0.149367,0.129724,0.273446,1875,0.476903,0.13835
74658086,Myadm,0.373034,0.07489,0.0725246,0.0898315,1863,1,0.397769
77874606,Thrsp,0.443173,0.173954,0.173639,0.175944,2351,1,0.116609
74425522,Sln,0.393771,0.057323,0.0509806,0.0973852,1409,0.99768,0.117753
75888751,P2rx3,0.368527,0.0926952,0.0851823,0.140151,1409,0.817217,0.512243
600,Itih3,0.475673,0.0991915,0.0925967,0.140848,1662,0.992023,0.057014
2701,Nprl2,0.408872,0.0407408,0.0289767,0.115049,982,0.168433,0.0892097
112649690,Gpr35,0.334986,0.0974603,0.0962027,0.105404,1366,1,0.411586
70813897,Anxa1,0.410021,0.0475389,0.0360047,0.120395,1145,0.884444,0.219588
1329,Atm,0.595069,0.288791,0.279464,0.347705,2754,1,0.134314
77371841,Cnp,0.357989,0.0534157,0.0475586,0.0904126,1145,1,0.128039
73994721,Mapk4,0.367034,0.0188694,0.0124186,0.0596165,648,0.0428819,0.385097
75774678,Susd4,0.440976,0.157547,0.147956,0.218129,2526,0.617801,0.217501
70615583,Ctbp2,0.358711,0.033355,0.0265482,0.076351,1409,0.0537114,0.299578
71015196,Tmed3,0.36586,0.0714433,0.0636384,0.120744,1213,0.887444,0.40217
73636031,Ddn,0.398479,0.0951254,0.0864702,0.149797,1409,0.92163,0.292621
77340528,Scn1a,0.423478,0.130974,0.126191,0.161185,1624,1,0.186852
79488955,Avpr1b,0.413184,0.144237,0.141149,0.163742,1361,1,0.155702
1014,Syt1,0.472252,0.0574183,0.0390956,0.173155,1658,0.0715651,0.229486
5,Nvl,0.477392,0.273718,0.27814,0.245787,8400,0.473668,0.0856665
1675,Clptm1l,0.378676,0.0401055,0.0266586,0.125044,886,0.0743273,0.29773
70562114,Kcnq3,0.363249,0.0373259,0.0307245,0.0790238,1658,0.0494274,0.142186
73512483,Ap3s1,0.35733,0.0452517,0.0401994,0.0771644,1145,0.420919,0.265006
70301278,Clca3a2,0.32335,0.0213155,0.016227,0.0534573,882,0.0427096,0.208043
75042253,Tomm34,0.345091,0.0469194,0.0408618,0.085183,1890,0.514062,0.256324
74958576,Firre,0.315077,0.02832,0.0221143,0.0675189,1145,0.0629318,0.212594
491,Gdi2,0.431976,0.0684255,0.0589837,0.128065,1682,0.0913521,0.112585
71063735,B4galt1,0.329764,0.0390254,0.0333554,0.0748402,1813,0.0478329,0.225751
72080187,Chst8,0.354644,0.0627869,0.0567576,0.100872,1658,0.949147,0.209835
334,Ddc,0.445552,0.0708398,0.051183,0.195003,1662,0.0671078,0.0604655
1245,Nr1d2,0.522131,0.0988103,0.0701144,0.28007,1712,0.11525,0.0805698
1446,Szt2,0.431173,0.0652965,0.0496376,0.164207,1409,1,0.16058
71670490,Ninj1,0.368854,0.0650106,0.0506862,0.155491,909,0.60673,0.148989
75038402,Pnoc,0.417597,0.144507,0.138867,0.180128,2716,1,0.36448
73788441,Map3k15,0.359696,0.0377388,0.0323067,0.0720511,1145,0.410894,0.270756
2083,Cdh4,0.346754,0.0392001,0.0271001,0.11563,1291,0.144277,0.0868911
74750016,Sparcl1,0.400035,0.0668054,0.0625345,0.0937827,1145,0.875786,0.149928
77280582,Ly6g6e,0.408044,0.100081,0.0936638,0.140616,1741,1,0.0499866
72283795,Ptgfr,0.349259,0.0441875,0.0376605,0.0854155,2039,0.0415691,0.0602037
870,Dnajc16,0.325553,0.0354675,0.0277073,0.0844858,1404,0.0524259,0.0710609
743,Ybx1,0.358956,0.0730634,0.0585238,0.164904,1890,0.0944856,0.570535
71358616,Celf6,0.36832,0.0181547,0.0120506,0.0567112,626,0.0387143,0.453828
75041464,Lrrn3,0.388267,0.0331962,0.028572,0.0624056,861,0.450229,0.338454
112196048,Med8,0.364121,0.0921711,0.0804357,0.166299,1145,0.972818,0.255461
71924341,Sgtb,0.395378,0.0423927,0.0300254,0.120511,974,0.983085,0.266453
976,Slc5a3,0.390338,0.032005,0.0181219,0.119698,882,0.0435351,0.185626
74581424,Kcnb2,0.46563,0.156959,0.150752,0.196165,2534,0.797258,0.162013
70927304,Tgfb2,0.395899,0.0287965,0.0220223,0.0715863,1145,0.0825083,0.0892374
74583150,Hist3h2a,0.409073,0.0365158,0.0265298,0.0995933,1409,0.0537114,0.206225
73520964,Baalc,0.348957,0.087279,0.0820915,0.120046,1634,0.651887,0.166028
73788043,Otof,0.369845,0.0544481,0.0484049,0.0926206,1478,0.777895,0.427297
74641321,Cdyl2,0.410159,0.111978,0.109339,0.128646,1391,0.989551,0.583006
74273118,Elovl5,0.382015,0.067123,0.0595724,0.114817,2203,0.377007,0.177068
75146002,Psmd5,0.380114,0.0378341,0.0313132,0.0790238,1658,0.0498643,0.346739
73931406,Lrrc55,0.398868,0.129433,0.113883,0.227658,1863,1,0.13954
74724786,Plch2,0.389171,0.0540828,0.0398131,0.144218,1409,0.895294,0.396087
77371799,Postn,0.410485,0.159802,0.157008,0.177455,4029,1,0.0397071
357,Drd2,0.209614,0.0104354,0.00686242,0.0330041,373,0.0655497,0.0985441
670,Marcksl1,0.479175,0.0796074,0.0620929,0.190238,1106,0.430194,0.137885
1551,Wdr18,0.494671,0.0979526,0.0742356,0.247763,1326,0.45126,0.37428
760,Olfm1,0.457075,0.059642,0.0431247,0.163974,1409,0.05479,0.216409
75773704,Ntpcr,0.312341,0.0517003,0.047761,0.0765834,1409,1,0.378085
70616005,Tuba4a,0.383064,0.0381677,0.0306877,0.0854155,1659,0.0495821,0.195675
74819690,Clta,0.400845,0.0665671,0.0586525,0.11656,945,0.993064,0.26364
71587856,Sema4g,0.390664,0.0524309,0.0438238,0.106798,1409,0.978312,0.204864
67862431,Usmg5,0.49164,0.216633,0.21704,0.214062,2328,1,0.187737
71717602,Wbp5,0.362377,0.0280977,0.0218199,0.0677513,1145,0.0450387,0.306726
1918,Scnn1g,0.443349,0.0495719,0.0329691,0.154445,1124,0.106415,0.363544
2043,Arhgef2,0.4213,0.0507314,0.0346433,0.152353,1409,0.0534292,0.151864
71249741,Ism1,0.401887,0.0356422,0.0282592,0.0822777,1409,0.119796,0.447665
73,Adcy2,0.412086,0.0515097,0.0365934,0.145729,1497,0.145265,0.229555
75043149,Slc38a1,0.380409,0.091504,0.0860102,0.126206,1409,1,0.378909
76115736,Nin,0.388292,0.123112,0.111896,0.193957,1451,0.904762,0.229735
2633,Sssca1,0.418325,0.0388983,0.0229054,0.139919,685,0.255692,0.103365
2261,Gjb6,0.443474,0.0489684,0.0310557,0.162115,1145,0.0713682,0.232699
71670679,Ntrk1,0.37031,0.0609603,0.0564448,0.0894829,1145,1,0.18786
73636152,AF529169,0.37503,0.0527963,0.0453508,0.0998257,1890,0.193894,0.313025
74357547,Id4,0.357889,0.0428215,0.038746,0.0685648,882,0.430092,0.341219
785,Pde9a,0.440801,0.0688385,0.0518085,0.176409,1890,0.0543993,0.144749
75080656,Tmem29,0.407969,0.0810051,0.0696545,0.152702,1890,0.945455,0.180028
70743907,Elmo1,0.389334,0.0411697,0.0353056,0.0782103,1332,0.883128,0.23895
77278967,S100a6,0.408226,0.1433,0.1339,0.202673,1409,1,0.0426642
293664,C1qtnf5,0.436074,0.0984291,0.0834161,0.19326,1409,1,0.525924
356092,Nsf,0.434932,0.0703474,0.0555433,0.163858,2729,0.0966773,0.220542
74882626,Itga11,0.457854,0.192046,0.188358,0.21534,5094,1,0.0590747
75651168,Smdt1,0.352472,0.103035,0.0994591,0.125625,1658,0.55559,0.291109
846,Psap,0.429434,0.0385489,0.0223535,0.140848,708,0.0691009,0.12589
70231304,Sesn1,0.346441,0.0263505,0.0213048,0.058222,1145,0.0443958,0.250506
74882227,Fnip2,0.366726,0.023285,0.0163925,0.0668216,882,0.0426655,0.347276
75651231,Eif1b,0.327969,0.0821646,0.0767561,0.116328,2028,0.925514,0.144026
1365,Itsn1,0.394506,0.0646929,0.0596828,0.0963393,1494,0.452017,0.174784
74988271,Car9,0.49196,0.233914,0.227729,0.272981,4518,1,0.113885
71717619,Qrfpr,0.380051,0.0546546,0.0513486,0.0755375,2132,0.747334,0.0750735
77866852,Tmem176b,0.40972,0.121587,0.113221,0.174433,1658,1,0.109033
74988680,Chrnd,0.378419,0.0654235,0.0587077,0.107844,1498,0.867508,0.525116
74273307,Gss,0.375067,0.0735558,0.0662877,0.119465,1409,1,0.237697
72340125,1810041L15Rik,0.329695,0.0327991,0.0288847,0.0575247,882,0.566255,0.213836
75080152,Gnrh1,0.417565,0.0931876,0.0853295,0.142824,1340,1,0.17772
77869859,Pop4,0.412224,0.17972,0.17524,0.208019,1347,1,0.223318
74724637,Ackr2,0.436244,0.166092,0.167237,0.158861,2740,1,0.435633
77340476,Egln1,0.381764,0.13269,0.132557,0.133527,2684,1,0.154293
74657950,Pfkfb3,0.355893,0.021236,0.016227,0.0528762,882,0.0427096,0.226406
74641266,Nacc2,0.396665,0.0378341,0.0306877,0.082975,1145,0.522369,0.260035
75144645,A730096I18Rik*,0.377528,0.0574342,0.0506127,0.100523,1005,1,0.120398
72008491,Ptprt,0.354305,0.0379612,0.0321228,0.0748402,1746,0.0487005,0.0920387
1303,Trhr,0.409487,0.0556394,0.0468595,0.111098,1258,0.993711,0.081361
77280574,Nos1ap,0.456228,0.159469,0.154634,0.190006,2646,1,0.161063
1148,Crls1,0.42779,0.0502867,0.0362071,0.139221,1145,0.872652,0.129155
72283792,Hrh1,0.364805,0.0321956,0.0261066,0.0706566,1409,0.0530852,0.0561044
73930822,Lepr,0.378325,0.0486189,0.0404938,0.0999419,1897,0.316038,0.0603164
74357569,Ptk2b,0.400117,0.0566083,0.0505759,0.0947124,1890,0.534953,0.51315
70562113,Kcnh8,0.379179,0.0511285,0.0447621,0.0913422,1658,0.67053,0.302798
77413686,Ptpn2,0.397857,0.12694,0.1215,0.161302,1658,1,0.125259
70634300,Cyp27a1,0.366343,0.0286377,0.0227766,0.0656595,1145,0.0776427,0.156021
73732154,St3gal6,0.352529,0.0262234,0.0211944,0.0579895,1145,0.0450387,0.142296
74881160,B630019K06Rik,0.400292,0.0476818,0.0391324,0.101685,997,0.998907,0.21692
479,Gad1,0.464205,0.064137,0.0474114,0.169785,1658,0.0543993,0.153315
2407,Mif,0.391838,0.0416144,0.0287559,0.122836,1145,0.0488329,0.202435
1982,Klhl24,0.399269,0.0831652,0.0752658,0.133062,1097,0.774854,0.0682376
75551462,Gria2,0.358793,0.053241,0.045866,0.0998257,1535,0.996491,0.196076
72081554,Slc32a1,0.388788,0.0356581,0.0279096,0.084602,1507,0.05401,0.170652
71670486,Loxl2,0.356088,0.0482536,0.0343489,0.136084,943,0.749131,0.423335
355884,Vps35,0.421224,0.0782573,0.0675939,0.145613,2716,0.371401,0.178855
1113,Wnt7b,0.453291,0.0710462,0.0525812,0.187682,1890,0.0589909,0.212414
74988760,Acyp1,0.406054,0.102734,0.0920631,0.170134,1145,0.496231,0.0987076
70744518,Sdcbp,0.348888,0.0249051,0.0199617,0.0561302,1085,0.0449355,0.0797501
70813923,Ephx2,0.373128,0.0428692,0.0385804,0.0699593,991,0.574053,0.231327
967,Slc18a2,0.528257,0.25623,0.233065,0.402557,9918,0.156527,0.0568826
74819695,Stmn2,0.392089,0.0573389,0.0515325,0.0940151,1250,1,0.23172
74882206,Fam50a,0.372538,0.023142,0.014056,0.0805346,626,0.0722618,0.260221
74657928,Tspan5,0.370059,0.0379453,0.0328403,0.0701917,1145,1,0.215814
71016630,Setd7,0.392817,0.042218,0.0348824,0.0885532,1890,0.0483564,0.155334
67810540,Mef2d,0.397412,0.0222685,0.0164109,0.0592679,882,0.0427096,0.190499
2135,Cx3cl1,0.404328,0.0470941,0.0336682,0.1319,1409,0.0537114,0.209715
80343394,Dok5,0.435692,0.171,0.164349,0.213016,2781,1,0.121919
1079,Ttc3,0.367894,0.0613574,0.0471906,0.150843,1888,0.0855477,0.204184
1448,Akap2,0.37793,0.0458711,0.0333922,0.124695,1409,0.0537114,0.245819
74819234,Cxcl13,0.367787,0.119983,0.117894,0.133178,1409,1,0.366239
70616016,Alg1,0.393577,0.0297972,0.024414,0.0638001,882,0.874016,0.3421
142,Islr2,0.386503,0.0388666,0.026677,0.115863,1097,0.174188,0.0511966
77869794,Foxa1,0.418074,0.197541,0.190878,0.239628,2397,1,0.300132
71249749,Ptchd1,0.414151,0.0570689,0.0455348,0.129924,1409,0.73459,0.451339
74882832,Sacm1l,0.428524,0.0988898,0.0925599,0.138873,3698,0.734286,0.207036
74047771,Gnb4,0.361793,0.0401849,0.0340729,0.0787914,1572,0.106226,0.0919918
71587845,Thrsp,0.389836,0.0815769,0.0767377,0.112144,1547,0.984057,0.320295
79908799,Foxb1,0.42934,0.145126,0.143044,0.15828,1890,0.995546,0.346319
112649476,Dvl2,0.419567,0.18277,0.177595,0.215456,2416,0.998569,0.427562
79490120,Cldn5,0.384514,0.0789244,0.0768849,0.0918071,1349,1,0.150918
71249740,Mical2,0.397029,0.033911,0.0264194,0.0812318,1409,0.0537114,0.183853
80517009,Sh2b3,0.490108,0.276482,0.275932,0.279954,3190,0.726776,0.180103
71924066,Zeb2,0.353219,0.0364523,0.0305037,0.0740267,1658,0.0498643,0.481476
72472747,Ankrd34c,0.364793,0.0880573,0.0825514,0.122836,1658,0.414966,0.266828
74881890,R3hdm4,0.407203,0.104338,0.100931,0.125857,2564,0.962989,0.173568
74581451,Sh3rf1,0.396878,0.0600708,0.0554513,0.0892504,1146,1,0.377205
73771227,Grm8,0.307784,0.0317667,0.0255915,0.0707728,626,1,0.169739
71587930,Elfn1,0.348876,0.0258899,0.0210656,0.0563626,1145,0.0450387,0.279579
73931622,Svip,0.368735,0.0922982,0.0867645,0.127252,1871,0.747312,0.367383
71924225,Sash1,0.378312,0.0873267,0.0828826,0.115398,1741,1,0.0605523
74511925,Tph2,0.375212,0.0371512,0.0305405,0.0789076,1658,0.0498643,0.0476565
273,Clock,0.425285,0.0700297,0.0547154,0.166764,1542,0.0927463,0.192083
74819686,Smu1,0.35556,0.0466812,0.0408066,0.0837885,882,1,0.373621
10,Pcdh9,0.38184,0.0515574,0.0382493,0.135619,1658,0.0498643,0.206534
71249747,9530091C08Rik,0.400016,0.0384854,0.0310373,0.0855317,1658,0.0498643,0.34961
